task,features,metric,fold,value
ESOL,CLMsup,rmse,0,1.182365
ESOL,CLMsup,rmse,1,1.311482
ESOL,CLMsup,rmse,2,1.113211
ESOL,CLMsup,rmse,3,1.072239
ESOL,CLMsup,rmse,4,0.875418
ESOL,fp+CLMsup,rmse,0,1.06808
ESOL,fp+CLMsup,rmse,1,1.325613
ESOL,fp+CLMsup,rmse,2,1.03783
ESOL,fp+CLMsup,rmse,3,1.056665
ESOL,fp+CLMsup,rmse,4,0.904165
ESOL,desc+CLMsup,rmse,0,0.74117
ESOL,desc+CLMsup,rmse,1,0.916213
ESOL,desc+CLMsup,rmse,2,0.691368
ESOL,desc+CLMsup,rmse,3,0.716765
ESOL,desc+CLMsup,rmse,4,0.740972
ESOL,fp+desc+CLMsup,rmse,0,0.737912
ESOL,fp+desc+CLMsup,rmse,1,0.983885
ESOL,fp+desc+CLMsup,rmse,2,0.690924
ESOL,fp+desc+CLMsup,rmse,3,0.709963
ESOL,fp+desc+CLMsup,rmse,4,0.731154
QM7,CLMsup,rmse,0,196.978363
QM7,CLMsup,rmse,1,207.074875
QM7,CLMsup,rmse,2,199.453278
QM7,CLMsup,rmse,3,197.928864
QM7,CLMsup,rmse,4,197.808182
QM7,fp+CLMsup,rmse,0,196.523285
QM7,fp+CLMsup,rmse,1,205.697632
QM7,fp+CLMsup,rmse,2,197.709259
QM7,fp+CLMsup,rmse,3,194.707596
QM7,fp+CLMsup,rmse,4,197.33168
QM7,desc+CLMsup,rmse,0,190.971298
QM7,desc+CLMsup,rmse,1,199.1138
QM7,desc+CLMsup,rmse,2,190.8797
QM7,desc+CLMsup,rmse,3,185.828339
QM7,desc+CLMsup,rmse,4,189.363998
QM7,fp+desc+CLMsup,rmse,0,189.198776
QM7,fp+desc+CLMsup,rmse,1,197.431885
QM7,fp+desc+CLMsup,rmse,2,191.505585
QM7,fp+desc+CLMsup,rmse,3,185.217499
QM7,fp+desc+CLMsup,rmse,4,191.09935
BBBP,CLMsup,roc_auc,0,0.928377
BBBP,CLMsup,roc_auc,1,0.942875
BBBP,CLMsup,roc_auc,2,0.950162
BBBP,CLMsup,roc_auc,3,0.955154
BBBP,CLMsup,roc_auc,4,0.935671
BBBP,CLMsup,nef1,0,1.0
BBBP,CLMsup,nef1,1,1.0
BBBP,CLMsup,nef1,2,1.0
BBBP,CLMsup,nef1,3,1.0
BBBP,CLMsup,nef1,4,1.0
BBBP,fp+CLMsup,roc_auc,0,0.933182
BBBP,fp+CLMsup,roc_auc,1,0.946187
BBBP,fp+CLMsup,roc_auc,2,0.951299
BBBP,fp+CLMsup,roc_auc,3,0.955216
BBBP,fp+CLMsup,roc_auc,4,0.937999
BBBP,fp+CLMsup,nef1,0,1.0
BBBP,fp+CLMsup,nef1,1,1.0
BBBP,fp+CLMsup,nef1,2,1.0
BBBP,fp+CLMsup,nef1,3,1.0
BBBP,fp+CLMsup,nef1,4,1.0
BBBP,desc+CLMsup,roc_auc,0,0.936851
BBBP,desc+CLMsup,roc_auc,1,0.94541
BBBP,desc+CLMsup,roc_auc,2,0.95539
BBBP,desc+CLMsup,roc_auc,3,0.959907
BBBP,desc+CLMsup,roc_auc,4,0.939073
BBBP,desc+CLMsup,nef1,0,1.0
BBBP,desc+CLMsup,nef1,1,1.0
BBBP,desc+CLMsup,nef1,2,1.0
BBBP,desc+CLMsup,nef1,3,1.0
BBBP,desc+CLMsup,nef1,4,1.0
BBBP,fp+desc+CLMsup,roc_auc,0,0.936201
BBBP,fp+desc+CLMsup,roc_auc,1,0.952361
BBBP,fp+desc+CLMsup,roc_auc,2,0.955422
BBBP,fp+desc+CLMsup,roc_auc,3,0.958858
BBBP,fp+desc+CLMsup,roc_auc,4,0.937768
BBBP,fp+desc+CLMsup,nef1,0,1.0
BBBP,fp+desc+CLMsup,nef1,1,1.0
BBBP,fp+desc+CLMsup,nef1,2,1.0
BBBP,fp+desc+CLMsup,nef1,3,1.0
BBBP,fp+desc+CLMsup,nef1,4,1.0
BACE,CLMsup,roc_auc,0,0.856317
BACE,CLMsup,roc_auc,1,0.851416
BACE,CLMsup,roc_auc,2,0.821951
BACE,CLMsup,roc_auc,3,0.85613
BACE,CLMsup,roc_auc,4,0.865586
BACE,CLMsup,nef1,0,1.0
BACE,CLMsup,nef1,1,1.0
BACE,CLMsup,nef1,2,1.0
BACE,CLMsup,nef1,3,1.0
BACE,CLMsup,nef1,4,0.75
BACE,fp+CLMsup,roc_auc,0,0.868575
BACE,fp+CLMsup,roc_auc,1,0.851079
BACE,fp+CLMsup,roc_auc,2,0.81486
BACE,fp+CLMsup,roc_auc,3,0.881635
BACE,fp+CLMsup,roc_auc,4,0.864043
BACE,fp+CLMsup,nef1,0,1.0
BACE,fp+CLMsup,nef1,1,0.75
BACE,fp+CLMsup,nef1,2,1.0
BACE,fp+CLMsup,nef1,3,0.75
BACE,fp+CLMsup,nef1,4,0.75
BACE,desc+CLMsup,roc_auc,0,0.866386
BACE,desc+CLMsup,roc_auc,1,0.851326
BACE,desc+CLMsup,roc_auc,2,0.823171
BACE,desc+CLMsup,roc_auc,3,0.884719
BACE,desc+CLMsup,roc_auc,4,0.874074
BACE,desc+CLMsup,nef1,0,0.75
BACE,desc+CLMsup,nef1,1,0.75
BACE,desc+CLMsup,nef1,2,1.0
BACE,desc+CLMsup,nef1,3,1.0
BACE,desc+CLMsup,nef1,4,1.0
BACE,fp+desc+CLMsup,roc_auc,0,0.871071
BACE,fp+desc+CLMsup,roc_auc,1,0.864315
BACE,fp+desc+CLMsup,roc_auc,2,0.834327
BACE,fp+desc+CLMsup,roc_auc,3,0.881283
BACE,fp+desc+CLMsup,roc_auc,4,0.879123
BACE,fp+desc+CLMsup,nef1,0,0.5
BACE,fp+desc+CLMsup,nef1,1,0.75
BACE,fp+desc+CLMsup,nef1,2,1.0
BACE,fp+desc+CLMsup,nef1,3,0.75
BACE,fp+desc+CLMsup,nef1,4,1.0
Tox21,CLMsup,roc_auc,0,0.66008
Tox21,CLMsup,roc_auc,1,0.80415
Tox21,CLMsup,roc_auc,2,0.799197
Tox21,CLMsup,roc_auc,3,0.783745
Tox21,CLMsup,roc_auc,4,0.789678
Tox21,CLMsup,nef1,0,0.310989
Tox21,CLMsup,nef1,1,0.71891
Tox21,CLMsup,nef1,2,0.620659
Tox21,CLMsup,nef1,3,0.5462
Tox21,CLMsup,nef1,4,0.589759
Tox21,fp+CLMsup,roc_auc,0,0.682561
Tox21,fp+CLMsup,roc_auc,1,0.814956
Tox21,fp+CLMsup,roc_auc,2,0.807796
Tox21,fp+CLMsup,roc_auc,3,0.798735
Tox21,fp+CLMsup,roc_auc,4,0.803802
Tox21,fp+CLMsup,nef1,0,0.345635
Tox21,fp+CLMsup,nef1,1,0.75612
Tox21,fp+CLMsup,nef1,2,0.708179
Tox21,fp+CLMsup,nef1,3,0.639377
Tox21,fp+CLMsup,nef1,4,0.665995
Tox21,desc+CLMsup,roc_auc,0,0.725839
Tox21,desc+CLMsup,roc_auc,1,0.829641
Tox21,desc+CLMsup,roc_auc,2,0.833919
Tox21,desc+CLMsup,roc_auc,3,0.812067
Tox21,desc+CLMsup,roc_auc,4,0.820371
Tox21,desc+CLMsup,nef1,0,0.357357
Tox21,desc+CLMsup,nef1,1,0.74507
Tox21,desc+CLMsup,nef1,2,0.713832
Tox21,desc+CLMsup,nef1,3,0.707082
Tox21,desc+CLMsup,nef1,4,0.670162
Tox21,fp+desc+CLMsup,roc_auc,0,0.727398
Tox21,fp+desc+CLMsup,roc_auc,1,0.830817
Tox21,fp+desc+CLMsup,roc_auc,2,0.83364
Tox21,fp+desc+CLMsup,roc_auc,3,0.816209
Tox21,fp+desc+CLMsup,roc_auc,4,0.823748
Tox21,fp+desc+CLMsup,nef1,0,0.409982
Tox21,fp+desc+CLMsup,nef1,1,0.771108
Tox21,fp+desc+CLMsup,nef1,2,0.747872
Tox21,fp+desc+CLMsup,nef1,3,0.725458
Tox21,fp+desc+CLMsup,nef1,4,0.74243
HIV,CLMsup,roc_auc,0,0.750983
HIV,CLMsup,roc_auc,1,0.7454
HIV,CLMsup,roc_auc,2,0.821761
HIV,CLMsup,roc_auc,3,0.749225
HIV,CLMsup,roc_auc,4,0.801843
HIV,CLMsup,nef1,0,0.566265
HIV,CLMsup,nef1,1,0.566265
HIV,CLMsup,nef1,2,0.722892
HIV,CLMsup,nef1,3,0.650602
HIV,CLMsup,nef1,4,0.722892
HIV,fp+CLMsup,roc_auc,0,0.769062
HIV,fp+CLMsup,roc_auc,1,0.796745
HIV,fp+CLMsup,roc_auc,2,0.839358
HIV,fp+CLMsup,roc_auc,3,0.770454
HIV,fp+CLMsup,roc_auc,4,0.817705
HIV,fp+CLMsup,nef1,0,0.60241
HIV,fp+CLMsup,nef1,1,0.566265
HIV,fp+CLMsup,nef1,2,0.795181
HIV,fp+CLMsup,nef1,3,0.698795
HIV,fp+CLMsup,nef1,4,0.73494
HIV,desc+CLMsup,roc_auc,0,0.785143
HIV,desc+CLMsup,roc_auc,1,0.758098
HIV,desc+CLMsup,roc_auc,2,0.84603
HIV,desc+CLMsup,roc_auc,3,0.789964
HIV,desc+CLMsup,roc_auc,4,0.800082
HIV,desc+CLMsup,nef1,0,0.710843
HIV,desc+CLMsup,nef1,1,0.542169
HIV,desc+CLMsup,nef1,2,0.783133
HIV,desc+CLMsup,nef1,3,0.674699
HIV,desc+CLMsup,nef1,4,0.746988
HIV,fp+desc+CLMsup,roc_auc,0,0.770912
HIV,fp+desc+CLMsup,roc_auc,1,0.7796
HIV,fp+desc+CLMsup,roc_auc,2,0.860227
HIV,fp+desc+CLMsup,roc_auc,3,0.786316
HIV,fp+desc+CLMsup,roc_auc,4,0.825665
HIV,fp+desc+CLMsup,nef1,0,0.686747
HIV,fp+desc+CLMsup,nef1,1,0.518072
HIV,fp+desc+CLMsup,nef1,2,0.783133
HIV,fp+desc+CLMsup,nef1,3,0.73494
HIV,fp+desc+CLMsup,nef1,4,0.783133
