scheme,family,task,metric,arm,point,is_leader,leader,ci_lo,ci_hi,vl_delta,vl_ci_lo,vl_ci_hi,vl_boot_p,bf_boot_p,bf_ci_lo,be_boot_p,be_ci_lo,vl_boot_q,bf_boot_q,be_boot_q,cobest,beats_frozen,beats_e2e
cv,full,ESOL,rmse,ecfp4,1.4517634391784668,False,chemeleon_e2e,,,-0.7812008641686801,-0.9923205741932107,-0.5050946554514899,0.0,0.606,-0.3700003299768475,0.706,-0.3918596334222559,0.0,0.68175,0.7720481927710843,False,False,False
cv,full,ESOL,rmse,fp_desc,0.7203675150871277,False,chemeleon_e2e,,,0.0025019152392475874,-0.042728523462328735,0.040984053413316165,0.93,0.0,0.5478045019376768,0.0,0.549026480989742,0.93,0.0,0.0,True,True,True
cv,full,ESOL,rmse,chemeleon_e2e,0.7164737502733867,True,chemeleon_e2e,,,,,,,0.0,0.5422259423715876,0.0,0.5588440192722618,,0.0,0.0,True,True,True
cv,full,ESOL,rmse,no_pretrain,1.3758066018422446,False,chemeleon_e2e,,,-0.6435158317229095,-0.7569877904424709,-0.5422259423715876,0.0,,,0.972,-0.08898527717514387,0.0,,0.9829213483146068,False,False,False
cv,full,ESOL,rmse,no_pretrain_e2e,1.3715126940884115,False,chemeleon_e2e,,,-0.6441571921470445,-0.763159716251216,-0.5588439260094007,0.0,0.972,-0.11205296899700155,,,0.0,0.9720000000000001,,False,False,False
cv,full,ESOL,rmse,unsup_only,1.0258397181828818,False,chemeleon_e2e,,,-0.2980465644758252,-0.3728735383818009,-0.19804172575709697,0.0,0.0,0.2531206043427796,0.0,0.2218363373083831,0.0,0.0,0.0,False,True,True
cv,full,ESOL,rmse,sup_only:dense,0.89144735733668,False,chemeleon_e2e,,,-0.1880477293755798,-0.27362426465379686,-0.06692694527044724,0.0,0.0,0.3324591658046239,0.0,0.3150552702394015,0.0,0.0,0.0,False,True,True
cv,full,ESOL,rmse,unsup2sup:dense,0.9512623151143392,False,chemeleon_e2e,,,-0.20899315704782528,-0.25784783022429797,-0.13823965287932516,0.0,0.0,0.3334130173534278,0.0,0.3248446765753277,0.0,0.0,0.0,False,True,True
cv,full,ESOL,rmse,sup_only:sparse_all,1.354983417193095,False,chemeleon_e2e,,,-0.6853208940986526,-0.8023861353454853,-0.5710067045516236,0.0,0.362,-0.13319762992957843,0.516,-0.14978682718258526,0.0,0.45249999999999996,0.5878481012658228,False,False,False
cv,full,ESOL,rmse,unsup2sup:sparse_all,1.2405561685562134,False,chemeleon_e2e,,,-0.46556529143018754,-0.5422594591229347,-0.377062033955154,0.0,0.0,0.09775644048480206,0.0,0.0720119510501961,0.0,0.0,0.0,False,True,True
cv,full,ESOL,rmse,sup_only:dense_plus_sparse,0.9074614604314167,False,chemeleon_e2e,,,-0.21294262944054587,-0.27802054204822246,-0.11940890301235309,0.0,0.0,0.3355189209863738,0.0,0.3120044280293961,0.0,0.0,0.0,False,True,True
cv,full,ESOL,rmse,unsup2sup:dense_plus_sparse,1.2958032528559367,False,chemeleon_e2e,,,-0.5045182982279417,-0.6105987544930839,-0.38073936392008206,0.0,0.076,-0.013258929263195735,0.036,0.017366214789225995,0.0,0.10523076923076922,0.05491525423728813,False,False,False
cv,full,ESOL,rmse,sup_only:minimol_full,1.3237438281377156,False,chemeleon_e2e,,,-0.5968043639037415,-0.7270796929891791,-0.47660759644630696,0.0,0.38,-0.07668205888526342,0.476,-0.06834127139109368,0.0,0.4684931506849315,0.5492307692307692,False,False,False
cv,full,ESOL,rmse,unsup2sup:minimol_full,1.2164508422215778,False,chemeleon_e2e,,,-0.5063894643302709,-0.6195436135410609,-0.4283014066820978,0.0,0.026,0.018997104232755913,0.016,0.026026316494254083,0.0,0.0365625,0.028235294117647056,False,True,True
cv,full,ESOL,rmse,sup_only:mixed,0.8824872851371764,False,chemeleon_e2e,,,-0.20911611902662686,-0.31924205875978473,-0.11574320832464455,0.0,0.0,0.3369931158539322,0.0,0.3225145852443615,0.0,0.0,0.0,False,True,True
cv,full,ESOL,rmse,unsup2sup:mixed,0.9294467608133953,False,chemeleon_e2e,,,-0.2441606456905837,-0.3107746234659819,-0.1569830005611845,0.0,0.0,0.29861331396159174,0.0,0.2898933315458136,0.0,0.0,0.0,False,True,True
cv,full,QM7,rmse,ecfp4,215.9088562011719,False,fp_desc,,,-28.64435912749201,-32.90180243736585,-24.626331664777943,0.0,0.106,-19.216066951852213,0.0,-25.58522693356036,0.0,0.14238805970149251,0.0,False,False,False
cv,full,QM7,rmse,fp_desc,187.24091186523438,True,fp_desc,,,,,,,0.0,11.1009717638063,0.0,5.865744158918155,,0.0,0.0,True,True,True
cv,full,QM7,rmse,chemeleon_e2e,199.47550252278646,False,fp_desc,,,-11.477951601478708,-13.66961826015374,-9.126609589395105,0.0,0.162,-1.01428166585086,0.042,-6.404083271038284,0.0,0.2082857142857143,0.0619672131147541,False,False,False
cv,full,QM7,rmse,no_pretrain,205.60588582356772,False,fp_desc,,,-18.261486362878003,-31.60996110253991,-11.1009717638063,0.0,,,0.0,-22.43687598156278,0.0,,0.0,False,False,False
cv,full,QM7,rmse,no_pretrain_e2e,195.40479199891215,False,fp_desc,,,-8.04114110823275,-10.423569382413874,-5.86574462035119,0.0,0.0,3.7006904883681124,,,0.0,0.0,,False,True,False
cv,full,QM7,rmse,unsup_only,198.87076619466146,False,fp_desc,,,-12.44077092822593,-20.104299686856617,-8.174502732635347,0.0,0.002,1.9365793668078788,0.02,-10.6252832565139,0.0,0.00375,0.03272727272727273,False,True,False
cv,full,QM7,rmse,sup_only:dense,195.05883483886723,False,fp_desc,,,-7.531013919590265,-10.440539502967777,-5.376469342278047,0.0,0.0,3.364523919711878,0.712,-2.438587150145215,0.0,0.0,0.7720481927710843,False,True,False
cv,full,QM7,rmse,unsup2sup:dense,195.7860148111979,False,fp_desc,,,-7.157596101172885,-8.877244639953268,-5.650902937699586,0.0,0.0,4.383918003506926,0.428,-1.151335289468482,0.0,0.0,0.5276712328767122,False,True,False
cv,full,QM7,rmse,sup_only:sparse_all,208.6100870768229,False,fp_desc,,,-23.20135150903843,-26.687074279689583,-20.155139407128676,0.0,0.406,-12.906584762870347,0.0,-18.778262635731156,0.0,0.4937837837837838,0.0,False,False,False
cv,full,QM7,rmse,unsup2sup:sparse_all,209.95950622558595,False,fp_desc,,,-20.31921510254716,-23.933597355312564,-17.562327355973434,0.0,0.518,-8.49904894250324,0.0,-15.159317495085475,0.0,0.613421052631579,0.0,False,False,False
cv,full,QM7,rmse,sup_only:dense_plus_sparse,195.8632598876953,False,fp_desc,,,-8.822377337440287,-10.801439300542654,-6.982012067918091,0.0,0.0,2.5837570299963106,0.468,-3.011663644703596,0.0,0.0,0.5492307692307692,False,True,False
cv,full,QM7,rmse,unsup2sup:dense_plus_sparse,196.9139638264974,False,fp_desc,,,-8.257997205585639,-10.216255621023222,-6.420194811522981,0.0,0.0,3.4537806474646686,0.8,-2.098309380443181,0.0,0.0,0.8275862068965517,False,True,False
cv,full,QM7,rmse,sup_only:minimol_full,205.0469767252604,False,fp_desc,,,-17.07858240893671,-20.302632280347492,-14.428499738895097,0.0,0.836,-5.608557010964409,0.0,-12.23266932710941,0.0,0.8748837209302325,0.0,False,False,False
cv,full,QM7,rmse,unsup2sup:minimol_full,206.3619618733724,False,fp_desc,,,-17.969762360400352,-20.880151178903734,-15.14910752281601,0.0,0.97,-6.689754402479694,0.0,-12.811247494589782,0.0,0.9720000000000001,0.0,False,False,False
cv,full,QM7,rmse,sup_only:mixed,196.79837951660156,False,fp_desc,,,-9.440653511424898,-11.818229164905063,-7.421844061942376,0.0,0.004,2.011310534454991,0.232,-3.772373643903149,0.0,0.006923076923076922,0.30705882352941183,False,True,False
cv,full,QM7,rmse,unsup2sup:mixed,195.9408142089844,False,fp_desc,,,-9.306404232485562,-11.79494283379383,-6.79884771481911,0.0,0.0,2.3489029875840344,0.326,-3.3504000912022875,0.0,0.0,0.4132394366197183,False,True,False
cv,full,BBBP,roc_auc,ecfp4,0.8641669995896211,False,unsup_only,,,-0.08394826294095614,-0.11173542165229049,-0.0608454102601792,0.0,0.0,-0.09978876753896271,0.0,-0.08900235210699632,0.0,0.0,0.0,False,False,False
cv,full,BBBP,roc_auc,fp_desc,0.9032025644099896,False,unsup_only,,,-0.04917764038327721,-0.07229433882398109,-0.02897527289257741,0.0,0.0,-0.06102593727221881,0.012,-0.04944667055637293,0.0,0.0,0.0216,False,False,False
cv,full,BBBP,roc_auc,chemeleon_e2e,0.8969473246644336,False,unsup_only,,,-0.06007775279695948,-0.0859907920712074,-0.03804193380001986,0.0,0.0,-0.07429142518634403,0.0,-0.06327094292377823,0.0,0.0,0.0,False,False,False
cv,full,BBBP,roc_auc,no_pretrain,0.9371377075332709,False,unsup_only,,,-0.012531449065895872,-0.021663969284037268,-0.005379644016146635,0.0,,,0.018,0.002087839356386043,0.0,,0.03115384615384615,False,False,True
cv,full,BBBP,roc_auc,no_pretrain_e2e,0.9321698323531539,False,unsup_only,,,-0.022069214710133345,-0.031840020045975,-0.012856263730409644,0.0,0.018,-0.01708938944820621,,,0.0,0.027931034482758618,,False,False,False
cv,full,BBBP,roc_auc,unsup_only,0.9503418103260689,True,unsup_only,,,,,,,0.0,0.005379644016146634,0.0,0.012856263730409642,,0.0,0.0,True,True,True
cv,full,BBBP,roc_auc,sup_only:dense,0.9429678242119586,False,unsup_only,,,-0.014206948236175854,-0.02416325073456212,-0.0044042013171402055,0.006,0.752,-0.012257938343920052,0.146,-0.0026599474220446143,0.007397260273972603,0.7983529411764706,0.20215384615384613,False,False,False
cv,full,BBBP,roc_auc,unsup2sup:dense,0.9427216018581306,False,unsup_only,,,-0.010351426583159351,-0.01938974407058063,-0.001544423076163459,0.026,0.686,-0.007173489932323698,0.024,0.0014815740321074552,0.030789473684210523,0.7573170731707316,0.038571428571428576,False,False,True
cv,full,BBBP,roc_auc,sup_only:sparse_all,0.9140510984485641,False,unsup_only,,,-0.030726406509287596,-0.04404194676485268,-0.016944864787263064,0.0,0.012,-0.03226816244557736,0.23,-0.023107530213392125,0.0,0.019285714285714288,0.30705882352941183,False,False,False
cv,full,BBBP,roc_auc,unsup2sup:sparse_all,0.9233603503748902,False,unsup_only,,,-0.02847880199132813,-0.04164797520109502,-0.015603065190582271,0.0,0.016,-0.02740679953836983,0.32,-0.017848203663377516,0.0,0.02526315789473684,0.4114285714285714,False,False,False
cv,full,BBBP,roc_auc,sup_only:dense_plus_sparse,0.9412736624720711,False,unsup_only,,,-0.012465205288796133,-0.02165552623622529,-0.0025638723431936046,0.018,0.972,-0.010563532592044345,0.042,0.0005118633766353381,0.021599999999999998,0.9720000000000001,0.0619672131147541,False,False,False
cv,full,BBBP,roc_auc,unsup2sup:dense_plus_sparse,0.9254831374728227,False,unsup_only,,,-0.02313848295059151,-0.033273521261457786,-0.012359596626818141,0.0,0.092,-0.021555323528277513,0.876,-0.011668765726158489,0.0,0.12545454545454546,0.895909090909091,False,False,False
cv,full,BBBP,roc_auc,sup_only:minimol_full,0.9153242170956108,False,unsup_only,,,-0.026456024838070857,-0.038419607512416694,-0.015934913058741975,0.0,0.02,-0.02512716365416202,0.386,-0.01442272497495527,0.0,0.02903225806451613,0.48250000000000004,False,False,False
cv,full,BBBP,roc_auc,unsup2sup:minimol_full,0.923373888356663,False,unsup_only,,,-0.028000374712274567,-0.03941397336982025,-0.01746215182672764,0.0,0.004,-0.02621963213258655,0.236,-0.01627822616328664,0.0,0.006923076923076922,0.3078260869565217,False,False,False
cv,full,BBBP,roc_auc,sup_only:mixed,0.9415677042936776,False,unsup_only,,,-0.012645201006370121,-0.021911281376788598,-0.004339972982934923,0.002,0.93,-0.010047134098436045,0.07,-0.0014331761861250513,0.0025,0.9620689655172414,0.1,False,False,False
cv,full,BBBP,roc_auc,unsup2sup:mixed,0.9431500623916623,False,unsup_only,,,-0.0091483325303785,-0.019062926979146314,0.000881025984000794,0.074,0.566,-0.0066691519354478476,0.02,0.0026738179876957813,0.08222222222222221,0.6553846153846153,0.03272727272727273,True,False,True
cv,full,BACE,roc_auc,ecfp4,0.8711464680904616,False,chemeleon_e2e,,,0.006091527846732836,-0.009457868918276907,0.022119038700569183,0.496,0.0,0.04236149409980004,0.0,0.06729328867905794,0.5251764705882354,0.0,0.0,True,True,True
cv,full,BACE,roc_auc,fp_desc,0.8668198708540402,False,chemeleon_e2e,,,0.0016381984570476016,-0.01575083877538561,0.01798586014401551,0.87,0.0,0.03836830414895171,0.0,0.06069776703704125,0.8938636363636363,0.0,0.0,True,True,True
cv,full,BACE,roc_auc,chemeleon_e2e,0.8725185257482378,True,chemeleon_e2e,,,,,,,0.0,0.03676972962322427,0.0,0.05768576775911354,,0.0,0.0,True,True,True
cv,full,BACE,roc_auc,no_pretrain,0.8107347856511958,False,chemeleon_e2e,,,-0.05955788888067304,-0.08434228812450147,-0.03676972962322427,0.0,,,0.02,0.004441612898086855,0.0,,0.03272727272727273,False,False,True
cv,full,BACE,roc_auc,no_pretrain_e2e,0.7781305698102399,False,chemeleon_e2e,,,-0.08808595744381187,-0.12193753525632063,-0.05768576775911354,0.0,0.02,-0.05355450757396167,,,0.0,0.02903225806451613,,False,False,False
cv,full,BACE,roc_auc,unsup_only,0.8581090508557176,False,chemeleon_e2e,,,0.0020959433241432013,-0.017891716771372062,0.01834222157488217,0.862,0.0,0.04159829278862231,0.0,0.06428984324795704,0.8938636363636363,0.0,0.0,True,True,True
cv,full,BACE,roc_auc,sup_only:dense,0.8489986839873844,False,chemeleon_e2e,,,-0.017301875697620872,-0.03356197074066093,0.00041404032754853714,0.06,0.0,0.01964828615632044,0.0,0.039677888284022335,0.06749999999999999,0.0,0.0,True,True,True
cv,full,BACE,roc_auc,unsup2sup:dense,0.8301774227196402,False,chemeleon_e2e,,,-0.02910729187573291,-0.049363125412053205,-0.010422933539311566,0.002,0.006,0.009454163552404268,0.0,0.03043293593366161,0.0025,0.010188679245283019,0.0,False,True,True
cv,full,BACE,roc_auc,sup_only:sparse_all,0.7783449480737358,False,chemeleon_e2e,,,-0.10050756863532173,-0.1382698588521959,-0.06625142203861552,0.0,0.01,-0.07339896967774505,0.476,-0.04502698322632804,0.0,0.016363636363636365,0.5492307692307692,False,False,False
cv,full,BACE,roc_auc,unsup2sup:sparse_all,0.7299025634038196,False,chemeleon_e2e,,,-0.11243446325893225,-0.1422254236498665,-0.08691110349881913,0.0,0.002,-0.08611652567541893,0.13,-0.054904047346303886,0.0,0.00375,0.18281250000000002,False,False,False
cv,full,BACE,roc_auc,sup_only:dense_plus_sparse,0.8215700082424707,False,chemeleon_e2e,,,-0.04969788838771694,-0.07283914784874397,-0.028598869205856643,0.0,0.468,-0.016521893833299304,0.01,0.007178677353626964,0.0,0.5616000000000001,0.018367346938775512,False,False,True
cv,full,BACE,roc_auc,unsup2sup:dense_plus_sparse,0.7526327989846604,False,chemeleon_e2e,,,-0.09883679987042304,-0.13387761066492218,-0.06506765907917787,0.0,0.004,-0.06972155224859962,0.556,-0.04316743824148221,0.0,0.006923076923076922,0.6255000000000001,False,False,False
cv,full,BACE,roc_auc,sup_only:minimol_full,0.777149867888741,False,chemeleon_e2e,,,-0.0927769620529506,-0.11844611988247555,-0.06876230592419942,0.0,0.02,-0.060834574765088974,0.8,-0.03348042739536696,0.0,0.02903225806451613,0.8275862068965517,False,False,False
cv,full,BACE,roc_auc,unsup2sup:minimol_full,0.7649142899740413,False,chemeleon_e2e,,,-0.09683152524110838,-0.13139043637521905,-0.06618173070482573,0.0,0.024,-0.06848959491832762,0.566,-0.03720586807130163,0.0,0.03428571428571429,0.6288888888888888,False,False,False
cv,full,BACE,roc_auc,sup_only:mixed,0.8275219468747256,False,chemeleon_e2e,,,-0.04361956471984263,-0.06309190194061892,-0.024952153046213933,0.0,0.132,-0.004283320033538448,0.0,0.019958023047797292,0.0,0.17217391304347826,0.0,False,False,True
cv,full,BACE,roc_auc,unsup2sup:mixed,0.8117560355302246,False,chemeleon_e2e,,,-0.05374893046151252,-0.07981391156971475,-0.029998162361575098,0.0,0.69,-0.018976444036581126,0.01,0.01085590663991925,0.0,0.7573170731707316,0.018367346938775512,False,False,True
cv,full,Tox21,roc_auc,ecfp4,0.7731579213980283,False,sup_only:dense_plus_sparse,,,-0.06790531656872778,-0.08501588267700853,-0.045415274552488075,0.0,0.568,-0.013014623478177886,0.476,-0.01502764896868325,0.0,0.6553846153846153,0.5492307692307692,False,False,False
cv,full,Tox21,roc_auc,fp_desc,0.8248571942527227,False,sup_only:dense_plus_sparse,,,-0.0055420521879402385,-0.01410889156901241,0.0037310778209121496,0.246,0.0,0.043653310281259586,0.0,0.04294131961147389,0.26674698795180724,0.0,0.0,True,True,True
cv,full,Tox21,roc_auc,chemeleon_e2e,0.8219731193225925,False,sup_only:dense_plus_sparse,,,-0.012831076327784241,-0.021075595224177714,-0.006050955829815309,0.0,0.0,0.031992109507925526,0.0,0.03061197353362959,0.0,0.0,0.0,False,True,True
cv,full,Tox21,roc_auc,no_pretrain,0.7700975405438232,False,sup_only:dense_plus_sparse,,,-0.06432027422575648,-0.07888629440708733,-0.04627250920727763,0.0,,,0.746,-0.009853496574984185,0.0,,0.7983529411764706,False,False,False
cv,full,Tox21,roc_auc,no_pretrain_e2e,0.7677782979528264,False,sup_only:dense_plus_sparse,,,-0.06246951798290201,-0.07942467455784384,-0.04460500214882843,0.0,0.746,-0.007325864568624471,,,0.0,0.7983529411764706,,False,False,False
cv,full,Tox21,roc_auc,unsup_only,0.796135710910607,False,sup_only:dense_plus_sparse,,,-0.028857674274723966,-0.03821899232306745,-0.01936042204780569,0.0,0.0,0.02200213655389714,0.0,0.02116598085222988,0.0,0.0,0.0,False,True,True
cv,full,Tox21,roc_auc,sup_only:dense,0.7965917173940819,False,sup_only:dense_plus_sparse,,,-0.032376603941848714,-0.044138168116552905,-0.020734580491128043,0.0,0.0,0.019180725252949064,0.0,0.018763627930222303,0.0,0.0,0.0,False,True,True
cv,full,Tox21,roc_auc,unsup2sup:dense,0.79478935338742,False,sup_only:dense_plus_sparse,,,-0.032081498088146976,-0.04398809113884656,-0.02116869428657446,0.0,0.0,0.019480111759344054,0.0,0.018667475963769976,0.0,0.0,0.0,False,True,True
cv,full,Tox21,roc_auc,sup_only:sparse_all,0.7854994034842645,False,sup_only:dense_plus_sparse,,,-0.038615253677405814,-0.046010204394283036,-0.031181527453110997,0.0,0.0,0.008200752265754768,0.002,0.006937035560995861,0.0,0.0,0.004,False,True,True
cv,full,Tox21,roc_auc,unsup2sup:sparse_all,0.7877111983883686,False,sup_only:dense_plus_sparse,,,-0.03649761482641534,-0.04375799060821105,-0.030193439762631603,0.0,0.0,0.008858187926848097,0.0,0.006909949795729056,0.0,0.0,0.0,False,True,True
cv,full,Tox21,roc_auc,sup_only:dense_plus_sparse,0.8294922227235856,True,sup_only:dense_plus_sparse,,,,,,,0.0,0.04627250920727762,0.0,0.044605002148828427,,0.0,0.0,True,True,True
cv,full,Tox21,roc_auc,unsup2sup:dense_plus_sparse,0.7284291917715445,False,sup_only:dense_plus_sparse,,,-0.09558867938720006,-0.1259511822762678,-0.07054891950246087,0.0,0.0,-0.050497250008858074,0.0,-0.050123222596866135,0.0,0.0,0.0,False,False,False
cv,full,Tox21,roc_auc,sup_only:minimol_full,0.7796009669301318,False,sup_only:dense_plus_sparse,,,-0.05106629975471377,-0.05952735822987421,-0.042021555919991,0.0,0.122,-0.0022036162130267046,0.194,-0.004318425526423358,0.0,0.16147058823529412,0.2645454545454546,False,False,False
cv,full,Tox21,roc_auc,unsup2sup:minimol_full,0.771026771344476,False,sup_only:dense_plus_sparse,,,-0.04541881790340607,-0.05395763796337246,-0.036039620040132746,0.0,0.02,0.002180464449564959,0.034,0.0010481593594211748,0.0,0.02903225806451613,0.05275862068965517,False,True,False
cv,full,Tox21,roc_auc,sup_only:mixed,0.8187550982344737,False,sup_only:dense_plus_sparse,,,-0.00919249708285208,-0.015350618348401438,-0.0036129319548446094,0.002,0.0,0.03646593231927981,0.0,0.035445106333643735,0.0025,0.0,0.0,False,True,True
cv,full,Tox21,roc_auc,unsup2sup:mixed,0.795722763087355,False,sup_only:dense_plus_sparse,,,-0.026936873822454355,-0.039482282956724006,-0.01615138824487366,0.0,0.0,0.025597538173398573,0.0,0.02328342006974369,0.0,0.0,0.0,False,True,True
cv,full,HIV,nef1,ecfp4,0.6795180722891566,False,fp_desc,,,-0.036407766990291246,-0.09375396573604061,0.028203339893105472,0.346,0.0,0.20710567388909296,0.0,0.1831608379194035,0.37071428571428566,0.0,0.0,True,True,True
cv,full,HIV,nef1,fp_desc,0.7132530120481928,True,fp_desc,,,,,,,0.0,0.24323012332721072,0.0,0.2260955710955711,,0.0,0.0,True,True,True
cv,full,HIV,nef1,chemeleon_e2e,0.6538152610441768,False,fp_desc,,,0.12864077669902918,0.055262382075471725,0.18829793118707824,0.0,0.0,0.05485137544739191,0.004,0.044215753945135425,0.0,0.0,0.007659574468085106,False,True,True
cv,full,HIV,nef1,no_pretrain,0.546987951807229,False,fp_desc,,,-0.009708737864077666,-0.07354066626650657,0.05546048643337925,0.874,,,0.754,-0.089520603861191,0.8938636363636363,,0.7983529411764706,True,False,False
cv,full,HIV,nef1,no_pretrain_e2e,0.5903614457831327,False,fp_desc,,,0.007281553398058249,-0.06143582664201222,0.07282888646236377,0.91,0.754,-0.05678641755919512,,,0.9202247191011237,0.7983529411764706,,True,False,False
cv,full,HIV,nef1,unsup_only,0.661847389558233,False,fp_desc,,,-0.03398058252427183,-0.07109545206971675,0.012347210734307452,0.206,0.0,0.21682818746055127,0.0,0.20506016565088303,0.22609756097560973,0.0,0.0,True,True,True
cv,full,HIV,nef1,sup_only:dense,0.6473895582329318,False,fp_desc,,,-0.07038834951456308,-0.15013344429776726,0.0,0.052,0.0,0.14985153743448718,0.0,0.13492357920892203,0.05924050632911392,0.0,0.0,True,True,True
cv,full,HIV,nef1,unsup2sup:dense,0.6289156626506024,False,fp_desc,,,-0.09708737864077666,-0.15891816996305153,-0.03109090909090909,0.008,0.0,0.14251357986621754,0.0,0.1292644334671195,0.00972972972972973,0.0,0.0,False,True,True
cv,full,HIV,nef1,sup_only:sparse_all,0.5076305220883534,False,fp_desc,,,-0.2038834951456311,-0.28013847054886215,-0.12615537994813336,0.0,0.01,0.026632774210150832,0.052,0.0,0.0,0.016363636363636365,0.07548387096774194,False,True,False
cv,full,HIV,nef1,unsup2sup:sparse_all,0.4618473895582329,False,fp_desc,,,-0.25970873786407767,-0.3350931790722366,-0.1827327471458558,0.0,0.178,-0.029064591938470326,0.464,-0.05376287503666261,0.0,0.2256338028169014,0.5492307692307692,False,False,False
cv,full,HIV,nef1,sup_only:dense_plus_sparse,0.6642570281124498,False,fp_desc,,,-0.07038834951456308,-0.13404020113199927,-0.009647617480429773,0.03,0.0,0.16189360119047616,0.0,0.14250582991041014,0.03506493506493506,0.0,0.0,False,True,True
cv,full,HIV,nef1,unsup2sup:dense_plus_sparse,0.43534136546184743,False,fp_desc,,,-0.2961165048543689,-0.361336531103604,-0.22040958491990367,0.0,0.592,-0.06219180996720983,0.984,-0.08229501911081857,0.0,0.6744303797468354,0.984,False,False,False
cv,full,HIV,nef1,sup_only:minimol_full,0.5694779116465863,False,fp_desc,,,-0.18446601941747576,-0.24001736972704713,-0.13228055412413525,0.0,0.002,0.05477081138040042,0.004,0.032328704868177335,0.0,0.00375,0.007659574468085106,False,True,True
cv,full,HIV,nef1,unsup2sup:minimol_full,0.5365461847389558,False,fp_desc,,,-0.191747572815534,-0.2639666237079509,-0.1355834918713249,0.0,0.004,0.040769944341372905,0.028,0.014911526094324928,0.0,0.006923076923076922,0.04421052631578947,False,True,True
cv,full,HIV,nef1,sup_only:mixed,0.6626506024096387,False,fp_desc,,,-0.043689320388349495,-0.09068582550950316,-0.002432071386162816,0.04,0.0,0.1922846889952153,0.0,0.1748041066024535,0.046153846153846156,0.0,0.0,False,True,True
cv,full,HIV,nef1,unsup2sup:mixed,0.6297188755020081,False,fp_desc,,,-0.10194174757281549,-0.17812421603411824,-0.05621773974463472,0.0,0.0,0.13521739130434776,0.0,0.09275261199370259,0.0,0.0,0.0,False,True,True
holdout,full,ESOL,rmse,ecfp4,1.6032458543777466,False,fp_desc,1.4017544626471028,1.7902248774397382,,,,,,,,,,,,False,False,False
holdout,full,ESOL,rmse,fp_desc,0.8794967333475748,True,fp_desc,0.7494413728930384,0.9842862056605264,,,,,,,,,,,,True,False,False
holdout,full,ESOL,rmse,chemeleon_e2e,,False,fp_desc,,,,,,,,,,,,,,False,False,False
holdout,full,ESOL,rmse,no_pretrain,1.3303842147191365,False,fp_desc,1.1405221044674472,1.4628732307464465,,,,,,,,,,,,False,False,False
holdout,full,ESOL,rmse,no_pretrain_e2e,1.1570425050675868,False,fp_desc,1.034214525328581,1.2992721063776664,,,,,,,,,,,,False,False,False
holdout,full,ESOL,rmse,unsup_only,1.003203848997752,False,fp_desc,0.8459866408130031,1.1181915429862859,,,,,,,,,,,,False,False,False
holdout,full,ESOL,rmse,sup_only:dense,0.963371753692627,False,fp_desc,0.7998024837981903,1.0480196423889443,,,,,,,,,,,,False,False,False
holdout,full,ESOL,rmse,unsup2sup:dense,1.0942630502912731,False,fp_desc,0.8858230885410812,1.195955719093556,,,,,,,,,,,,False,False,False
holdout,full,ESOL,rmse,sup_only:sparse_all,1.1621601184209187,False,fp_desc,1.0296902781790784,1.3788409326368245,,,,,,,,,,,,False,False,False
holdout,full,ESOL,rmse,unsup2sup:sparse_all,1.2465497387780085,False,fp_desc,1.0912399504075836,1.3627619627099683,,,,,,,,,,,,False,False,False
holdout,full,ESOL,rmse,sup_only:dense_plus_sparse,0.94167117940055,False,fp_desc,0.7387610059152374,1.119677786476277,,,,,,,,,,,,False,False,False
holdout,full,ESOL,rmse,unsup2sup:dense_plus_sparse,1.407030277782016,False,fp_desc,1.2554965556274882,1.5818215713263135,,,,,,,,,,,,False,False,False
holdout,full,ESOL,rmse,sup_only:minimol_full,1.1239091555277507,False,fp_desc,0.96290969387262,1.2632061866201,,,,,,,,,,,,False,False,False
holdout,full,ESOL,rmse,unsup2sup:minimol_full,1.1415416532092626,False,fp_desc,0.9870546676505934,1.2750159976534918,,,,,,,,,,,,False,False,False
holdout,full,ESOL,rmse,sup_only:mixed,0.9285921984248691,False,fp_desc,0.8605627987856114,1.1241941712015469,,,,,,,,,,,,False,False,False
holdout,full,ESOL,rmse,unsup2sup:mixed,1.0299557248751323,False,fp_desc,0.8566809841201014,1.0985360211579032,,,,,,,,,,,,False,False,False
holdout,full,QM7,rmse,ecfp4,195.82018534342447,False,fp_desc,185.1041225050533,205.82436953506968,,,,,,,,,,,,False,False,False
holdout,full,QM7,rmse,fp_desc,194.8511962890625,True,fp_desc,183.14631249714802,204.70562100435433,,,,,,,,,,,,True,False,False
holdout,full,QM7,rmse,chemeleon_e2e,,False,fp_desc,,,,,,,,,,,,,,False,False,False
holdout,full,QM7,rmse,no_pretrain,209.93144395616318,False,fp_desc,192.56238951776882,216.97213023841942,,,,,,,,,,,,False,False,False
holdout,full,QM7,rmse,no_pretrain_e2e,205.08158587997605,False,fp_desc,189.74438805500478,212.74204424275777,,,,,,,,,,,,False,False,False
holdout,full,QM7,rmse,unsup_only,206.0021786159939,False,fp_desc,193.76637012869764,218.14034768893163,,,,,,,,,,,,False,False,False
holdout,full,QM7,rmse,sup_only:dense,202.59972635904947,False,fp_desc,187.55939977708948,209.4614302060067,,,,,,,,,,,,False,False,False
holdout,full,QM7,rmse,unsup2sup:dense,205.91266377766928,False,fp_desc,191.31348800283362,213.8100477435764,,,,,,,,,,,,False,False,False
holdout,full,QM7,rmse,sup_only:sparse_all,202.95972357855905,False,fp_desc,188.0151989614625,209.69670174198706,,,,,,,,,,,,False,False,False
holdout,full,QM7,rmse,unsup2sup:sparse_all,202.80327521430118,False,fp_desc,190.90222935047467,213.52160457853077,,,,,,,,,,,,False,False,False
holdout,full,QM7,rmse,sup_only:dense_plus_sparse,199.7109086778429,False,fp_desc,187.09987263538812,209.78263214762805,,,,,,,,,,,,False,False,False
holdout,full,QM7,rmse,unsup2sup:dense_plus_sparse,206.39796108669705,False,fp_desc,192.63426791613938,214.87921217266754,,,,,,,,,,,,False,False,False
holdout,full,QM7,rmse,sup_only:minimol_full,207.396240234375,False,fp_desc,196.34308782200986,221.37784951723035,,,,,,,,,,,,False,False,False
holdout,full,QM7,rmse,unsup2sup:minimol_full,203.17213270399304,False,fp_desc,193.05224376027988,215.01721108157562,,,,,,,,,,,,False,False,False
holdout,full,QM7,rmse,sup_only:mixed,206.76897176106772,False,fp_desc,197.17621237308433,221.24829373490485,,,,,,,,,,,,False,False,False
holdout,full,QM7,rmse,unsup2sup:mixed,205.58707512749564,False,fp_desc,190.48005153794838,212.6616224241677,,,,,,,,,,,,False,False,False
holdout,full,BBBP,roc_auc,ecfp4,0.6604843112695508,False,unsup_only,0.5859648203551227,0.7290222172939472,,,,,,,,,,,,False,False,False
holdout,full,BBBP,roc_auc,fp_desc,0.7299996788386807,False,unsup_only,0.6632017097946302,0.7978480648946193,,,,,,,,,,,,False,False,False
holdout,full,BBBP,roc_auc,chemeleon_e2e,,False,unsup_only,,,,,,,,,,,,,,False,False,False
holdout,full,BBBP,roc_auc,no_pretrain,0.7241438374495508,False,unsup_only,0.6568761975764628,0.7933590158919567,,,,,,,,,,,,False,False,False
holdout,full,BBBP,roc_auc,no_pretrain_e2e,0.7053612529573606,False,unsup_only,0.6399423812399356,0.7757232640168515,,,,,,,,,,,,False,False,False
holdout,full,BBBP,roc_auc,unsup_only,0.7376112021068182,True,unsup_only,0.6776917428038118,0.8130757429060158,,,,,,,,,,,,True,False,False
holdout,full,BBBP,roc_auc,sup_only:dense,0.6653713160120329,False,unsup_only,0.5936645729375184,0.7439863629533159,,,,,,,,,,,,False,False,False
holdout,full,BBBP,roc_auc,unsup2sup:dense,0.6769652396398711,False,unsup_only,0.6052645090586409,0.7574842199892666,,,,,,,,,,,,False,False,False
holdout,full,BBBP,roc_auc,sup_only:sparse_all,0.6816541949020993,False,unsup_only,0.6429771237924292,0.7821598868763286,,,,,,,,,,,,False,False,False
holdout,full,BBBP,roc_auc,unsup2sup:sparse_all,0.6706918885356115,False,unsup_only,0.553762739241842,0.7033675603490297,,,,,,,,,,,,False,False,False
holdout,full,BBBP,roc_auc,sup_only:dense_plus_sparse,0.7211784479343973,False,unsup_only,0.6497744299723476,0.7844786858439817,,,,,,,,,,,,False,False,False
holdout,full,BBBP,roc_auc,unsup2sup:dense_plus_sparse,0.5930886084080034,False,unsup_only,0.5431395359706056,0.6962210736632152,,,,,,,,,,,,False,False,False
holdout,full,BBBP,roc_auc,sup_only:minimol_full,0.6910535161811779,False,unsup_only,0.6511055104170451,0.7917974194835897,,,,,,,,,,,,False,False,False
holdout,full,BBBP,roc_auc,unsup2sup:minimol_full,0.6977229662459453,False,unsup_only,0.6156035689318434,0.7639256428419735,,,,,,,,,,,,False,False,False
holdout,full,BBBP,roc_auc,sup_only:mixed,0.7115971352410315,False,unsup_only,0.6542797108884597,0.7898706119675377,,,,,,,,,,,,False,False,False
holdout,full,BBBP,roc_auc,unsup2sup:mixed,0.6737750372011861,False,unsup_only,0.6058922897703667,0.7545901104211208,,,,,,,,,,,,False,False,False
holdout,full,BACE,roc_auc,ecfp4,0.8560990338164252,True,ecfp4,0.7960454190618126,0.9182259155735262,,,,,,,,,,,,True,False,False
holdout,full,BACE,roc_auc,fp_desc,0.7687499999999999,False,ecfp4,0.6950996750697955,0.8515467944587629,,,,,,,,,,,,False,False,False
holdout,full,BACE,roc_auc,chemeleon_e2e,,False,ecfp4,,,,,,,,,,,,,,False,False,False
holdout,full,BACE,roc_auc,no_pretrain,0.6869363929146538,False,ecfp4,0.585024968436128,0.7692438023898698,,,,,,,,,,,,False,False,False
holdout,full,BACE,roc_auc,no_pretrain_e2e,0.7218699677938808,False,ecfp4,0.6218798076923077,0.8100684414390756,,,,,,,,,,,,False,False,False
holdout,full,BACE,roc_auc,unsup_only,0.8013285024154588,False,ecfp4,0.7545647664646253,0.8906928246484698,,,,,,,,,,,,False,False,False
holdout,full,BACE,roc_auc,sup_only:dense,0.8058373590982287,False,ecfp4,0.7481204058076666,0.882482719229519,,,,,,,,,,,,False,False,False
holdout,full,BACE,roc_auc,unsup2sup:dense,0.7950483091787439,False,ecfp4,0.725673731072202,0.8705690019683604,,,,,,,,,,,,False,False,False
holdout,full,BACE,roc_auc,sup_only:sparse_all,0.7380233494363929,False,ecfp4,0.6180242699169111,0.7944129869766211,,,,,,,,,,,,False,False,False
holdout,full,BACE,roc_auc,unsup2sup:sparse_all,0.6544484702093398,False,ecfp4,0.5492211449676824,0.7320697463768117,,,,,,,,,,,,False,False,False
holdout,full,BACE,roc_auc,sup_only:dense_plus_sparse,0.7816022544283414,False,ecfp4,0.701382883044933,0.8491744823569578,,,,,,,,,,,,False,False,False
holdout,full,BACE,roc_auc,unsup2sup:dense_plus_sparse,0.7445048309178744,False,ecfp4,0.7365719593858885,0.8734101892436785,,,,,,,,,,,,False,False,False
holdout,full,BACE,roc_auc,sup_only:minimol_full,0.7762681159420289,False,ecfp4,0.7235452722047124,0.8699850601470158,,,,,,,,,,,,False,False,False
holdout,full,BACE,roc_auc,unsup2sup:minimol_full,0.7081924315619967,False,ecfp4,0.5629652477641752,0.7390606226998132,,,,,,,,,,,,False,False,False
holdout,full,BACE,roc_auc,sup_only:mixed,0.7876207729468598,False,ecfp4,0.7033183647853185,0.8545708253189396,,,,,,,,,,,,False,False,False
holdout,full,BACE,roc_auc,unsup2sup:mixed,0.7585950080515298,False,ecfp4,0.65261425346724,0.816569164654491,,,,,,,,,,,,False,False,False
holdout,full,Tox21,roc_auc,ecfp4,0.7105521588384791,False,sup_only:dense_plus_sparse,0.6804698897597171,0.7450784946994341,,,,,,,,,,,,False,False,False
holdout,full,Tox21,roc_auc,fp_desc,0.7641221440043976,False,sup_only:dense_plus_sparse,0.738680240884297,0.8013314580553654,,,,,,,,,,,,False,False,False
holdout,full,Tox21,roc_auc,chemeleon_e2e,,False,sup_only:dense_plus_sparse,,,,,,,,,,,,,,False,False,False
holdout,full,Tox21,roc_auc,no_pretrain,0.6935058320348914,False,sup_only:dense_plus_sparse,0.6630452676230763,0.7368996553685866,,,,,,,,,,,,False,False,False
holdout,full,Tox21,roc_auc,no_pretrain_e2e,0.7331296375738731,False,sup_only:dense_plus_sparse,0.697155150131599,0.75924210038058,,,,,,,,,,,,False,False,False
holdout,full,Tox21,roc_auc,unsup_only,0.7253285484699434,False,sup_only:dense_plus_sparse,0.7041875082473655,0.7722676706510762,,,,,,,,,,,,False,False,False
holdout,full,Tox21,roc_auc,sup_only:dense,0.7231343426368458,False,sup_only:dense_plus_sparse,0.6927365606210515,0.76120640266111,,,,,,,,,,,,False,False,False
holdout,full,Tox21,roc_auc,unsup2sup:dense,0.723250243803507,False,sup_only:dense_plus_sparse,0.6866230207538357,0.757221580506243,,,,,,,,,,,,False,False,False
holdout,full,Tox21,roc_auc,sup_only:sparse_all,0.7210523200833593,False,sup_only:dense_plus_sparse,0.6832350147888516,0.7527145361419967,,,,,,,,,,,,False,False,False
holdout,full,Tox21,roc_auc,unsup2sup:sparse_all,0.7165818141078132,False,sup_only:dense_plus_sparse,0.6823353226961562,0.7503007587864103,,,,,,,,,,,,False,False,False
holdout,full,Tox21,roc_auc,sup_only:dense_plus_sparse,0.7745026322452406,True,sup_only:dense_plus_sparse,0.7513410644966362,0.8103625752836878,,,,,,,,,,,,True,False,False
holdout,full,Tox21,roc_auc,unsup2sup:dense_plus_sparse,0.6866636974618072,False,sup_only:dense_plus_sparse,0.6582431675935696,0.726749996365506,,,,,,,,,,,,False,False,False
holdout,full,Tox21,roc_auc,sup_only:minimol_full,0.7253197499121434,False,sup_only:dense_plus_sparse,0.6970395550594574,0.7591478260229326,,,,,,,,,,,,False,False,False
holdout,full,Tox21,roc_auc,unsup2sup:minimol_full,0.7103073188450421,False,sup_only:dense_plus_sparse,0.7003105124612229,0.7661760259324029,,,,,,,,,,,,False,False,False
holdout,full,Tox21,roc_auc,sup_only:mixed,0.7647173588665513,False,sup_only:dense_plus_sparse,0.7282287339985168,0.7879511845280506,,,,,,,,,,,,False,False,False
holdout,full,Tox21,roc_auc,unsup2sup:mixed,0.732764459187679,False,sup_only:dense_plus_sparse,0.6985609717021574,0.767261255741792,,,,,,,,,,,,False,False,False
holdout,full,HIV,nef1,ecfp4,0.6904761904761904,True,ecfp4,0.5238095238095238,0.8095238095238095,,,,,,,,,,,,True,False,False
holdout,full,HIV,nef1,fp_desc,0.6190476190476191,False,ecfp4,0.4523809523809524,0.7857142857142857,,,,,,,,,,,,False,False,False
holdout,full,HIV,nef1,chemeleon_e2e,,False,ecfp4,,,,,,,,,,,,,,False,False,False
holdout,full,HIV,nef1,no_pretrain,0.48412698412698413,False,ecfp4,0.28511904761904766,0.5952380952380952,,,,,,,,,,,,False,False,False
holdout,full,HIV,nef1,no_pretrain_e2e,0.5899470899470901,False,ecfp4,0.40476190476190477,0.8095238095238095,,,,,,,,,,,,False,False,False
holdout,full,HIV,nef1,unsup_only,0.5687830687830688,False,ecfp4,0.35714285714285715,0.6666666666666666,,,,,,,,,,,,False,False,False
holdout,full,HIV,nef1,sup_only:dense,0.626984126984127,False,ecfp4,0.4523809523809524,0.8095238095238095,,,,,,,,,,,,False,False,False
holdout,full,HIV,nef1,unsup2sup:dense,0.5952380952380952,False,ecfp4,0.40476190476190477,0.7624999999999994,,,,,,,,,,,,False,False,False
holdout,full,HIV,nef1,sup_only:sparse_all,0.3888888888888889,False,ecfp4,0.3333333333333333,0.6434523809523804,,,,,,,,,,,,False,False,False
holdout,full,HIV,nef1,unsup2sup:sparse_all,0.3941798941798942,False,ecfp4,0.2857142857142857,0.6190476190476191,,,,,,,,,,,,False,False,False
holdout,full,HIV,nef1,sup_only:dense_plus_sparse,0.5555555555555556,False,ecfp4,0.40476190476190477,0.7380952380952381,,,,,,,,,,,,False,False,False
holdout,full,HIV,nef1,unsup2sup:dense_plus_sparse,0.12698412698412698,False,ecfp4,0.047619047619047616,0.2619047619047619,,,,,,,,,,,,False,False,False
holdout,full,HIV,nef1,sup_only:minimol_full,0.5370370370370371,False,ecfp4,0.3333333333333333,0.6904761904761905,,,,,,,,,,,,False,False,False
holdout,full,HIV,nef1,unsup2sup:minimol_full,0.6190476190476191,False,ecfp4,0.42857142857142855,0.7619047619047619,,,,,,,,,,,,False,False,False
holdout,full,HIV,nef1,sup_only:mixed,0.5820105820105821,False,ecfp4,0.42857142857142855,0.7857142857142857,,,,,,,,,,,,False,False,False
holdout,full,HIV,nef1,unsup2sup:mixed,0.4232804232804233,False,ecfp4,0.30952380952380953,0.6428571428571429,,,,,,,,,,,,False,False,False
cv,climb,ESOL,rmse,no_pretrain,1.3758066018422446,False,sup_only:mixed,,,-0.43439971269628264,-0.5604623893238152,-0.33699311585393227,0.0,,,,,0.0,,,False,False,False
cv,climb,ESOL,rmse,no_pretrain_e2e,1.3715126940884115,False,sup_only:mixed,,,-0.43504126625982953,-0.5801200796549265,-0.3225145817583584,0.0,,,,,0.0,,,False,False,False
cv,climb,ESOL,rmse,unsup_only,1.0258397181828818,False,sup_only:mixed,,,-0.08893044544919837,-0.18077226528920756,0.056112147813735885,0.214,,,,,0.2703157894736842,,,True,False,False
cv,climb,ESOL,rmse,sup_only:dense,0.89144735733668,False,sup_only:mixed,,,0.02106838965104707,-0.0862914548553384,0.20010847224643477,0.776,,,,,0.8201739130434782,,,True,False,False
cv,climb,ESOL,rmse,unsup2sup:dense,0.9512623151143392,False,sup_only:mixed,,,0.00012296197880157234,-0.09012046584490498,0.14078443297559606,0.944,,,,,0.9572957746478872,,,True,False,False
cv,climb,ESOL,rmse,sup_only:sparse_all,1.354983417193095,False,sup_only:mixed,,,-0.47620477507202574,-0.5912745542818555,-0.3896662148248787,0.0,,,,,0.0,,,False,False,False
cv,climb,ESOL,rmse,unsup2sup:sparse_all,1.2405561685562134,False,sup_only:mixed,,,-0.2564491724035607,-0.33915298666685845,-0.17612345889298409,0.0,,,,,0.0,,,False,False,False
cv,climb,ESOL,rmse,sup_only:dense_plus_sparse,0.9074614604314167,False,sup_only:mixed,,,-0.0038265104139190154,-0.07728733903885282,0.12017481005359754,0.912,,,,,0.9380571428571429,,,True,False,False
cv,climb,ESOL,rmse,unsup2sup:dense_plus_sparse,1.2958032528559367,False,sup_only:mixed,,,-0.29540217920131484,-0.45302547609808674,-0.12106073388113973,0.004,,,,,0.006000000000000001,,,False,False,False
cv,climb,ESOL,rmse,sup_only:minimol_full,1.3237438281377156,False,sup_only:mixed,,,-0.3876882448771146,-0.5246887250287009,-0.29292375522182434,0.0,,,,,0.0,,,False,False,False
cv,climb,ESOL,rmse,unsup2sup:minimol_full,1.2164508422215778,False,sup_only:mixed,,,-0.297273345303644,-0.4415059577506681,-0.1945970463780267,0.0,,,,,0.0,,,False,False,False
cv,climb,ESOL,rmse,sup_only:mixed,0.8824872851371764,True,sup_only:mixed,,,,,,,,,,,,,,True,False,False
cv,climb,ESOL,rmse,unsup2sup:mixed,0.9294467608133953,False,sup_only:mixed,,,-0.035044526663956854,-0.1355565134132385,0.09664891018581197,0.524,,,,,0.5804307692307693,,,True,False,False
cv,climb,QM7,rmse,no_pretrain,205.60588582356772,False,sup_only:dense,,,-10.730472443287738,-23.541826336505714,-3.3645239197118797,0.0,,,,,0.0,,,False,False,False
cv,climb,QM7,rmse,no_pretrain_e2e,195.40479199891215,False,sup_only:dense,,,-0.5101272251327487,-3.1851444605363275,2.4385864832116497,0.712,,,,,0.7651343283582089,,,True,False,False
cv,climb,QM7,rmse,unsup_only,198.87076619466146,False,sup_only:dense,,,-4.909757008635665,-11.835973290011815,-0.2862410299760771,0.044,,,,,0.06092307692307692,,,True,False,False
cv,climb,QM7,rmse,sup_only:dense,195.05883483886723,True,sup_only:dense,,,,,,,,,,,,,,True,False,False
cv,climb,QM7,rmse,unsup2sup:dense,195.7860148111979,False,sup_only:dense,,,0.37341781841738,-1.4886454071853243,2.5328870617693275,0.786,,,,,0.8201739130434782,,,True,False,False
cv,climb,QM7,rmse,sup_only:sparse_all,208.6100870768229,False,sup_only:dense,,,-15.670337589448167,-19.734162527983745,-12.193263291861928,0.0,,,,,0.0,,,False,False,False
cv,climb,QM7,rmse,unsup2sup:sparse_all,209.95950622558595,False,sup_only:dense,,,-12.788201182956897,-16.178734433043235,-9.936839920670952,0.0,,,,,0.0,,,False,False,False
cv,climb,QM7,rmse,sup_only:dense_plus_sparse,195.8632598876953,False,sup_only:dense,,,-1.2913634178500217,-3.2105232392870073,1.1127247010004413,0.25,,,,,0.3050847457627119,,,True,False,False
cv,climb,QM7,rmse,unsup2sup:dense_plus_sparse,196.9139638264974,False,sup_only:dense,,,-0.7269832859953738,-3.0186746037416943,2.073319435465061,0.56,,,,,0.6109090909090911,,,True,False,False
cv,climb,QM7,rmse,sup_only:minimol_full,205.0469767252604,False,sup_only:dense,,,-9.547568489346446,-13.111654336964428,-6.271728718747709,0.0,,,,,0.0,,,False,False,False
cv,climb,QM7,rmse,unsup2sup:minimol_full,206.3619618733724,False,sup_only:dense,,,-10.438748440810087,-13.527103060677767,-7.709079273390738,0.0,,,,,0.0,,,False,False,False
cv,climb,QM7,rmse,sup_only:mixed,196.79837951660156,False,sup_only:dense,,,-1.9096395918346332,-4.393057455729726,1.3472205091086167,0.168,,,,,0.216,,,True,False,False
cv,climb,QM7,rmse,unsup2sup:mixed,195.9408142089844,False,sup_only:dense,,,-1.775390312895297,-4.59055274967489,1.5387368960861694,0.278,,,,,0.32813114754098366,,,True,False,False
cv,climb,BBBP,roc_auc,no_pretrain,0.9371377075332709,False,unsup_only,,,-0.012531449065895872,-0.021663969284037268,-0.005379644016146635,0.0,,,,,0.0,,,False,False,False
cv,climb,BBBP,roc_auc,no_pretrain_e2e,0.9321698323531539,False,unsup_only,,,-0.022069214710133345,-0.031840020045975,-0.012856263730409644,0.0,,,,,0.0,,,False,False,False
cv,climb,BBBP,roc_auc,unsup_only,0.9503418103260689,True,unsup_only,,,,,,,,,,,,,,True,False,False
cv,climb,BBBP,roc_auc,sup_only:dense,0.9429678242119586,False,unsup_only,,,-0.014206948236175854,-0.02416325073456212,-0.0044042013171402055,0.006,,,,,0.008816326530612244,,,False,False,False
cv,climb,BBBP,roc_auc,unsup2sup:dense,0.9427216018581306,False,unsup_only,,,-0.010351426583159351,-0.01938974407058063,-0.001544423076163459,0.026,,,,,0.03670588235294117,,,False,False,False
cv,climb,BBBP,roc_auc,sup_only:sparse_all,0.9140510984485641,False,unsup_only,,,-0.030726406509287596,-0.04404194676485268,-0.016944864787263064,0.0,,,,,0.0,,,False,False,False
cv,climb,BBBP,roc_auc,unsup2sup:sparse_all,0.9233603503748902,False,unsup_only,,,-0.02847880199132813,-0.04164797520109502,-0.015603065190582271,0.0,,,,,0.0,,,False,False,False
cv,climb,BBBP,roc_auc,sup_only:dense_plus_sparse,0.9412736624720711,False,unsup_only,,,-0.012465205288796133,-0.02165552623622529,-0.0025638723431936046,0.018,,,,,0.025919999999999995,,,False,False,False
cv,climb,BBBP,roc_auc,unsup2sup:dense_plus_sparse,0.9254831374728227,False,unsup_only,,,-0.02313848295059151,-0.033273521261457786,-0.012359596626818141,0.0,,,,,0.0,,,False,False,False
cv,climb,BBBP,roc_auc,sup_only:minimol_full,0.9153242170956108,False,unsup_only,,,-0.026456024838070857,-0.038419607512416694,-0.015934913058741975,0.0,,,,,0.0,,,False,False,False
cv,climb,BBBP,roc_auc,unsup2sup:minimol_full,0.923373888356663,False,unsup_only,,,-0.028000374712274567,-0.03941397336982025,-0.01746215182672764,0.0,,,,,0.0,,,False,False,False
cv,climb,BBBP,roc_auc,sup_only:mixed,0.9415677042936776,False,unsup_only,,,-0.012645201006370121,-0.021911281376788598,-0.004339972982934923,0.002,,,,,0.003063829787234043,,,False,False,False
cv,climb,BBBP,roc_auc,unsup2sup:mixed,0.9431500623916623,False,unsup_only,,,-0.0091483325303785,-0.019062926979146314,0.000881025984000794,0.074,,,,,0.09866666666666665,,,True,False,False
cv,climb,BACE,roc_auc,no_pretrain,0.8107347856511958,False,unsup_only,,,-0.06165383220481624,-0.08221254289102914,-0.041598292788622315,0.0,,,,,0.0,,,False,False,False
cv,climb,BACE,roc_auc,no_pretrain_e2e,0.7781305698102399,False,unsup_only,,,-0.09018190076795507,-0.11852835772390959,-0.06428984324795706,0.0,,,,,0.0,,,False,False,False
cv,climb,BACE,roc_auc,unsup_only,0.8581090508557176,True,unsup_only,,,,,,,,,,,,,,True,False,False
cv,climb,BACE,roc_auc,sup_only:dense,0.8489986839873844,False,unsup_only,,,-0.019397819021764073,-0.03605816631279849,-0.00028662990405998643,0.048,,,,,0.06520754716981132,,,True,False,False
cv,climb,BACE,roc_auc,unsup2sup:dense,0.8301774227196402,False,unsup_only,,,-0.03120323519987611,-0.04552205746785056,-0.014901379888310997,0.0,,,,,0.0,,,False,False,False
cv,climb,BACE,roc_auc,sup_only:sparse_all,0.7783449480737358,False,unsup_only,,,-0.10260351195946493,-0.1357396457749833,-0.0707235335069733,0.0,,,,,0.0,,,False,False,False
cv,climb,BACE,roc_auc,unsup2sup:sparse_all,0.7299025634038196,False,unsup_only,,,-0.11453040658307545,-0.14545103671494022,-0.08771203996410773,0.0,,,,,0.0,,,False,False,False
cv,climb,BACE,roc_auc,sup_only:dense_plus_sparse,0.8215700082424707,False,unsup_only,,,-0.05179383171186014,-0.07249247189962718,-0.030322045294743832,0.0,,,,,0.0,,,False,False,False
cv,climb,BACE,roc_auc,unsup2sup:dense_plus_sparse,0.7526327989846604,False,unsup_only,,,-0.10093274319456624,-0.1331829148352999,-0.06954943251504579,0.0,,,,,0.0,,,False,False,False
cv,climb,BACE,roc_auc,sup_only:minimol_full,0.777149867888741,False,unsup_only,,,-0.09487290537709381,-0.11978763357706779,-0.0706263592311366,0.0,,,,,0.0,,,False,False,False
cv,climb,BACE,roc_auc,unsup2sup:minimol_full,0.7649142899740413,False,unsup_only,,,-0.09892746856525159,-0.1287093843422434,-0.07092586419115167,0.0,,,,,0.0,,,False,False,False
cv,climb,BACE,roc_auc,sup_only:mixed,0.8275219468747256,False,unsup_only,,,-0.04571550804398583,-0.062064005971024336,-0.0288086757216698,0.0,,,,,0.0,,,False,False,False
cv,climb,BACE,roc_auc,unsup2sup:mixed,0.8117560355302246,False,unsup_only,,,-0.055844873785655724,-0.07850294928168276,-0.033050054303889714,0.0,,,,,0.0,,,False,False,False
cv,climb,Tox21,roc_auc,no_pretrain,0.7700975405438232,False,sup_only:dense_plus_sparse,,,-0.06432027422575648,-0.07888629440708733,-0.04627250920727763,0.0,,,,,0.0,,,False,False,False
cv,climb,Tox21,roc_auc,no_pretrain_e2e,0.7677782979528264,False,sup_only:dense_plus_sparse,,,-0.06246951798290201,-0.07942467455784384,-0.04460500214882843,0.0,,,,,0.0,,,False,False,False
cv,climb,Tox21,roc_auc,unsup_only,0.796135710910607,False,sup_only:dense_plus_sparse,,,-0.028857674274723966,-0.03821899232306745,-0.01936042204780569,0.0,,,,,0.0,,,False,False,False
cv,climb,Tox21,roc_auc,sup_only:dense,0.7965917173940819,False,sup_only:dense_plus_sparse,,,-0.032376603941848714,-0.044138168116552905,-0.020734580491128043,0.0,,,,,0.0,,,False,False,False
cv,climb,Tox21,roc_auc,unsup2sup:dense,0.79478935338742,False,sup_only:dense_plus_sparse,,,-0.032081498088146976,-0.04398809113884656,-0.02116869428657446,0.0,,,,,0.0,,,False,False,False
cv,climb,Tox21,roc_auc,sup_only:sparse_all,0.7854994034842645,False,sup_only:dense_plus_sparse,,,-0.038615253677405814,-0.046010204394283036,-0.031181527453110997,0.0,,,,,0.0,,,False,False,False
cv,climb,Tox21,roc_auc,unsup2sup:sparse_all,0.7877111983883686,False,sup_only:dense_plus_sparse,,,-0.03649761482641534,-0.04375799060821105,-0.030193439762631603,0.0,,,,,0.0,,,False,False,False
cv,climb,Tox21,roc_auc,sup_only:dense_plus_sparse,0.8294922227235856,True,sup_only:dense_plus_sparse,,,,,,,,,,,,,,True,False,False
cv,climb,Tox21,roc_auc,unsup2sup:dense_plus_sparse,0.7284291917715445,False,sup_only:dense_plus_sparse,,,-0.09558867938720006,-0.1259511822762678,-0.07054891950246087,0.0,,,,,0.0,,,False,False,False
cv,climb,Tox21,roc_auc,sup_only:minimol_full,0.7796009669301318,False,sup_only:dense_plus_sparse,,,-0.05106629975471377,-0.05952735822987421,-0.042021555919991,0.0,,,,,0.0,,,False,False,False
cv,climb,Tox21,roc_auc,unsup2sup:minimol_full,0.771026771344476,False,sup_only:dense_plus_sparse,,,-0.04541881790340607,-0.05395763796337246,-0.036039620040132746,0.0,,,,,0.0,,,False,False,False
cv,climb,Tox21,roc_auc,sup_only:mixed,0.8187550982344737,False,sup_only:dense_plus_sparse,,,-0.00919249708285208,-0.015350618348401438,-0.0036129319548446094,0.002,,,,,0.003063829787234043,,,False,False,False
cv,climb,Tox21,roc_auc,unsup2sup:mixed,0.795722763087355,False,sup_only:dense_plus_sparse,,,-0.026936873822454355,-0.039482282956724006,-0.01615138824487366,0.0,,,,,0.0,,,False,False,False
cv,climb,HIV,nef1,no_pretrain,0.546987951807229,False,sup_only:dense_plus_sparse,,,0.04126213592233008,-0.041159726220175254,0.11825386647898413,0.342,,,,,0.3971612903225807,,,True,False,False
cv,climb,HIV,nef1,no_pretrain_e2e,0.5903614457831327,False,sup_only:dense_plus_sparse,,,0.058252427184465994,-0.04262277831984546,0.14962889683432426,0.268,,,,,0.3216,,,True,False,False
cv,climb,HIV,nef1,unsup_only,0.661847389558233,False,sup_only:dense_plus_sparse,,,0.036407766990291246,-0.01453778323876976,0.10276528951244093,0.16,,,,,0.20945454545454545,,,True,False,False
cv,climb,HIV,nef1,sup_only:dense,0.6473895582329318,False,sup_only:dense_plus_sparse,,,0.0,-0.06921821134977459,0.06633887425938118,0.978,,,,,0.978,,,True,False,False
cv,climb,HIV,nef1,unsup2sup:dense,0.6289156626506024,False,sup_only:dense_plus_sparse,,,-0.02669902912621358,-0.08333860759493675,0.03808828158816347,0.516,,,,,0.5804307692307693,,,True,False,False
cv,climb,HIV,nef1,sup_only:sparse_all,0.5076305220883534,False,sup_only:dense_plus_sparse,,,-0.133495145631068,-0.22728339735381986,-0.0359782991661555,0.0,,,,,0.0,,,False,False,False
cv,climb,HIV,nef1,unsup2sup:sparse_all,0.4618473895582329,False,sup_only:dense_plus_sparse,,,-0.1893203883495146,-0.28125184692671396,-0.0966125371049415,0.0,,,,,0.0,,,False,False,False
cv,climb,HIV,nef1,sup_only:dense_plus_sparse,0.6642570281124498,True,sup_only:dense_plus_sparse,,,,,,,,,,,,,,True,False,False
cv,climb,HIV,nef1,unsup2sup:dense_plus_sparse,0.43534136546184743,False,sup_only:dense_plus_sparse,,,-0.22572815533980584,-0.30361903309440286,-0.1377785982814179,0.0,,,,,0.0,,,False,False,False
cv,climb,HIV,nef1,sup_only:minimol_full,0.5694779116465863,False,sup_only:dense_plus_sparse,,,-0.11407766990291268,-0.19121326042378672,-0.0410863048555196,0.002,,,,,0.003063829787234043,,,False,False,False
cv,climb,HIV,nef1,unsup2sup:minimol_full,0.5365461847389558,False,sup_only:dense_plus_sparse,,,-0.12135922330097093,-0.218044521812523,-0.048420443758899034,0.0,,,,,0.0,,,False,False,False
cv,climb,HIV,nef1,sup_only:mixed,0.6626506024096387,False,sup_only:dense_plus_sparse,,,0.02669902912621358,-0.034655615065228636,0.07864445796688795,0.452,,,,,0.5165714285714287,,,True,False,False
cv,climb,HIV,nef1,unsup2sup:mixed,0.6297188755020081,False,sup_only:dense_plus_sparse,,,-0.03155339805825241,-0.11588368459649903,0.024587957863820006,0.236,,,,,0.29296551724137926,,,True,False,False
cv,matrix,ESOL,rmse,fp_desc,0.7203675150871277,True,fp_desc,,,,,,,,,,,,,,True,False,False
cv,matrix,ESOL,rmse,ecfp4,1.4517634391784668,False,fp_desc,,,-0.7837027794079277,-0.9967756613289804,-0.48450143634300075,0.0,,,,,0.0,,,False,False,False
cv,matrix,ESOL,rmse,unsup_only,1.0258397181828818,False,fp_desc,,,-0.3005484797150728,-0.37392652875176874,-0.1962106259151265,0.0,,,,,0.0,,,False,False,False
cv,matrix,ESOL,rmse,sup_only:dense_plus_sparse,0.9074614604314167,False,fp_desc,,,-0.21544454467979346,-0.2785612548080292,-0.12711185614779466,0.0,,,,,0.0,,,False,False,False
cv,matrix,ESOL,rmse,sup_only:mixed,0.8824872851371764,False,fp_desc,,,-0.21161803426587444,-0.29770809434988643,-0.12914546997537682,0.0,,,,,0.0,,,False,False,False
cv,matrix,ESOL,rmse,no_pretrain_e2e,1.3715126940884115,False,fp_desc,,,-0.6466590364907499,-0.7757793172164529,-0.5490263274145184,0.0,,,,,0.0,,,False,False,False
cv,matrix,QM7,rmse,fp_desc,187.24091186523438,True,fp_desc,,,,,,,,,,,,,,True,False,False
cv,matrix,QM7,rmse,ecfp4,215.9088562011719,False,fp_desc,,,-28.64435912749201,-32.90180243736585,-24.626331664777943,0.0,,,,,0.0,,,False,False,False
cv,matrix,QM7,rmse,unsup_only,198.87076619466146,False,fp_desc,,,-12.44077092822593,-20.104299686856617,-8.174502732635347,0.0,,,,,0.0,,,False,False,False
cv,matrix,QM7,rmse,sup_only:dense_plus_sparse,195.8632598876953,False,fp_desc,,,-8.822377337440287,-10.801439300542654,-6.982012067918091,0.0,,,,,0.0,,,False,False,False
cv,matrix,QM7,rmse,sup_only:mixed,196.79837951660156,False,fp_desc,,,-9.440653511424898,-11.818229164905063,-7.421844061942376,0.0,,,,,0.0,,,False,False,False
cv,matrix,QM7,rmse,no_pretrain_e2e,195.40479199891215,False,fp_desc,,,-8.04114110823275,-10.423569382413874,-5.86574462035119,0.0,,,,,0.0,,,False,False,False
cv,matrix,BBBP,roc_auc,fp_desc,0.9032025644099896,False,unsup_only,,,-0.04917764038327721,-0.07229433882398109,-0.02897527289257741,0.0,,,,,0.0,,,False,False,False
cv,matrix,BBBP,roc_auc,ecfp4,0.8641669995896211,False,unsup_only,,,-0.08394826294095614,-0.11173542165229049,-0.0608454102601792,0.0,,,,,0.0,,,False,False,False
cv,matrix,BBBP,roc_auc,unsup_only,0.9503418103260689,True,unsup_only,,,,,,,,,,,,,,True,False,False
cv,matrix,BBBP,roc_auc,sup_only:dense_plus_sparse,0.9412736624720711,False,unsup_only,,,-0.012465205288796133,-0.02165552623622529,-0.0025638723431936046,0.018,,,,,0.030857142857142854,,,False,False,False
cv,matrix,BBBP,roc_auc,sup_only:mixed,0.9415677042936776,False,unsup_only,,,-0.012645201006370121,-0.021911281376788598,-0.004339972982934923,0.002,,,,,0.004,,,False,False,False
cv,matrix,BBBP,roc_auc,no_pretrain_e2e,0.9321698323531539,False,unsup_only,,,-0.022069214710133345,-0.031840020045975,-0.012856263730409644,0.0,,,,,0.0,,,False,False,False
cv,matrix,BACE,roc_auc,fp_desc,0.8668198708540402,False,ecfp4,,,-0.004453329389685234,-0.01685452573429434,0.008312260991376032,0.512,,,,,0.5585454545454546,,,True,False,False
cv,matrix,BACE,roc_auc,ecfp4,0.8711464680904616,True,ecfp4,,,,,,,,,,,,,,True,False,False
cv,matrix,BACE,roc_auc,unsup_only,0.8581090508557176,False,ecfp4,,,-0.003995584522589635,-0.01852632458268435,0.011095586791686565,0.588,,,,,0.6082758620689656,,,True,False,False
cv,matrix,BACE,roc_auc,sup_only:dense_plus_sparse,0.8215700082424707,False,ecfp4,,,-0.055789416234449773,-0.07713874706059559,-0.03308859628168002,0.0,,,,,0.0,,,False,False,False
cv,matrix,BACE,roc_auc,sup_only:mixed,0.8275219468747256,False,ecfp4,,,-0.049711092566575465,-0.06842771183939557,-0.03134150851853714,0.0,,,,,0.0,,,False,False,False
cv,matrix,BACE,roc_auc,no_pretrain_e2e,0.7781305698102399,False,ecfp4,,,-0.0941774852905447,-0.12402222451353416,-0.06729328867905794,0.0,,,,,0.0,,,False,False,False
cv,matrix,Tox21,roc_auc,fp_desc,0.8248571942527227,False,sup_only:dense_plus_sparse,,,-0.0055420521879402385,-0.01410889156901241,0.0037310778209121496,0.246,,,,,0.3208695652173913,,,True,False,False
cv,matrix,Tox21,roc_auc,ecfp4,0.7731579213980283,False,sup_only:dense_plus_sparse,,,-0.06790531656872778,-0.08501588267700853,-0.045415274552488075,0.0,,,,,0.0,,,False,False,False
cv,matrix,Tox21,roc_auc,unsup_only,0.796135710910607,False,sup_only:dense_plus_sparse,,,-0.028857674274723966,-0.03821899232306745,-0.01936042204780569,0.0,,,,,0.0,,,False,False,False
cv,matrix,Tox21,roc_auc,sup_only:dense_plus_sparse,0.8294922227235856,True,sup_only:dense_plus_sparse,,,,,,,,,,,,,,True,False,False
cv,matrix,Tox21,roc_auc,sup_only:mixed,0.8187550982344737,False,sup_only:dense_plus_sparse,,,-0.00919249708285208,-0.015350618348401438,-0.0036129319548446094,0.002,,,,,0.004,,,False,False,False
cv,matrix,Tox21,roc_auc,no_pretrain_e2e,0.7677782979528264,False,sup_only:dense_plus_sparse,,,-0.06246951798290201,-0.07942467455784384,-0.04460500214882843,0.0,,,,,0.0,,,False,False,False
cv,matrix,HIV,nef1,fp_desc,0.7132530120481928,True,fp_desc,,,,,,,,,,,,,,True,False,False
cv,matrix,HIV,nef1,ecfp4,0.6795180722891566,False,fp_desc,,,-0.036407766990291246,-0.09375396573604061,0.028203339893105472,0.346,,,,,0.41519999999999996,,,True,False,False
cv,matrix,HIV,nef1,unsup_only,0.661847389558233,False,fp_desc,,,-0.03398058252427183,-0.07109545206971675,0.012347210734307452,0.206,,,,,0.27466666666666667,,,True,False,False
cv,matrix,HIV,nef1,sup_only:dense_plus_sparse,0.6642570281124498,False,fp_desc,,,-0.07038834951456308,-0.13404020113199927,-0.009647617480429773,0.03,,,,,0.049999999999999996,,,False,False,False
cv,matrix,HIV,nef1,sup_only:mixed,0.6626506024096387,False,fp_desc,,,-0.043689320388349495,-0.09068582550950316,-0.002432071386162816,0.04,,,,,0.06486486486486487,,,True,False,False
cv,matrix,HIV,nef1,no_pretrain_e2e,0.5903614457831327,False,fp_desc,,,0.007281553398058249,-0.06143582664201222,0.07282888646236377,0.91,,,,,0.91,,,True,False,False
holdout,matrix,ESOL,rmse,fp_desc,0.8794967333475748,True,fp_desc,0.7494413728930384,0.9842862056605264,,,,,,,,,,,,True,False,False
holdout,matrix,ESOL,rmse,ecfp4,1.6032458543777466,False,fp_desc,1.4017544626471028,1.7902248774397382,-0.7239293060548172,-0.9314530908141013,-0.5165656524980516,0.0,,,,,0.0,,,False,False,False
holdout,matrix,ESOL,rmse,unsup_only,1.003203848997752,False,fp_desc,0.8459866408130031,1.1181915429862859,-0.12066316158060408,-0.260896871171084,0.036484685127865124,0.124,,,,,0.17302325581395347,,,True,False,False
holdout,matrix,ESOL,rmse,sup_only:dense_plus_sparse,0.94167117940055,False,fp_desc,0.7387610059152374,1.119677786476277,-0.06633830962181408,-0.2432678188603616,0.12853866778137943,0.554,,,,,0.5831578947368421,,,True,False,False
holdout,matrix,ESOL,rmse,sup_only:mixed,0.9285921984248691,False,fp_desc,0.8605627987856114,1.1241941712015469,-0.12578179285743962,-0.2610063334801156,0.01992410850885667,0.078,,,,,0.11414634146341462,,,True,False,False
holdout,matrix,ESOL,rmse,no_pretrain_e2e,1.1570425050675868,False,fp_desc,1.034214525328581,1.2992721063776664,-0.30566168739460975,-0.4351165760395505,-0.175498462944306,0.0,,,,,0.0,,,False,False,False
holdout,matrix,QM7,rmse,fp_desc,194.8511962890625,True,fp_desc,183.14631249714802,204.70562100435433,,,,,,,,,,,,True,False,False
holdout,matrix,QM7,rmse,ecfp4,195.82018534342447,False,fp_desc,185.1041225050533,205.82436953506968,-1.3814596950454074,-4.981716694354888,2.206228126702183,0.474,,,,,0.5469230769230768,,,True,False,False
holdout,matrix,QM7,rmse,unsup_only,206.0021786159939,False,fp_desc,193.76637012869764,218.14034768893163,-12.146272901288086,-17.553782374320804,-6.987846205031273,0.0,,,,,0.0,,,False,False,False
holdout,matrix,QM7,rmse,sup_only:dense_plus_sparse,199.7109086778429,False,fp_desc,187.09987263538812,209.78263214762805,-4.2536026246438325,-8.55014051404807,-0.2628043589607051,0.044,,,,,0.06947368421052631,,,True,False,False
holdout,matrix,QM7,rmse,sup_only:mixed,206.76897176106772,False,fp_desc,197.17621237308433,221.24829373490485,-14.911308902521455,-20.487111657647795,-9.167054707478341,0.0,,,,,0.0,,,False,False,False
holdout,matrix,QM7,rmse,no_pretrain_e2e,205.08158587997605,False,fp_desc,189.74438805500478,212.74204424275777,-7.022393379673048,-11.945108252931782,-2.795816394783433,0.002,,,,,0.004,,,False,False,False
holdout,matrix,BBBP,roc_auc,fp_desc,0.7299996788386807,False,unsup_only,0.6632017097946302,0.7978480648946193,-0.010598323537913124,-0.07114157028487814,0.05398408772277114,0.742,,,,,0.7545762711864407,,,True,False,False
holdout,matrix,BBBP,roc_auc,ecfp4,0.6604843112695508,False,unsup_only,0.5859648203551227,0.7290222172939472,-0.08377493014741311,-0.1459268944587444,-0.017790271200926504,0.01,,,,,0.01818181818181818,,,False,False,False
holdout,matrix,BBBP,roc_auc,unsup_only,0.7376112021068182,True,unsup_only,0.6776917428038118,0.8130757429060158,,,,,,,,,,,,True,False,False
holdout,matrix,BBBP,roc_auc,sup_only:dense_plus_sparse,0.7211784479343973,False,unsup_only,0.6497744299723476,0.7844786858439817,-0.025917718469987472,-0.07098935157671873,0.022566613230219898,0.286,,,,,0.3651063829787234,,,True,False,False
holdout,matrix,BBBP,roc_auc,sup_only:mixed,0.7115971352410315,False,unsup_only,0.6542797108884597,0.7898706119675377,-0.02312361499181037,-0.06995057411036268,0.022886564642702348,0.346,,,,,0.41519999999999996,,,True,False,False
holdout,matrix,BBBP,roc_auc,no_pretrain_e2e,0.7053612529573606,False,unsup_only,0.6399423812399356,0.7757232640168515,-0.037142306580595474,-0.08458630699823116,0.008013444146501255,0.098,,,,,0.13999999999999999,,,True,False,False
holdout,matrix,BACE,roc_auc,fp_desc,0.7687499999999999,False,ecfp4,0.6950996750697955,0.8515467944587629,-0.09003623188405796,-0.14674361622380297,-0.032610919928386876,0.0,,,,,0.0,,,False,False,False
holdout,matrix,BACE,roc_auc,ecfp4,0.8560990338164252,True,ecfp4,0.7960454190618126,0.9182259155735262,,,,,,,,,,,,True,False,False
holdout,matrix,BACE,roc_auc,unsup_only,0.8013285024154588,False,ecfp4,0.7545647664646253,0.8906928246484698,-0.035144927536231885,-0.08651550121074629,0.02248956802241276,0.198,,,,,0.27,,,True,False,False
holdout,matrix,BACE,roc_auc,sup_only:dense_plus_sparse,0.7816022544283414,False,ecfp4,0.701382883044933,0.8491744823569578,-0.08750000000000002,-0.148461683180735,-0.02384508371247621,0.006,,,,,0.01125,,,False,False,False
holdout,matrix,BACE,roc_auc,sup_only:mixed,0.7876207729468598,False,ecfp4,0.7033183647853185,0.8545708253189396,-0.08025362318840579,-0.15017808188953793,-0.016126635131130097,0.012,,,,,0.021176470588235293,,,False,False,False
holdout,matrix,BACE,roc_auc,no_pretrain_e2e,0.7218699677938808,False,ecfp4,0.6218798076923077,0.8100684414390756,-0.14510869565217388,-0.22351312580185811,-0.06176995291305181,0.0,,,,,0.0,,,False,False,False
holdout,matrix,Tox21,roc_auc,fp_desc,0.7641221440043976,False,sup_only:dense_plus_sparse,0.738680240884297,0.8013314580553654,-0.010189578316718517,-0.03606609902986263,0.014048797156490996,0.408,,,,,0.4799999999999999,,,True,False,False
holdout,matrix,Tox21,roc_auc,ecfp4,0.7105521588384791,False,sup_only:dense_plus_sparse,0.6804698897597171,0.7450784946994341,-0.06775345545869271,-0.09621673083224196,-0.04065496035269872,0.0,,,,,0.0,,,False,False,False
holdout,matrix,Tox21,roc_auc,unsup_only,0.7253285484699434,False,sup_only:dense_plus_sparse,0.7041875082473655,0.7722676706510762,-0.04224937454753808,-0.0701937807851464,-0.014300989011140406,0.004,,,,,0.007741935483870968,,,False,False,False
holdout,matrix,Tox21,roc_auc,sup_only:dense_plus_sparse,0.7745026322452406,True,sup_only:dense_plus_sparse,0.7513410644966362,0.8103625752836878,,,,,,,,,,,,True,False,False
holdout,matrix,Tox21,roc_auc,sup_only:mixed,0.7647173588665513,False,sup_only:dense_plus_sparse,0.7282287339985168,0.7879511845280506,-0.021459154068972586,-0.04501309530546378,0.0025423842479586085,0.072,,,,,0.10799999999999998,,,True,False,False
holdout,matrix,Tox21,roc_auc,no_pretrain_e2e,0.7331296375738731,False,sup_only:dense_plus_sparse,0.697155150131599,0.75924210038058,-0.05046343173039425,-0.07976149623868942,-0.021071769475527358,0.0,,,,,0.0,,,False,False,False
holdout,matrix,HIV,nef1,fp_desc,0.6190476190476191,False,ecfp4,0.4523809523809524,0.7857142857142857,-0.04761904761904756,-0.19047619047619047,0.0714285714285714,0.512,,,,,0.5585454545454546,,,True,False,False
holdout,matrix,HIV,nef1,ecfp4,0.6904761904761904,True,ecfp4,0.5238095238095238,0.8095238095238095,,,,,,,,,,,,True,False,False
holdout,matrix,HIV,nef1,unsup_only,0.5687830687830688,False,ecfp4,0.35714285714285715,0.6666666666666666,-0.16666666666666663,-0.28571428571428575,0.0,0.058,,,,,0.08923076923076922,,,True,False,False
holdout,matrix,HIV,nef1,sup_only:dense_plus_sparse,0.5555555555555556,False,ecfp4,0.40476190476190477,0.7380952380952381,-0.0714285714285714,-0.23809523809523814,0.0714285714285714,0.318,,,,,0.3975,,,True,False,False
holdout,matrix,HIV,nef1,sup_only:mixed,0.5820105820105821,False,ecfp4,0.42857142857142855,0.7857142857142857,-0.04761904761904756,-0.2142857142857143,0.09523809523809523,0.526,,,,,0.5635714285714286,,,True,False,False
holdout,matrix,HIV,nef1,no_pretrain_e2e,0.5899470899470901,False,ecfp4,0.40476190476190477,0.8095238095238095,-0.0714285714285714,-0.23809523809523814,0.09523809523809523,0.494,,,,,0.5585454545454546,,,True,False,False
