dataset,suite,metric,higher_better,n_test,n_scaffolds,arm,value,is_leader,q_overall,cobest_overall,q_climb,cobest_climb
MolNet:BACE,MoleculeNet,roc_auc,True,1513,675,ecfp,0.8838305146812864,1,,1,,
MolNet:BACE,MoleculeNet,roc_auc,True,1513,675,ecfp_desc,0.8767028989334544,0,0.33,1,,
MolNet:BACE,MoleculeNet,roc_auc,True,1513,675,r3fp,0.878680004647871,0,0.33,1,,
MolNet:BACE,MoleculeNet,roc_auc,True,1513,675,r3fp_desc,0.8739881197601417,0,0.24588235294117644,1,,
MolNet:BACE,MoleculeNet,roc_auc,True,1513,675,sup_dense,0.851632564674068,0,0.0,0,0.0528,1
MolNet:BACE,MoleculeNet,roc_auc,True,1513,675,sup_dense_sparse,0.8192365519839719,0,0.0,0,0.0,0
MolNet:BACE,MoleculeNet,roc_auc,True,1513,675,sup_mixed,0.8253148756518462,0,0.0,0,0.0,0
MolNet:BACE,MoleculeNet,roc_auc,True,1513,675,sup_sparse,0.7684268717363671,0,0.0,0,0.0,0
MolNet:BACE,MoleculeNet,roc_auc,True,1513,675,sup_minimol,0.7761574783187383,0,0.0,0,0.0,0
MolNet:BACE,MoleculeNet,roc_auc,True,1513,675,unsup,0.8710303836958321,0,0.05573333333333333,1,,1
MolNet:BACE,MoleculeNet,roc_auc,True,1513,675,u2s_dense,0.839827148495956,0,0.0,0,0.0,0
MolNet:BACE,MoleculeNet,roc_auc,True,1513,675,u2s_dense_sparse,0.7700976405012658,0,0.0,0,0.0,0
MolNet:BACE,MoleculeNet,roc_auc,True,1513,675,u2s_mixed,0.8151855099101764,0,0.0,0,0.0,0
MolNet:BACE,MoleculeNet,roc_auc,True,1513,675,u2s_sparse,0.7564999771127566,0,0.0,0,0.0,0
MolNet:BACE,MoleculeNet,roc_auc,True,1513,675,u2s_minimol,0.7721029151305805,0,0.0,0,0.0,0
MolNet:BACE,MoleculeNet,roc_auc,True,1513,675,s2u_dense,0.8599335917831276,0,0.008769230769230769,0,0.132,1
MolNet:BACE,MoleculeNet,roc_auc,True,1513,675,random_encoder,0.8093765514910158,0,0.0,0,,
MolNet:BACE,MoleculeNet,roc_auc,True,1513,675,e2e_no_pretrain,0.780848482927877,0,0.0,0,,
MolNet:BACE,MoleculeNet,roc_auc,True,1513,675,chemeleon_e2e,0.8689344403716889,0,0.06175,1,,
MolNet:BACE,MoleculeNet,roc_auc,True,1513,675,chemeleon_frozen,0.8701668303984845,0,0.04342857142857143,0,,
MolNet:BBBP,MoleculeNet,roc_auc,True,2039,1123,ecfp,0.8804928804667844,0,0.0,0,,
MolNet:BBBP,MoleculeNet,roc_auc,True,2039,1123,ecfp_desc,0.9055805363738558,0,0.0,0,,
MolNet:BBBP,MoleculeNet,roc_auc,True,2039,1123,r3fp,0.8955683582249344,0,0.0,0,,
MolNet:BBBP,MoleculeNet,roc_auc,True,2039,1123,r3fp_desc,0.9095772442588727,0,0.0,0,,
MolNet:BBBP,MoleculeNet,roc_auc,True,2039,1123,sup_dense,0.9393193619185268,0,0.0072,0,0.008571428571428572,0
MolNet:BBBP,MoleculeNet,roc_auc,True,2039,1123,sup_dense_sparse,0.9410611048659066,0,0.020249999999999997,0,0.0225,0
MolNet:BBBP,MoleculeNet,roc_auc,True,2039,1123,sup_mixed,0.9408811091483326,0,0.0025714285714285717,0,0.0033333333333333335,0
MolNet:BBBP,MoleculeNet,roc_auc,True,2039,1123,sup_sparse,0.9227999036454151,0,0.0,0,0.0,0
MolNet:BBBP,MoleculeNet,roc_auc,True,2039,1123,sup_minimol,0.9270702853166318,0,0.0,0,0.0,0
MolNet:BBBP,MoleculeNet,roc_auc,True,2039,1123,unsup,0.9535263101547027,1,,1,,1
MolNet:BBBP,MoleculeNet,roc_auc,True,2039,1123,u2s_dense,0.9431748835715433,0,0.027529411764705882,0,0.02888888888888889,0
MolNet:BBBP,MoleculeNet,roc_auc,True,2039,1123,u2s_dense_sparse,0.9303878272041112,0,0.0,0,0.0,0
MolNet:BBBP,MoleculeNet,roc_auc,True,2039,1123,u2s_mixed,0.9443779776243242,0,0.074,1,0.074,1
MolNet:BBBP,MoleculeNet,roc_auc,True,2039,1123,u2s_sparse,0.9250475081633746,0,0.0,0,0.0,0
MolNet:BBBP,MoleculeNet,roc_auc,True,2039,1123,u2s_minimol,0.9255259354424281,0,0.0,0,0.0,0
MolNet:BBBP,MoleculeNet,roc_auc,True,2039,1123,random_encoder,0.9409948610888068,0,0.0,0,,
MolNet:BBBP,MoleculeNet,roc_auc,True,2039,1123,e2e_no_pretrain,0.9314570954445693,0,0.0,0,,
MolNet:BBBP,MoleculeNet,roc_auc,True,2039,1123,chemeleon_e2e,0.8934485573577432,0,0.0,0,,
MolNet:BBBP,MoleculeNet,roc_auc,True,2039,1123,chemeleon_frozen,0.8917335795728281,0,0.0,0,,
MolNet:HIV,MoleculeNet,roc_auc,True,41120,20663,ecfp,0.7986109018823185,0,0.0021176470588235297,0,,
MolNet:HIV,MoleculeNet,roc_auc,True,41120,20663,ecfp_desc,0.8188443493406066,1,,1,,
MolNet:HIV,MoleculeNet,roc_auc,True,41120,20663,r3fp,0.7955590055673227,0,0.0,0,,
MolNet:HIV,MoleculeNet,roc_auc,True,41120,20663,r3fp_desc,0.8151547673310912,0,0.262,1,,
MolNet:HIV,MoleculeNet,roc_auc,True,41120,20663,sup_dense,0.728347876531963,0,0.0,0,0.7825,1
MolNet:HIV,MoleculeNet,roc_auc,True,41120,20663,sup_dense_sparse,0.7214130402375482,0,0.0,0,0.7428571428571429,1
MolNet:HIV,MoleculeNet,roc_auc,True,41120,20663,sup_mixed,0.725285256058752,0,0.0,0,,1
MolNet:HIV,MoleculeNet,roc_auc,True,41120,20663,sup_sparse,0.6887336657228534,0,0.0,0,0.0,0
MolNet:HIV,MoleculeNet,roc_auc,True,41120,20663,sup_minimol,0.6947367752746184,0,0.0,0,0.0,0
MolNet:HIV,MoleculeNet,roc_auc,True,41120,20663,unsup,0.7258077007175981,0,0.0,0,0.914,1
MolNet:HIV,MoleculeNet,roc_auc,True,41120,20663,u2s_dense,0.7228979518971201,0,0.0,0,0.8488888888888889,1
MolNet:HIV,MoleculeNet,roc_auc,True,41120,20663,u2s_dense_sparse,0.6523257948264879,0,0.0,0,0.0,0
MolNet:HIV,MoleculeNet,roc_auc,True,41120,20663,u2s_mixed,0.7192276524131251,0,0.0,0,0.6566666666666667,1
MolNet:HIV,MoleculeNet,roc_auc,True,41120,20663,u2s_sparse,0.6572807139760286,0,0.0,0,0.0,0
MolNet:HIV,MoleculeNet,roc_auc,True,41120,20663,u2s_minimol,0.6849250088784328,0,0.0,0,0.0,0
MolNet:HIV,MoleculeNet,roc_auc,True,41120,20663,random_encoder,0.7456513931423829,0,0.0,0,,
MolNet:HIV,MoleculeNet,roc_auc,True,41120,20663,e2e_no_pretrain,0.7514043101789151,0,0.0,0,,
MolNet:HIV,MoleculeNet,roc_auc,True,41120,20663,chemeleon_e2e,0.7878527634557576,0,0.0,0,,
MolNet:HIV,MoleculeNet,roc_auc,True,41120,20663,chemeleon_frozen,0.8015936762817828,0,0.0021176470588235297,0,,
MolNet:Tox21,MoleculeNet,roc_auc,True,65954,4019,ecfp,0.7674992314618095,0,0.0,0,,
MolNet:Tox21,MoleculeNet,roc_auc,True,65954,4019,ecfp_desc,0.8303467501784124,0,0.187,1,,
MolNet:Tox21,MoleculeNet,roc_auc,True,65954,4019,sup_dense,0.80651054187329,0,0.0,0,0.0,0
MolNet:Tox21,MoleculeNet,roc_auc,True,65954,4019,sup_dense_sparse,0.8379897713680108,1,,1,,1
MolNet:Tox21,MoleculeNet,roc_auc,True,65954,4019,sup_mixed,0.8277953801686703,0,0.0,0,0.0,0
MolNet:Tox21,MoleculeNet,roc_auc,True,65954,4019,sup_sparse,0.7986660603127486,0,0.0,0,0.0,0
MolNet:Tox21,MoleculeNet,roc_auc,True,65954,4019,sup_minimol,0.7862352516205974,0,0.0,0,0.0,0
MolNet:Tox21,MoleculeNet,roc_auc,True,65954,4019,unsup,0.809832380067277,0,0.0,0,0.0,0
MolNet:Tox21,MoleculeNet,roc_auc,True,65954,4019,u2s_dense,0.8049416663844343,0,0.0,0,0.0,0
MolNet:Tox21,MoleculeNet,roc_auc,True,65954,4019,u2s_dense_sparse,0.7440333605210401,0,0.0,0,0.0,0
MolNet:Tox21,MoleculeNet,roc_auc,True,65954,4019,u2s_mixed,0.8114234813227097,0,0.0,0,0.0,0
MolNet:Tox21,MoleculeNet,roc_auc,True,65954,4019,u2s_sparse,0.8020652951628807,0,0.0,0,0.0,0
MolNet:Tox21,MoleculeNet,roc_auc,True,65954,4019,u2s_minimol,0.792928039220684,0,0.0,0,0.0,0
MolNet:Tox21,MoleculeNet,roc_auc,True,65954,4019,s2u_dense,0.621622082446468,0,0.0,0,0.0,0
MolNet:Tox21,MoleculeNet,roc_auc,True,65954,4019,random_encoder,0.7752766876643803,0,0.0,0,,
MolNet:Tox21,MoleculeNet,roc_auc,True,65954,4019,e2e_no_pretrain,0.776971912148494,0,0.0,0,,
MolNet:Tox21,MoleculeNet,roc_auc,True,65954,4019,chemeleon_e2e,0.8243951101523557,0,0.002266666666666667,0,,
MolNet:Tox21,MoleculeNet,roc_auc,True,65954,4019,chemeleon_frozen,0.8371840437136474,0,0.812,1,,
MolNet:ESOL,MoleculeNet,rmse,False,1128,585,ecfp,1.5033958768558198,0,0.0,0,,
MolNet:ESOL,MoleculeNet,rmse,False,1128,585,ecfp_desc,0.7182988968560965,0,0.856,1,,
MolNet:ESOL,MoleculeNet,rmse,False,1128,585,r3fp,0.9847710815097803,0,0.0,0,,
MolNet:ESOL,MoleculeNet,rmse,False,1128,585,r3fp_desc,0.7157062422055165,0,0.7877647058823529,1,,
MolNet:ESOL,MoleculeNet,rmse,False,1128,585,sup_dense,0.9109533052453633,0,0.0,0,0.944,1
MolNet:ESOL,MoleculeNet,rmse,False,1128,585,sup_dense_sparse,0.9358482053103294,0,0.0,0,0.944,1
MolNet:ESOL,MoleculeNet,rmse,False,1128,585,sup_mixed,0.9320216948964104,0,0.0,0,,1
MolNet:ESOL,MoleculeNet,rmse,False,1128,585,sup_sparse,1.4082264699684361,0,0.0,0,0.0,0
MolNet:ESOL,MoleculeNet,rmse,False,1128,585,sup_minimol,1.319709939773525,0,0.0,0,0.0,0
MolNet:ESOL,MoleculeNet,rmse,False,1128,585,unsup,1.0209521403456088,0,0.0,0,0.3566666666666667,1
MolNet:ESOL,MoleculeNet,rmse,False,1128,585,u2s_dense,0.9318987329176088,0,0.0,0,0.944,1
MolNet:ESOL,MoleculeNet,rmse,False,1128,585,u2s_dense_sparse,1.2274238740977252,0,0.0,0,0.008,0
MolNet:ESOL,MoleculeNet,rmse,False,1128,585,u2s_mixed,0.9670662215603673,0,0.0,0,0.7485714285714286,1
MolNet:ESOL,MoleculeNet,rmse,False,1128,585,u2s_sparse,1.188470867299971,0,0.0,0,0.0,0
MolNet:ESOL,MoleculeNet,rmse,False,1128,585,u2s_minimol,1.2292950402000544,0,0.0,0,0.0,0
MolNet:ESOL,MoleculeNet,rmse,False,1128,585,random_encoder,1.366421407592693,0,0.0,0,,
MolNet:ESOL,MoleculeNet,rmse,False,1128,585,e2e_no_pretrain,1.3670629648286337,0,0.0,0,,
MolNet:ESOL,MoleculeNet,rmse,False,1128,585,chemeleon_e2e,0.7229055758697835,1,,1,,
MolNet:ESOL,MoleculeNet,rmse,False,1128,585,chemeleon_frozen,1.324343495705871,0,0.0,0,,
MolNet:QM7,MoleculeNet,rmse,False,6838,3771,ecfp,215.92320610810845,0,0.0,0,,
MolNet:QM7,MoleculeNet,rmse,False,6838,3771,ecfp_desc,187.27884698061644,1,,1,,
MolNet:QM7,MoleculeNet,rmse,False,6838,3771,sup_dense,194.8098609002067,0,0.0,0,,1
MolNet:QM7,MoleculeNet,rmse,False,6838,3771,sup_dense_sparse,196.10122431805672,0,0.0,0,0.3397777777777778,1
MolNet:QM7,MoleculeNet,rmse,False,6838,3771,sup_mixed,196.71950049204133,0,0.0,0,0.264,1
MolNet:QM7,MoleculeNet,rmse,False,6838,3771,sup_sparse,210.48019848965487,0,0.0,0,0.0,0
MolNet:QM7,MoleculeNet,rmse,False,6838,3771,sup_minimol,204.35742938955315,0,0.0,0,0.0,0
MolNet:QM7,MoleculeNet,rmse,False,6838,3771,unsup,199.71961790884237,0,0.0,0,0.08066666666666666,1
MolNet:QM7,MoleculeNet,rmse,False,6838,3771,u2s_dense,194.43644308178932,0,0.0,0,0.786,1
MolNet:QM7,MoleculeNet,rmse,False,6838,3771,u2s_dense_sparse,195.53684418620207,0,0.0,0,0.616,1
MolNet:QM7,MoleculeNet,rmse,False,6838,3771,u2s_mixed,196.585251213102,0,0.0,0,0.3397777777777778,1
MolNet:QM7,MoleculeNet,rmse,False,6838,3771,u2s_sparse,207.5980620831636,0,0.0,0,0.0,0
MolNet:QM7,MoleculeNet,rmse,False,6838,3771,u2s_minimol,205.2486093410168,0,0.0,0,0.0,0
MolNet:QM7,MoleculeNet,rmse,False,6838,3771,s2u_dense,198.49214344379246,0,0.0,0,0.0132,0
MolNet:QM7,MoleculeNet,rmse,False,6838,3771,random_encoder,205.54033334349444,0,0.0,0,,
MolNet:QM7,MoleculeNet,rmse,False,6838,3771,e2e_no_pretrain,195.31998808311533,0,0.0,0,,
MolNet:QM7,MoleculeNet,rmse,False,6838,3771,chemeleon_e2e,198.75679858209514,0,0.0,0,,
MolNet:QM7,MoleculeNet,rmse,False,6838,3771,chemeleon_frozen,281.64330275587946,0,0.0,0,,
MolNet:Lipophilicity,MoleculeNet,rmse,False,4200,2412,random_encoder,0.9767784593445187,0,0.0,0,,
MolNet:Lipophilicity,MoleculeNet,rmse,False,4200,2412,chemeleon_e2e,0.6150423554879398,1,,1,,
MolNet:Lipophilicity,MoleculeNet,rmse,False,4200,2412,chemeleon_frozen,0.8378300226191239,0,0.0,0,,
MolACE:CHEMBL1862_Ki,MoleculeACE,rmse,False,161,102,ecfp,0.807422791308634,0,0.048133333333333334,0,,
MolACE:CHEMBL1862_Ki,MoleculeACE,rmse,False,161,102,ecfp_desc,0.7530052906435633,0,0.6214117647058823,1,,
MolACE:CHEMBL1862_Ki,MoleculeACE,rmse,False,161,102,r3fp,0.7275116660986738,1,,1,,
MolACE:CHEMBL1862_Ki,MoleculeACE,rmse,False,161,102,r3fp_desc,0.7287498441819605,0,0.976,1,,
MolACE:CHEMBL1862_Ki,MoleculeACE,rmse,False,161,102,sup_dense,0.9132370987244675,0,0.011692307692307693,0,0.4204444444444444,1
MolACE:CHEMBL1862_Ki,MoleculeACE,rmse,False,161,102,sup_dense_sparse,0.9394619603397679,0,0.0,0,0.22628571428571426,1
MolACE:CHEMBL1862_Ki,MoleculeACE,rmse,False,161,102,sup_mixed,0.8647737469416017,0,0.027142857142857142,0,,1
MolACE:CHEMBL1862_Ki,MoleculeACE,rmse,False,161,102,sup_sparse,0.9965191072359365,0,0.0,0,0.066,1
MolACE:CHEMBL1862_Ki,MoleculeACE,rmse,False,161,102,sup_minimol,0.9638344392540525,0,0.0,0,0.15033333333333335,1
MolACE:CHEMBL1862_Ki,MoleculeACE,rmse,False,161,102,unsup,0.9294120921444349,0,0.010363636363636365,0,0.4466,1
MolACE:CHEMBL1862_Ki,MoleculeACE,rmse,False,161,102,u2s_dense,0.8652606289020243,0,0.011692307692307693,0,0.998,1
MolACE:CHEMBL1862_Ki,MoleculeACE,rmse,False,161,102,u2s_dense_sparse,6.092678354910124,0,0.0,0,0.055,1
MolACE:CHEMBL1862_Ki,MoleculeACE,rmse,False,161,102,u2s_mixed,0.9959994321171193,0,0.0,0,0.066,1
MolACE:CHEMBL1862_Ki,MoleculeACE,rmse,False,161,102,u2s_sparse,0.9963441885393485,0,0.0,0,0.07039999999999999,1
MolACE:CHEMBL1862_Ki,MoleculeACE,rmse,False,161,102,u2s_minimol,1.0435834313651087,0,0.0,0,0.044,0
MolACE:CHEMBL1862_Ki,MoleculeACE,rmse,False,161,102,s2u_dense,0.9237926109728949,0,0.0,0,0.374,1
MolACE:CHEMBL1862_Ki,MoleculeACE,rmse,False,161,102,random_encoder,1.021149014458156,0,0.0,0,,
MolACE:CHEMBL1862_Ki,MoleculeACE,rmse,False,161,102,e2e_no_pretrain,1.068118941908679,0,0.0,0,,
MolACE:CHEMBL1862_Ki,MoleculeACE,rmse,False,161,102,chemeleon_e2e,0.7112223998315128,0,0.7093333333333334,1,,
MolACE:CHEMBL1862_Ki,MoleculeACE,rmse,False,161,102,chemeleon_frozen,1.0463945289039012,0,0.068875,1,,
MolACE:CHEMBL1871_Ki,MoleculeACE,rmse,False,134,77,ecfp,0.6501849156997204,0,0.09611764705882353,1,,
MolACE:CHEMBL1871_Ki,MoleculeACE,rmse,False,134,77,ecfp_desc,0.641347743126756,0,0.09611764705882353,1,,
MolACE:CHEMBL1871_Ki,MoleculeACE,rmse,False,134,77,r3fp,0.6370285483859374,0,0.242,1,,
MolACE:CHEMBL1871_Ki,MoleculeACE,rmse,False,134,77,r3fp_desc,0.6353650937519858,0,0.21955555555555556,1,,
MolACE:CHEMBL1871_Ki,MoleculeACE,rmse,False,134,77,sup_dense,0.7850742616790448,0,0.0,0,0.4444,1
MolACE:CHEMBL1871_Ki,MoleculeACE,rmse,False,134,77,sup_dense_sparse,0.7728729701326723,0,0.0,0,0.4444,1
MolACE:CHEMBL1871_Ki,MoleculeACE,rmse,False,134,77,sup_mixed,0.7836269527566024,0,0.0,0,0.4444,1
MolACE:CHEMBL1871_Ki,MoleculeACE,rmse,False,134,77,sup_sparse,0.8857206344827091,0,0.0,0,0.0,0
MolACE:CHEMBL1871_Ki,MoleculeACE,rmse,False,134,77,sup_minimol,0.8201830412506765,0,0.0,0,0.035199999999999995,0
MolACE:CHEMBL1871_Ki,MoleculeACE,rmse,False,134,77,unsup,0.7874786285686293,0,0.008142857142857143,0,0.4444,1
MolACE:CHEMBL1871_Ki,MoleculeACE,rmse,False,134,77,u2s_dense,0.7425893057802949,0,0.0,0,,1
MolACE:CHEMBL1871_Ki,MoleculeACE,rmse,False,134,77,u2s_dense_sparse,0.9185042080352037,0,0.0,0,0.0055,0
MolACE:CHEMBL1871_Ki,MoleculeACE,rmse,False,134,77,u2s_mixed,0.8137630463066332,0,0.0,0,0.4444,1
MolACE:CHEMBL1871_Ki,MoleculeACE,rmse,False,134,77,u2s_sparse,0.8752059465879523,0,0.0,0,0.0,0
MolACE:CHEMBL1871_Ki,MoleculeACE,rmse,False,134,77,u2s_minimol,0.8717787643912278,0,0.0,0,0.0,0
MolACE:CHEMBL1871_Ki,MoleculeACE,rmse,False,134,77,s2u_dense,0.7663831464469452,0,0.010133333333333333,0,0.642,1
MolACE:CHEMBL1871_Ki,MoleculeACE,rmse,False,134,77,random_encoder,0.7575102593114793,0,0.0,0,,
MolACE:CHEMBL1871_Ki,MoleculeACE,rmse,False,134,77,e2e_no_pretrain,0.8957635880496684,0,0.0,0,,
MolACE:CHEMBL1871_Ki,MoleculeACE,rmse,False,134,77,chemeleon_e2e,0.6035072047183972,1,,1,,
MolACE:CHEMBL1871_Ki,MoleculeACE,rmse,False,134,77,chemeleon_frozen,0.8132706029928454,0,0.0,0,,
MolACE:CHEMBL2034_Ki,MoleculeACE,rmse,False,152,88,ecfp,0.7217720086698043,0,0.27549999999999997,1,,
MolACE:CHEMBL2034_Ki,MoleculeACE,rmse,False,152,88,ecfp_desc,0.6678024292632312,1,,1,,
MolACE:CHEMBL2034_Ki,MoleculeACE,rmse,False,152,88,r3fp,0.7146664579747495,0,0.4686666666666667,1,,
MolACE:CHEMBL2034_Ki,MoleculeACE,rmse,False,152,88,r3fp_desc,0.6547589021957955,0,0.605764705882353,1,,
MolACE:CHEMBL2034_Ki,MoleculeACE,rmse,False,152,88,sup_dense,0.7435700825922708,0,0.3098461538461538,1,0.088,1
MolACE:CHEMBL2034_Ki,MoleculeACE,rmse,False,152,88,sup_dense_sparse,0.7559351542467718,0,0.050666666666666665,1,0.066,1
MolACE:CHEMBL2034_Ki,MoleculeACE,rmse,False,152,88,sup_mixed,0.7167719509735089,0,0.4686666666666667,1,0.282,1
MolACE:CHEMBL2034_Ki,MoleculeACE,rmse,False,152,88,sup_sparse,0.7554449876054155,0,0.038,0,0.02514285714285714,0
MolACE:CHEMBL2034_Ki,MoleculeACE,rmse,False,152,88,sup_minimol,0.8422730457222334,0,0.0,0,0.0,0
MolACE:CHEMBL2034_Ki,MoleculeACE,rmse,False,152,88,unsup,0.6647420628708299,0,0.9360000000000002,1,,1
MolACE:CHEMBL2034_Ki,MoleculeACE,rmse,False,152,88,u2s_dense,0.7005313439420103,0,0.572375,1,0.282,1
MolACE:CHEMBL2034_Ki,MoleculeACE,rmse,False,152,88,u2s_dense_sparse,0.8177418172536021,0,0.0,0,0.0,0
MolACE:CHEMBL2034_Ki,MoleculeACE,rmse,False,152,88,u2s_mixed,0.7693021912266178,0,0.012666666666666666,0,0.004399999999999999,0
MolACE:CHEMBL2034_Ki,MoleculeACE,rmse,False,152,88,u2s_sparse,0.8382415510339631,0,0.0,0,0.0,0
MolACE:CHEMBL2034_Ki,MoleculeACE,rmse,False,152,88,u2s_minimol,0.8332405234394545,0,0.0,0,0.0,0
MolACE:CHEMBL2034_Ki,MoleculeACE,rmse,False,152,88,s2u_dense,0.7448986460797785,0,0.16236363636363638,1,0.014666666666666666,0
MolACE:CHEMBL2034_Ki,MoleculeACE,rmse,False,152,88,random_encoder,0.7875684088279813,0,0.0475,0,,
MolACE:CHEMBL2034_Ki,MoleculeACE,rmse,False,152,88,e2e_no_pretrain,0.8423114729688858,0,0.0,0,,
MolACE:CHEMBL2034_Ki,MoleculeACE,rmse,False,152,88,chemeleon_e2e,0.6852058477788181,0,0.7283333333333333,1,,
MolACE:CHEMBL2034_Ki,MoleculeACE,rmse,False,152,88,chemeleon_frozen,0.7393656288057868,0,0.13679999999999998,1,,
MolACE:CHEMBL2047_EC50,MoleculeACE,rmse,False,128,75,ecfp,0.5958802121521973,0,0.608,1,,
MolACE:CHEMBL2047_EC50,MoleculeACE,rmse,False,128,75,ecfp_desc,0.6493712798029551,0,0.5074117647058823,1,,
MolACE:CHEMBL2047_EC50,MoleculeACE,rmse,False,128,75,r3fp,0.6129127619125369,0,0.932,1,,
MolACE:CHEMBL2047_EC50,MoleculeACE,rmse,False,128,75,r3fp_desc,0.6690953388928402,0,0.282625,1,,
MolACE:CHEMBL2047_EC50,MoleculeACE,rmse,False,128,75,sup_dense,0.6719879744154618,0,0.21442857142857144,1,0.656,1
MolACE:CHEMBL2047_EC50,MoleculeACE,rmse,False,128,75,sup_dense_sparse,0.7480633760666492,0,0.03166666666666667,0,0.1364,1
MolACE:CHEMBL2047_EC50,MoleculeACE,rmse,False,128,75,sup_mixed,0.6568367721427285,0,0.282625,1,,1
MolACE:CHEMBL2047_EC50,MoleculeACE,rmse,False,128,75,sup_sparse,0.7088978247876518,0,0.152,1,0.4143333333333334,1
MolACE:CHEMBL2047_EC50,MoleculeACE,rmse,False,128,75,sup_minimol,0.7836271781477789,0,0.0304,0,0.0275,0
MolACE:CHEMBL2047_EC50,MoleculeACE,rmse,False,128,75,unsup,0.687155494999341,0,0.076,1,0.42460000000000003,1
MolACE:CHEMBL2047_EC50,MoleculeACE,rmse,False,128,75,u2s_dense,0.6976674212980464,0,0.11745454545454546,1,0.42460000000000003,1
MolACE:CHEMBL2047_EC50,MoleculeACE,rmse,False,128,75,u2s_dense_sparse,0.7683642965492923,0,0.0,0,0.011,0
MolACE:CHEMBL2047_EC50,MoleculeACE,rmse,False,128,75,u2s_mixed,0.6905551028109149,0,0.11745454545454546,1,0.42460000000000003,1
MolACE:CHEMBL2047_EC50,MoleculeACE,rmse,False,128,75,u2s_sparse,0.7803103655450327,0,0.0095,0,0.0275,0
MolACE:CHEMBL2047_EC50,MoleculeACE,rmse,False,128,75,u2s_minimol,0.7570855228077547,0,0.0,0,0.0,0
MolACE:CHEMBL2047_EC50,MoleculeACE,rmse,False,128,75,s2u_dense,0.7051746585902066,0,0.08444444444444445,1,0.42460000000000003,1
MolACE:CHEMBL2047_EC50,MoleculeACE,rmse,False,128,75,random_encoder,0.7256337795657956,0,0.054285714285714284,1,,
MolACE:CHEMBL2047_EC50,MoleculeACE,rmse,False,128,75,e2e_no_pretrain,0.8409723362799253,0,0.0,0,,
MolACE:CHEMBL2047_EC50,MoleculeACE,rmse,False,128,75,chemeleon_e2e,0.6146639536727624,1,,1,,
MolACE:CHEMBL2047_EC50,MoleculeACE,rmse,False,128,75,chemeleon_frozen,0.7345122277998789,0,0.152,1,,
MolACE:CHEMBL204_Ki,MoleculeACE,rmse,False,553,388,ecfp,0.7596157289814027,0,0.0,0,,
MolACE:CHEMBL204_Ki,MoleculeACE,rmse,False,553,388,ecfp_desc,0.7235216983869075,0,0.14,1,,
MolACE:CHEMBL204_Ki,MoleculeACE,rmse,False,553,388,r3fp,0.7423620914802861,0,0.0,0,,
MolACE:CHEMBL204_Ki,MoleculeACE,rmse,False,553,388,r3fp_desc,0.7235231262008331,0,0.06333333333333332,1,,
MolACE:CHEMBL204_Ki,MoleculeACE,rmse,False,553,388,sup_dense,0.868690877147212,0,0.0,0,,1
MolACE:CHEMBL204_Ki,MoleculeACE,rmse,False,553,388,sup_dense_sparse,0.9296319052192312,0,0.0,0,0.04714285714285714,0
MolACE:CHEMBL204_Ki,MoleculeACE,rmse,False,553,388,sup_mixed,0.9211420575667736,0,0.0,0,0.08524999999999999,1
MolACE:CHEMBL204_Ki,MoleculeACE,rmse,False,553,388,sup_sparse,1.0698160037510638,0,0.0,0,0.0,0
MolACE:CHEMBL204_Ki,MoleculeACE,rmse,False,553,388,sup_minimol,1.0507291311326232,0,0.0,0,0.0,0
MolACE:CHEMBL204_Ki,MoleculeACE,rmse,False,553,388,unsup,0.8715093298437323,0,0.0,0,0.9459999999999998,1
MolACE:CHEMBL204_Ki,MoleculeACE,rmse,False,553,388,u2s_dense,0.8776574194683457,0,0.0,0,0.7524000000000001,1
MolACE:CHEMBL204_Ki,MoleculeACE,rmse,False,553,388,u2s_dense_sparse,1.2122343472368866,0,0.0,0,0.0,0
MolACE:CHEMBL204_Ki,MoleculeACE,rmse,False,553,388,u2s_mixed,1.0303426167343477,0,0.0,0,0.0,0
MolACE:CHEMBL204_Ki,MoleculeACE,rmse,False,553,388,u2s_sparse,1.2101655355607033,0,0.0,0,0.0,0
MolACE:CHEMBL204_Ki,MoleculeACE,rmse,False,553,388,u2s_minimol,1.1751908522801218,0,0.0,0,0.0,0
MolACE:CHEMBL204_Ki,MoleculeACE,rmse,False,553,388,s2u_dense,0.8573433947834298,0,0.0,0,0.7524000000000001,1
MolACE:CHEMBL204_Ki,MoleculeACE,rmse,False,553,388,random_encoder,0.978937313750068,0,0.0,0,,
MolACE:CHEMBL204_Ki,MoleculeACE,rmse,False,553,388,e2e_no_pretrain,1.0180045133689493,0,0.0,0,,
MolACE:CHEMBL204_Ki,MoleculeACE,rmse,False,553,388,chemeleon_e2e,0.6722291711952112,1,,1,,
MolACE:CHEMBL204_Ki,MoleculeACE,rmse,False,553,388,chemeleon_frozen,0.8085020958614143,0,0.006705882352941177,0,,
MolACE:CHEMBL2147_Ki,MoleculeACE,rmse,False,294,209,ecfp,0.619319877693191,0,0.021111111111111112,0,,
MolACE:CHEMBL2147_Ki,MoleculeACE,rmse,False,294,209,ecfp_desc,0.6397815069641656,0,0.008941176470588235,0,,
MolACE:CHEMBL2147_Ki,MoleculeACE,rmse,False,294,209,r3fp,0.6141099474263658,0,0.042,0,,
MolACE:CHEMBL2147_Ki,MoleculeACE,rmse,False,294,209,r3fp_desc,0.6449444536012365,0,0.008941176470588235,0,,
MolACE:CHEMBL2147_Ki,MoleculeACE,rmse,False,294,209,sup_dense,0.7553700691107657,0,0.0,0,0.578,1
MolACE:CHEMBL2147_Ki,MoleculeACE,rmse,False,294,209,sup_dense_sparse,0.7959814969035137,0,0.0,0,0.517,1
MolACE:CHEMBL2147_Ki,MoleculeACE,rmse,False,294,209,sup_mixed,0.8380349162325427,0,0.0,0,0.16028571428571428,1
MolACE:CHEMBL2147_Ki,MoleculeACE,rmse,False,294,209,sup_sparse,0.8773299197514232,0,0.0,0,0.0308,0
MolACE:CHEMBL2147_Ki,MoleculeACE,rmse,False,294,209,sup_minimol,0.9044930913743804,0,0.0,0,0.0165,0
MolACE:CHEMBL2147_Ki,MoleculeACE,rmse,False,294,209,unsup,0.7403641303107226,0,0.0,0,0.36025,1
MolACE:CHEMBL2147_Ki,MoleculeACE,rmse,False,294,209,u2s_dense,0.7995929958740109,0,0.0,0,0.517,1
MolACE:CHEMBL2147_Ki,MoleculeACE,rmse,False,294,209,u2s_dense_sparse,0.9268142078501808,0,0.0,0,0.0,0
MolACE:CHEMBL2147_Ki,MoleculeACE,rmse,False,294,209,u2s_mixed,0.8636236592999551,0,0.0,0,0.044000000000000004,0
MolACE:CHEMBL2147_Ki,MoleculeACE,rmse,False,294,209,u2s_sparse,0.9571827553920872,0,0.0,0,0.0,0
MolACE:CHEMBL2147_Ki,MoleculeACE,rmse,False,294,209,u2s_minimol,0.9719420388621491,0,0.0,0,0.0,0
MolACE:CHEMBL2147_Ki,MoleculeACE,rmse,False,294,209,s2u_dense,0.7722689596029705,0,0.0,0,,1
MolACE:CHEMBL2147_Ki,MoleculeACE,rmse,False,294,209,random_encoder,0.8206675944390925,0,0.0,0,,
MolACE:CHEMBL2147_Ki,MoleculeACE,rmse,False,294,209,e2e_no_pretrain,0.8817553826567159,0,0.0,0,,
MolACE:CHEMBL2147_Ki,MoleculeACE,rmse,False,294,209,chemeleon_e2e,0.5459105424929609,1,,1,,
MolACE:CHEMBL2147_Ki,MoleculeACE,rmse,False,294,209,chemeleon_frozen,0.732198778078184,0,0.0,0,,
MolACE:CHEMBL214_Ki,MoleculeACE,rmse,False,666,454,ecfp,0.6767716107674663,0,0.002533333333333333,0,,
MolACE:CHEMBL214_Ki,MoleculeACE,rmse,False,666,454,ecfp_desc,0.6759833905527484,0,0.00475,0,,
MolACE:CHEMBL214_Ki,MoleculeACE,rmse,False,666,454,r3fp,0.6616967986822542,0,0.056,1,,
MolACE:CHEMBL214_Ki,MoleculeACE,rmse,False,666,454,r3fp_desc,0.6685773736076136,0,0.006705882352941177,0,,
MolACE:CHEMBL214_Ki,MoleculeACE,rmse,False,666,454,sup_dense,0.7691002259548894,0,0.0,0,0.878,1
MolACE:CHEMBL214_Ki,MoleculeACE,rmse,False,666,454,sup_dense_sparse,0.8284109973206395,0,0.0,0,0.022000000000000002,0
MolACE:CHEMBL214_Ki,MoleculeACE,rmse,False,666,454,sup_mixed,0.8161041290802814,0,0.0,0,0.06325,1
MolACE:CHEMBL214_Ki,MoleculeACE,rmse,False,666,454,sup_sparse,0.8886703832831392,0,0.0,0,0.0,0
MolACE:CHEMBL214_Ki,MoleculeACE,rmse,False,666,454,sup_minimol,0.888361772709925,0,0.0,0,0.0,0
MolACE:CHEMBL214_Ki,MoleculeACE,rmse,False,666,454,unsup,0.7719911159810672,0,0.0,0,,1
MolACE:CHEMBL214_Ki,MoleculeACE,rmse,False,666,454,u2s_dense,0.7556110413398768,0,0.0,0,0.5389999999999999,1
MolACE:CHEMBL214_Ki,MoleculeACE,rmse,False,666,454,u2s_dense_sparse,0.9302621698383906,0,0.0,0,0.0,0
MolACE:CHEMBL214_Ki,MoleculeACE,rmse,False,666,454,u2s_mixed,0.8243649159466462,0,0.0,0,0.056571428571428564,1
MolACE:CHEMBL214_Ki,MoleculeACE,rmse,False,666,454,u2s_sparse,0.9607539268174482,0,0.0,0,0.0,0
MolACE:CHEMBL214_Ki,MoleculeACE,rmse,False,666,454,u2s_minimol,0.9348699017154292,0,0.0,0,0.0,0
MolACE:CHEMBL214_Ki,MoleculeACE,rmse,False,666,454,s2u_dense,0.7844677587613875,0,0.0,0,0.5389999999999999,1
MolACE:CHEMBL214_Ki,MoleculeACE,rmse,False,666,454,random_encoder,0.8077205262290416,0,0.0,0,,
MolACE:CHEMBL214_Ki,MoleculeACE,rmse,False,666,454,e2e_no_pretrain,0.8463372558739941,0,0.0,0,,
MolACE:CHEMBL214_Ki,MoleculeACE,rmse,False,666,454,chemeleon_e2e,0.6327852382109704,1,,1,,
MolACE:CHEMBL214_Ki,MoleculeACE,rmse,False,666,454,chemeleon_frozen,0.7127779153395838,0,0.02322222222222222,0,,
MolACE:CHEMBL218_EC50,MoleculeACE,rmse,False,208,164,ecfp,0.7118847647396889,0,0.20055555555555554,1,,
MolACE:CHEMBL218_EC50,MoleculeACE,rmse,False,208,164,ecfp_desc,0.69975461472313,0,0.030875,0,,
MolACE:CHEMBL218_EC50,MoleculeACE,rmse,False,208,164,r3fp,0.7015446155716141,0,0.16541176470588234,1,,
MolACE:CHEMBL218_EC50,MoleculeACE,rmse,False,208,164,r3fp_desc,0.6676167560254731,1,,1,,
MolACE:CHEMBL218_EC50,MoleculeACE,rmse,False,208,164,sup_dense,0.7853320083219968,0,0.0,0,,1
MolACE:CHEMBL218_EC50,MoleculeACE,rmse,False,208,164,sup_dense_sparse,0.7919837594457716,0,0.0027142857142857142,0,0.886,1
MolACE:CHEMBL218_EC50,MoleculeACE,rmse,False,208,164,sup_mixed,0.8227692995654737,0,0.0,0,0.41485714285714287,1
MolACE:CHEMBL218_EC50,MoleculeACE,rmse,False,208,164,sup_sparse,0.8888852276700341,0,0.0,0,0.058666666666666666,1
MolACE:CHEMBL218_EC50,MoleculeACE,rmse,False,208,164,sup_minimol,0.8548632048894546,0,0.0,0,0.27499999999999997,1
MolACE:CHEMBL218_EC50,MoleculeACE,rmse,False,208,164,unsup,0.7661107954237164,0,0.0027142857142857142,0,0.7546,1
MolACE:CHEMBL218_EC50,MoleculeACE,rmse,False,208,164,u2s_dense,0.7983359702869071,0,0.0,0,0.7546,1
MolACE:CHEMBL218_EC50,MoleculeACE,rmse,False,208,164,u2s_dense_sparse,1.0143329805423698,0,0.0,0,0.022,0
MolACE:CHEMBL218_EC50,MoleculeACE,rmse,False,208,164,u2s_mixed,0.8406840167141334,0,0.0,0,0.27499999999999997,1
MolACE:CHEMBL218_EC50,MoleculeACE,rmse,False,208,164,u2s_sparse,0.9056676022046121,0,0.0,0,0.055,1
MolACE:CHEMBL218_EC50,MoleculeACE,rmse,False,208,164,u2s_minimol,0.8787544651322481,0,0.0,0,0.0715,1
MolACE:CHEMBL218_EC50,MoleculeACE,rmse,False,208,164,s2u_dense,0.7723546657081639,0,0.0,0,0.7546,1
MolACE:CHEMBL218_EC50,MoleculeACE,rmse,False,208,164,random_encoder,0.8151023849864044,0,0.0,0,,
MolACE:CHEMBL218_EC50,MoleculeACE,rmse,False,208,164,e2e_no_pretrain,0.9524675751657922,0,0.0,0,,
MolACE:CHEMBL218_EC50,MoleculeACE,rmse,False,208,164,chemeleon_e2e,0.6841286058108021,0,0.57,1,,
MolACE:CHEMBL218_EC50,MoleculeACE,rmse,False,208,164,chemeleon_frozen,0.7452795200440286,0,0.010133333333333333,0,,
MolACE:CHEMBL219_Ki,MoleculeACE,rmse,False,374,262,ecfp,0.703498226415146,0,0.16541176470588234,1,,
MolACE:CHEMBL219_Ki,MoleculeACE,rmse,False,374,262,ecfp_desc,0.7078582291931818,0,0.21533333333333332,1,,
MolACE:CHEMBL219_Ki,MoleculeACE,rmse,False,374,262,r3fp,0.7083147517440354,0,0.1425,1,,
MolACE:CHEMBL219_Ki,MoleculeACE,rmse,False,374,262,r3fp_desc,0.6948131965701492,0,0.316,1,,
MolACE:CHEMBL219_Ki,MoleculeACE,rmse,False,374,262,sup_dense,0.8257823296842165,0,0.0,0,0.41525,1
MolACE:CHEMBL219_Ki,MoleculeACE,rmse,False,374,262,sup_dense_sparse,0.8199496299310267,0,0.0,0,0.636,1
MolACE:CHEMBL219_Ki,MoleculeACE,rmse,False,374,262,sup_mixed,0.8602693419406248,0,0.0,0,0.088,1
MolACE:CHEMBL219_Ki,MoleculeACE,rmse,False,374,262,sup_sparse,0.938886663776984,0,0.0,0,0.0,0
MolACE:CHEMBL219_Ki,MoleculeACE,rmse,False,374,262,sup_minimol,0.9117619786987179,0,0.0,0,0.0,0
MolACE:CHEMBL219_Ki,MoleculeACE,rmse,False,374,262,unsup,0.8247521260710312,0,0.0,0,0.5108888888888888,1
MolACE:CHEMBL219_Ki,MoleculeACE,rmse,False,374,262,u2s_dense,0.800930125999176,0,0.0,0,,1
MolACE:CHEMBL219_Ki,MoleculeACE,rmse,False,374,262,u2s_dense_sparse,0.9817461347887787,0,0.0,0,0.0,0
MolACE:CHEMBL219_Ki,MoleculeACE,rmse,False,374,262,u2s_mixed,0.8832303140082529,0,0.0,0,0.029333333333333333,0
MolACE:CHEMBL219_Ki,MoleculeACE,rmse,False,374,262,u2s_sparse,0.9619593796658008,0,0.0,0,0.0,0
MolACE:CHEMBL219_Ki,MoleculeACE,rmse,False,374,262,u2s_minimol,0.9672229632430226,0,0.0,0,0.0,0
MolACE:CHEMBL219_Ki,MoleculeACE,rmse,False,374,262,s2u_dense,0.8165191589023119,0,0.0,0,0.636,1
MolACE:CHEMBL219_Ki,MoleculeACE,rmse,False,374,262,random_encoder,0.866974323503681,0,0.0,0,,
MolACE:CHEMBL219_Ki,MoleculeACE,rmse,False,374,262,e2e_no_pretrain,0.9140860582759257,0,0.0,0,,
MolACE:CHEMBL219_Ki,MoleculeACE,rmse,False,374,262,chemeleon_e2e,0.666623610288862,1,,1,,
MolACE:CHEMBL219_Ki,MoleculeACE,rmse,False,374,262,chemeleon_frozen,0.7501801193719222,0,0.050666666666666665,1,,
MolACE:CHEMBL228_Ki,MoleculeACE,rmse,False,342,216,ecfp,0.6336363051502473,0,0.9800000000000001,1,,
MolACE:CHEMBL228_Ki,MoleculeACE,rmse,False,342,216,ecfp_desc,0.6788918752794847,0,0.09611764705882353,1,,
MolACE:CHEMBL228_Ki,MoleculeACE,rmse,False,342,216,r3fp,0.6725713732299915,0,0.12244444444444445,1,,
MolACE:CHEMBL228_Ki,MoleculeACE,rmse,False,342,216,r3fp_desc,0.6808526759555524,0,0.09611764705882353,1,,
MolACE:CHEMBL228_Ki,MoleculeACE,rmse,False,342,216,sup_dense,0.7302823823357758,0,0.020266666666666665,0,,1
MolACE:CHEMBL228_Ki,MoleculeACE,rmse,False,342,216,sup_dense_sparse,0.7389387884954425,0,0.005846153846153846,0,0.678,1
MolACE:CHEMBL228_Ki,MoleculeACE,rmse,False,342,216,sup_mixed,0.7853911105767758,0,0.0,0,0.06875,1
MolACE:CHEMBL228_Ki,MoleculeACE,rmse,False,342,216,sup_sparse,0.8582992579941413,0,0.0,0,0.0,0
MolACE:CHEMBL228_Ki,MoleculeACE,rmse,False,342,216,sup_minimol,0.9203237104921926,0,0.0,0,0.0,0
MolACE:CHEMBL228_Ki,MoleculeACE,rmse,False,342,216,unsup,0.7517711368093238,0,0.0,0,0.5720000000000001,1
MolACE:CHEMBL228_Ki,MoleculeACE,rmse,False,342,216,u2s_dense,0.7522844509715949,0,0.0031666666666666666,0,0.4546666666666666,1
MolACE:CHEMBL228_Ki,MoleculeACE,rmse,False,342,216,u2s_dense_sparse,0.9629440423411049,0,0.0,0,0.0,0
MolACE:CHEMBL228_Ki,MoleculeACE,rmse,False,342,216,u2s_mixed,0.863775087698206,0,0.0,0,0.0,0
MolACE:CHEMBL228_Ki,MoleculeACE,rmse,False,342,216,u2s_sparse,0.9889140804090661,0,0.0,0,0.0,0
MolACE:CHEMBL228_Ki,MoleculeACE,rmse,False,342,216,u2s_minimol,0.9872683274651217,0,0.0,0,0.0,0
MolACE:CHEMBL228_Ki,MoleculeACE,rmse,False,342,216,s2u_dense,0.8254209327907389,0,0.0,0,0.0,0
MolACE:CHEMBL228_Ki,MoleculeACE,rmse,False,342,216,random_encoder,0.8519222911484826,0,0.0,0,,
MolACE:CHEMBL228_Ki,MoleculeACE,rmse,False,342,216,e2e_no_pretrain,0.8704040672320075,0,0.0,0,,
MolACE:CHEMBL228_Ki,MoleculeACE,rmse,False,342,216,chemeleon_e2e,0.6346779424594199,1,,1,,
MolACE:CHEMBL228_Ki,MoleculeACE,rmse,False,342,216,chemeleon_frozen,0.770955145879321,0,0.013571428571428571,0,,
MolACE:CHEMBL231_Ki,MoleculeACE,rmse,False,197,161,ecfp,0.7608208611784018,0,0.008142857142857143,0,,
MolACE:CHEMBL231_Ki,MoleculeACE,rmse,False,197,161,ecfp_desc,0.6938995013787336,0,0.6417777777777778,1,,
MolACE:CHEMBL231_Ki,MoleculeACE,rmse,False,197,161,r3fp,0.7067151098996769,0,0.301764705882353,1,,
MolACE:CHEMBL231_Ki,MoleculeACE,rmse,False,197,161,r3fp_desc,0.6858906271331122,0,0.706,1,,
MolACE:CHEMBL231_Ki,MoleculeACE,rmse,False,197,161,sup_dense,0.7920105558911971,0,0.0031666666666666666,0,0.916,1
MolACE:CHEMBL231_Ki,MoleculeACE,rmse,False,197,161,sup_dense_sparse,0.811397116202597,0,0.0,0,0.916,1
MolACE:CHEMBL231_Ki,MoleculeACE,rmse,False,197,161,sup_mixed,0.833868278221223,0,0.0,0,0.916,1
MolACE:CHEMBL231_Ki,MoleculeACE,rmse,False,197,161,sup_sparse,0.8573319507866843,0,0.0,0,0.462,1
MolACE:CHEMBL231_Ki,MoleculeACE,rmse,False,197,161,sup_minimol,0.884481657376917,0,0.0,0,0.154,1
MolACE:CHEMBL231_Ki,MoleculeACE,rmse,False,197,161,unsup,0.8057723504181629,0,0.0031666666666666666,0,0.916,1
MolACE:CHEMBL231_Ki,MoleculeACE,rmse,False,197,161,u2s_dense,0.802825888238676,0,0.005846153846153846,0,,1
MolACE:CHEMBL231_Ki,MoleculeACE,rmse,False,197,161,u2s_dense_sparse,0.9615333969014371,0,0.0,0,0.088,1
MolACE:CHEMBL231_Ki,MoleculeACE,rmse,False,197,161,u2s_mixed,0.7894368543568775,0,0.038,0,0.916,1
MolACE:CHEMBL231_Ki,MoleculeACE,rmse,False,197,161,u2s_sparse,0.9505343159916572,0,0.0,0,0.088,1
MolACE:CHEMBL231_Ki,MoleculeACE,rmse,False,197,161,u2s_minimol,0.9457204431703939,0,0.0,0,0.154,1
MolACE:CHEMBL231_Ki,MoleculeACE,rmse,False,197,161,s2u_dense,0.7894400355702204,0,0.012666666666666666,0,0.916,1
MolACE:CHEMBL231_Ki,MoleculeACE,rmse,False,197,161,random_encoder,0.8371369487569934,0,0.0,0,,
MolACE:CHEMBL231_Ki,MoleculeACE,rmse,False,197,161,e2e_no_pretrain,0.9253300580698572,0,0.0,0,,
MolACE:CHEMBL231_Ki,MoleculeACE,rmse,False,197,161,chemeleon_e2e,0.6700234496730365,1,,1,,
MolACE:CHEMBL231_Ki,MoleculeACE,rmse,False,197,161,chemeleon_frozen,1.1678434811910587,0,0.0,0,,
MolACE:CHEMBL233_Ki,MoleculeACE,rmse,False,630,420,ecfp,0.8112837018925356,0,0.007125,0,,
MolACE:CHEMBL233_Ki,MoleculeACE,rmse,False,630,420,ecfp_desc,0.7542865685833574,0,0.894,1,,
MolACE:CHEMBL233_Ki,MoleculeACE,rmse,False,630,420,r3fp,0.7814371924247248,0,0.18552941176470591,1,,
MolACE:CHEMBL233_Ki,MoleculeACE,rmse,False,630,420,r3fp_desc,0.7471514407833997,0,0.8761111111111111,1,,
MolACE:CHEMBL233_Ki,MoleculeACE,rmse,False,630,420,sup_dense,0.870956069043576,0,0.0,0,,1
MolACE:CHEMBL233_Ki,MoleculeACE,rmse,False,630,420,sup_dense_sparse,0.9309339042063879,0,0.0,0,0.03457142857142857,0
MolACE:CHEMBL233_Ki,MoleculeACE,rmse,False,630,420,sup_mixed,0.867331652080229,0,0.0,0,0.882,1
MolACE:CHEMBL233_Ki,MoleculeACE,rmse,False,630,420,sup_sparse,1.0170741501373957,0,0.0,0,0.0,0
MolACE:CHEMBL233_Ki,MoleculeACE,rmse,False,630,420,sup_minimol,0.9825832182812207,0,0.0,0,0.0,0
MolACE:CHEMBL233_Ki,MoleculeACE,rmse,False,630,420,unsup,0.8904679043264089,0,0.0,0,0.484,1
MolACE:CHEMBL233_Ki,MoleculeACE,rmse,False,630,420,u2s_dense,0.9071546692600077,0,0.0,0,0.14666666666666664,1
MolACE:CHEMBL233_Ki,MoleculeACE,rmse,False,630,420,u2s_dense_sparse,1.0609264402831475,0,0.0,0,0.0,0
MolACE:CHEMBL233_Ki,MoleculeACE,rmse,False,630,420,u2s_mixed,0.9457953042411035,0,0.0,0,0.022000000000000002,0
MolACE:CHEMBL233_Ki,MoleculeACE,rmse,False,630,420,u2s_sparse,1.0487583629898751,0,0.0,0,0.0,0
MolACE:CHEMBL233_Ki,MoleculeACE,rmse,False,630,420,u2s_minimol,1.0457490520021475,0,0.0,0,0.0,0
MolACE:CHEMBL233_Ki,MoleculeACE,rmse,False,630,420,s2u_dense,0.9062525318249282,0,0.0,0,0.11,1
MolACE:CHEMBL233_Ki,MoleculeACE,rmse,False,630,420,random_encoder,0.959542998175344,0,0.0,0,,
MolACE:CHEMBL233_Ki,MoleculeACE,rmse,False,630,420,e2e_no_pretrain,1.0071029113754224,0,0.0,0,,
MolACE:CHEMBL233_Ki,MoleculeACE,rmse,False,630,420,chemeleon_e2e,0.75208125971499,1,,1,,
MolACE:CHEMBL233_Ki,MoleculeACE,rmse,False,630,420,chemeleon_frozen,0.8233207735850439,0,0.007125,0,,
MolACE:CHEMBL234_Ki,MoleculeACE,rmse,False,733,506,ecfp,0.6544606637978304,0,0.0,0,,
MolACE:CHEMBL234_Ki,MoleculeACE,rmse,False,733,506,ecfp_desc,0.6372397550654256,0,0.025333333333333333,0,,
MolACE:CHEMBL234_Ki,MoleculeACE,rmse,False,733,506,r3fp,0.6521284670551943,0,0.004470588235294118,0,,
MolACE:CHEMBL234_Ki,MoleculeACE,rmse,False,733,506,r3fp_desc,0.6402684519554355,0,0.026,0,,
MolACE:CHEMBL234_Ki,MoleculeACE,rmse,False,733,506,sup_dense,0.7261050561786698,0,0.0,0,,1
MolACE:CHEMBL234_Ki,MoleculeACE,rmse,False,733,506,sup_dense_sparse,0.7654814439341221,0,0.0,0,0.09288888888888888,1
MolACE:CHEMBL234_Ki,MoleculeACE,rmse,False,733,506,sup_mixed,0.7822435132932456,0,0.0,0,0.018857142857142857,0
MolACE:CHEMBL234_Ki,MoleculeACE,rmse,False,733,506,sup_sparse,0.8532609291278478,0,0.0,0,0.0,0
MolACE:CHEMBL234_Ki,MoleculeACE,rmse,False,733,506,sup_minimol,0.8693576394483515,0,0.0,0,0.0,0
MolACE:CHEMBL234_Ki,MoleculeACE,rmse,False,733,506,unsup,0.7478286641908235,0,0.0,0,0.258,1
MolACE:CHEMBL234_Ki,MoleculeACE,rmse,False,733,506,u2s_dense,0.7613140547686393,0,0.0,0,0.0385,0
MolACE:CHEMBL234_Ki,MoleculeACE,rmse,False,733,506,u2s_dense_sparse,0.8963551095716675,0,0.0,0,0.0,0
MolACE:CHEMBL234_Ki,MoleculeACE,rmse,False,733,506,u2s_mixed,0.8227646182948878,0,0.0,0,0.0,0
MolACE:CHEMBL234_Ki,MoleculeACE,rmse,False,733,506,u2s_sparse,0.9592636794217375,0,0.0,0,0.0,0
MolACE:CHEMBL234_Ki,MoleculeACE,rmse,False,733,506,u2s_minimol,0.9033210914408529,0,0.0,0,0.0,0
MolACE:CHEMBL234_Ki,MoleculeACE,rmse,False,733,506,s2u_dense,0.7599345447628372,0,0.0,0,0.1254,1
MolACE:CHEMBL234_Ki,MoleculeACE,rmse,False,733,506,random_encoder,0.7913050886102816,0,0.0,0,,
MolACE:CHEMBL234_Ki,MoleculeACE,rmse,False,733,506,e2e_no_pretrain,0.8385884921792144,0,0.0,0,,
MolACE:CHEMBL234_Ki,MoleculeACE,rmse,False,733,506,chemeleon_e2e,0.6027584624940856,1,,1,,
MolACE:CHEMBL234_Ki,MoleculeACE,rmse,False,733,506,chemeleon_frozen,0.6920504492005484,0,0.0,0,,
MolACE:CHEMBL235_EC50,MoleculeACE,rmse,False,472,306,ecfp,0.6693074591643138,0,0.045125,0,,
MolACE:CHEMBL235_EC50,MoleculeACE,rmse,False,472,306,ecfp_desc,0.6333822014865489,1,,1,,
MolACE:CHEMBL235_EC50,MoleculeACE,rmse,False,472,306,r3fp,0.6430438809021335,0,0.589,1,,
MolACE:CHEMBL235_EC50,MoleculeACE,rmse,False,472,306,r3fp_desc,0.6175928477876287,0,0.2816470588235294,1,,
MolACE:CHEMBL235_EC50,MoleculeACE,rmse,False,472,306,sup_dense,0.6978328072235087,0,0.017733333333333334,0,0.24514285714285713,1
MolACE:CHEMBL235_EC50,MoleculeACE,rmse,False,472,306,sup_dense_sparse,0.7842083813782859,0,0.0,0,0.24514285714285713,1
MolACE:CHEMBL235_EC50,MoleculeACE,rmse,False,472,306,sup_mixed,0.7781653356461795,0,0.0,0,0.29975,1
MolACE:CHEMBL235_EC50,MoleculeACE,rmse,False,472,306,sup_sparse,0.7806710054407366,0,0.0,0,0.2332,1
MolACE:CHEMBL235_EC50,MoleculeACE,rmse,False,472,306,sup_minimol,0.8001449215229238,0,0.0,0,0.055,1
MolACE:CHEMBL235_EC50,MoleculeACE,rmse,False,472,306,unsup,0.7141436934922192,0,0.0027142857142857142,0,0.4553999999999999,1
MolACE:CHEMBL235_EC50,MoleculeACE,rmse,False,472,306,u2s_dense,0.7472928536600607,0,0.0,0,0.518,1
MolACE:CHEMBL235_EC50,MoleculeACE,rmse,False,472,306,u2s_dense_sparse,0.8920589436400723,0,0.0,0,0.0,0
MolACE:CHEMBL235_EC50,MoleculeACE,rmse,False,472,306,u2s_mixed,0.7095459052293908,0,0.0027142857142857142,0,0.4553999999999999,1
MolACE:CHEMBL235_EC50,MoleculeACE,rmse,False,472,306,u2s_sparse,0.81664609329503,0,0.0,0,0.022,0
MolACE:CHEMBL235_EC50,MoleculeACE,rmse,False,472,306,u2s_minimol,0.8216430088310279,0,0.0,0,0.055,1
MolACE:CHEMBL235_EC50,MoleculeACE,rmse,False,472,306,s2u_dense,0.734390047090115,0,0.0,0,,1
MolACE:CHEMBL235_EC50,MoleculeACE,rmse,False,472,306,random_encoder,0.7846163138325745,0,0.0,0,,
MolACE:CHEMBL235_EC50,MoleculeACE,rmse,False,472,306,e2e_no_pretrain,0.7867879092028197,0,0.0,0,,
MolACE:CHEMBL235_EC50,MoleculeACE,rmse,False,472,306,chemeleon_e2e,0.6370043804851047,0,0.842,1,,
MolACE:CHEMBL235_EC50,MoleculeACE,rmse,False,472,306,chemeleon_frozen,0.8624480755707347,0,0.0,0,,
MolACE:CHEMBL236_Ki,MoleculeACE,rmse,False,521,357,ecfp,0.6973244666785059,0,0.17658823529411766,1,,
MolACE:CHEMBL236_Ki,MoleculeACE,rmse,False,521,357,ecfp_desc,0.70777686821035,0,0.18366666666666664,1,,
MolACE:CHEMBL236_Ki,MoleculeACE,rmse,False,521,357,r3fp,0.6780055886002725,1,,1,,
MolACE:CHEMBL236_Ki,MoleculeACE,rmse,False,521,357,r3fp_desc,0.7062668878604413,0,0.106875,1,,
MolACE:CHEMBL236_Ki,MoleculeACE,rmse,False,521,357,sup_dense,0.8504754534381448,0,0.0,0,,1
MolACE:CHEMBL236_Ki,MoleculeACE,rmse,False,521,357,sup_dense_sparse,0.8937167871614007,0,0.0,0,0.08171428571428571,1
MolACE:CHEMBL236_Ki,MoleculeACE,rmse,False,521,357,sup_mixed,0.8413081629294977,0,0.0,0,0.9093333333333332,1
MolACE:CHEMBL236_Ki,MoleculeACE,rmse,False,521,357,sup_sparse,1.0120784286035724,0,0.0,0,0.0,0
MolACE:CHEMBL236_Ki,MoleculeACE,rmse,False,521,357,sup_minimol,1.0059803241036993,0,0.0,0,0.0,0
MolACE:CHEMBL236_Ki,MoleculeACE,rmse,False,521,357,unsup,0.8509961563008301,0,0.0,0,0.964,1
MolACE:CHEMBL236_Ki,MoleculeACE,rmse,False,521,357,u2s_dense,0.8706193166672935,0,0.0,0,0.5417500000000001,1
MolACE:CHEMBL236_Ki,MoleculeACE,rmse,False,521,357,u2s_dense_sparse,0.9827944221655633,0,0.0,0,0.0,0
MolACE:CHEMBL236_Ki,MoleculeACE,rmse,False,521,357,u2s_mixed,0.9433345792026089,0,0.0,0,0.0,0
MolACE:CHEMBL236_Ki,MoleculeACE,rmse,False,521,357,u2s_sparse,1.0211316127352978,0,0.0,0,0.0,0
MolACE:CHEMBL236_Ki,MoleculeACE,rmse,False,521,357,u2s_minimol,1.0681908123382025,0,0.0,0,0.0,0
MolACE:CHEMBL236_Ki,MoleculeACE,rmse,False,521,357,s2u_dense,0.8507850358711181,0,0.0,0,0.964,1
MolACE:CHEMBL236_Ki,MoleculeACE,rmse,False,521,357,random_encoder,0.937720508318308,0,0.0,0,,
MolACE:CHEMBL236_Ki,MoleculeACE,rmse,False,521,357,e2e_no_pretrain,0.9350167890962674,0,0.0,0,,
MolACE:CHEMBL236_Ki,MoleculeACE,rmse,False,521,357,chemeleon_e2e,0.6951608996681089,0,0.352,1,,
MolACE:CHEMBL236_Ki,MoleculeACE,rmse,False,521,357,chemeleon_frozen,0.9598585748465134,0,0.0,0,,
MolACE:CHEMBL237_EC50,MoleculeACE,rmse,False,193,137,ecfp,0.7394899437856756,0,0.7689411764705882,1,,
MolACE:CHEMBL237_EC50,MoleculeACE,rmse,False,193,137,ecfp_desc,0.7232391000497572,0,0.85,1,,
MolACE:CHEMBL237_EC50,MoleculeACE,rmse,False,193,137,r3fp,0.7732979433932906,0,0.377625,1,,
MolACE:CHEMBL237_EC50,MoleculeACE,rmse,False,193,137,r3fp_desc,0.7273246829753014,1,,1,,
MolACE:CHEMBL237_EC50,MoleculeACE,rmse,False,193,137,sup_dense,0.836720638547844,0,0.054285714285714284,1,,1
MolACE:CHEMBL237_EC50,MoleculeACE,rmse,False,193,137,sup_dense_sparse,0.877250507596015,0,0.0,0,0.45925000000000005,1
MolACE:CHEMBL237_EC50,MoleculeACE,rmse,False,193,137,sup_mixed,0.8450957277185632,0,0.0114,0,0.88,1
MolACE:CHEMBL237_EC50,MoleculeACE,rmse,False,193,137,sup_sparse,0.9747224005860048,0,0.0,0,0.044,0
MolACE:CHEMBL237_EC50,MoleculeACE,rmse,False,193,137,sup_minimol,0.9764588627360481,0,0.0,0,0.0,0
MolACE:CHEMBL237_EC50,MoleculeACE,rmse,False,193,137,unsup,0.8308698156508948,0,0.034833333333333334,0,0.88,1
MolACE:CHEMBL237_EC50,MoleculeACE,rmse,False,193,137,u2s_dense,0.7885157751596639,0,0.2685333333333333,1,0.264,1
MolACE:CHEMBL237_EC50,MoleculeACE,rmse,False,193,137,u2s_dense_sparse,0.944017239751054,0,0.0,0,0.18480000000000002,1
MolACE:CHEMBL237_EC50,MoleculeACE,rmse,False,193,137,u2s_mixed,0.8961021755656288,0,0.0114,0,0.25666666666666665,1
MolACE:CHEMBL237_EC50,MoleculeACE,rmse,False,193,137,u2s_sparse,1.0491639034251141,0,0.0,0,0.0,0
MolACE:CHEMBL237_EC50,MoleculeACE,rmse,False,193,137,u2s_minimol,1.0396436545684327,0,0.0,0,0.007333333333333333,0
MolACE:CHEMBL237_EC50,MoleculeACE,rmse,False,193,137,s2u_dense,0.8438043707071404,0,0.013818181818181818,0,0.88,1
MolACE:CHEMBL237_EC50,MoleculeACE,rmse,False,193,137,random_encoder,0.8577272010675105,0,0.0114,0,,
MolACE:CHEMBL237_EC50,MoleculeACE,rmse,False,193,137,e2e_no_pretrain,1.0757095098250231,0,0.0,0,,
MolACE:CHEMBL237_EC50,MoleculeACE,rmse,False,193,137,chemeleon_e2e,0.7368037534619579,0,0.85,1,,
MolACE:CHEMBL237_EC50,MoleculeACE,rmse,False,193,137,chemeleon_frozen,0.9472083530431169,0,0.04092307692307692,0,,
MolACE:CHEMBL237_Ki,MoleculeACE,rmse,False,522,333,ecfp,0.7173572740452265,0,0.021374999999999998,0,,
MolACE:CHEMBL237_Ki,MoleculeACE,rmse,False,522,333,ecfp_desc,0.6981257597855344,0,0.11822222222222223,1,,
MolACE:CHEMBL237_Ki,MoleculeACE,rmse,False,522,333,r3fp,0.7056640167315726,0,0.04023529411764706,0,,
MolACE:CHEMBL237_Ki,MoleculeACE,rmse,False,522,333,r3fp_desc,0.6737806497320376,1,,1,,
MolACE:CHEMBL237_Ki,MoleculeACE,rmse,False,522,333,sup_dense,0.8337448652414867,0,0.0,0,0.4,1
MolACE:CHEMBL237_Ki,MoleculeACE,rmse,False,522,333,sup_dense_sparse,0.8617978612450972,0,0.0,0,0.05342857142857143,1
MolACE:CHEMBL237_Ki,MoleculeACE,rmse,False,522,333,sup_mixed,0.8467509289239797,0,0.0,0,0.187,1
MolACE:CHEMBL237_Ki,MoleculeACE,rmse,False,522,333,sup_sparse,0.9358844408571263,0,0.0,0,0.0,0
MolACE:CHEMBL237_Ki,MoleculeACE,rmse,False,522,333,sup_minimol,0.9397493346862876,0,0.0,0,0.0,0
MolACE:CHEMBL237_Ki,MoleculeACE,rmse,False,522,333,unsup,0.8523029390266171,0,0.0,0,0.11733333333333335,1
MolACE:CHEMBL237_Ki,MoleculeACE,rmse,False,522,333,u2s_dense,0.8565768121809916,0,0.0,0,0.1045,1
MolACE:CHEMBL237_Ki,MoleculeACE,rmse,False,522,333,u2s_dense_sparse,0.978436438885514,0,0.0,0,0.0,0
MolACE:CHEMBL237_Ki,MoleculeACE,rmse,False,522,333,u2s_mixed,0.9314621476070903,0,0.0,0,0.0,0
MolACE:CHEMBL237_Ki,MoleculeACE,rmse,False,522,333,u2s_sparse,1.0484976884261257,0,0.0,0,0.0,0
MolACE:CHEMBL237_Ki,MoleculeACE,rmse,False,522,333,u2s_minimol,1.062670752150469,0,0.0,0,0.0,0
MolACE:CHEMBL237_Ki,MoleculeACE,rmse,False,522,333,s2u_dense,0.8137249380035805,0,0.0,0,,1
MolACE:CHEMBL237_Ki,MoleculeACE,rmse,False,522,333,random_encoder,0.9106638444368816,0,0.0,0,,
MolACE:CHEMBL237_Ki,MoleculeACE,rmse,False,522,333,e2e_no_pretrain,0.9147384437223697,0,0.0,0,,
MolACE:CHEMBL237_Ki,MoleculeACE,rmse,False,522,333,chemeleon_e2e,0.688888990245298,0,0.48,1,,
MolACE:CHEMBL237_Ki,MoleculeACE,rmse,False,522,333,chemeleon_frozen,0.8969672201733636,0,0.0,0,,
MolACE:CHEMBL238_Ki,MoleculeACE,rmse,False,213,128,ecfp,0.6162386250619846,0,0.43066666666666664,1,,
MolACE:CHEMBL238_Ki,MoleculeACE,rmse,False,213,128,ecfp_desc,0.6310024460135125,0,0.285,1,,
MolACE:CHEMBL238_Ki,MoleculeACE,rmse,False,213,128,r3fp,0.5962373247976822,1,,1,,
MolACE:CHEMBL238_Ki,MoleculeACE,rmse,False,213,128,r3fp_desc,0.6266631181696799,0,0.3397647058823529,1,,
MolACE:CHEMBL238_Ki,MoleculeACE,rmse,False,213,128,sup_dense,0.6732583884388036,0,0.032933333333333335,0,,1
MolACE:CHEMBL238_Ki,MoleculeACE,rmse,False,213,128,sup_dense_sparse,0.7733323513161207,0,0.0,0,0.0,0
MolACE:CHEMBL238_Ki,MoleculeACE,rmse,False,213,128,sup_mixed,0.719138535496568,0,0.0054285714285714284,0,0.1122,1
MolACE:CHEMBL238_Ki,MoleculeACE,rmse,False,213,128,sup_sparse,0.830650596323443,0,0.0,0,0.0,0
MolACE:CHEMBL238_Ki,MoleculeACE,rmse,False,213,128,sup_minimol,0.8583808631440463,0,0.0,0,0.0,0
MolACE:CHEMBL238_Ki,MoleculeACE,rmse,False,213,128,unsup,0.753493580191827,0,0.0,0,0.009777777777777778,0
MolACE:CHEMBL238_Ki,MoleculeACE,rmse,False,213,128,u2s_dense,0.7151335325556584,0,0.002923076923076923,0,0.276,1
MolACE:CHEMBL238_Ki,MoleculeACE,rmse,False,213,128,u2s_dense_sparse,0.9537601735859919,0,0.0,0,0.0,0
MolACE:CHEMBL238_Ki,MoleculeACE,rmse,False,213,128,u2s_mixed,0.8000800898290167,0,0.0,0,0.0031428571428571426,0
MolACE:CHEMBL238_Ki,MoleculeACE,rmse,False,213,128,u2s_sparse,0.9300226848409365,0,0.0,0,0.0,0
MolACE:CHEMBL238_Ki,MoleculeACE,rmse,False,213,128,u2s_minimol,0.9221600346146476,0,0.0,0,0.0,0
MolACE:CHEMBL238_Ki,MoleculeACE,rmse,False,213,128,s2u_dense,0.7699000591947096,0,0.0,0,0.0055,0
MolACE:CHEMBL238_Ki,MoleculeACE,rmse,False,213,128,random_encoder,0.7741809792358769,0,0.0,0,,
MolACE:CHEMBL238_Ki,MoleculeACE,rmse,False,213,128,e2e_no_pretrain,1.0048424124864601,0,0.0,0,,
MolACE:CHEMBL238_Ki,MoleculeACE,rmse,False,213,128,chemeleon_e2e,0.6111010465850204,0,0.646,1,,
MolACE:CHEMBL238_Ki,MoleculeACE,rmse,False,213,128,chemeleon_frozen,0.9590290856683609,0,0.0,0,,
MolACE:CHEMBL239_EC50,MoleculeACE,rmse,False,347,214,ecfp,0.6609822051394733,0,0.862,1,,
MolACE:CHEMBL239_EC50,MoleculeACE,rmse,False,347,214,ecfp_desc,0.7070180639406864,0,0.024588235294117647,0,,
MolACE:CHEMBL239_EC50,MoleculeACE,rmse,False,347,214,r3fp,0.6576055221417946,1,,1,,
MolACE:CHEMBL239_EC50,MoleculeACE,rmse,False,347,214,r3fp_desc,0.7033578567482008,0,0.021374999999999998,0,,
MolACE:CHEMBL239_EC50,MoleculeACE,rmse,False,347,214,sup_dense,0.8269780914430757,0,0.0,0,0.21999999999999997,1
MolACE:CHEMBL239_EC50,MoleculeACE,rmse,False,347,214,sup_dense_sparse,0.8017152930731185,0,0.0,0,0.5793333333333333,1
MolACE:CHEMBL239_EC50,MoleculeACE,rmse,False,347,214,sup_mixed,0.7784513271675478,0,0.0,0,0.982,1
MolACE:CHEMBL239_EC50,MoleculeACE,rmse,False,347,214,sup_sparse,0.8574447996121528,0,0.0,0,0.077,1
MolACE:CHEMBL239_EC50,MoleculeACE,rmse,False,347,214,sup_minimol,0.8183949603167111,0,0.0,0,0.4997142857142857,1
MolACE:CHEMBL239_EC50,MoleculeACE,rmse,False,347,214,unsup,0.7619293137701173,0,0.0,0,0.5793333333333333,1
MolACE:CHEMBL239_EC50,MoleculeACE,rmse,False,347,214,u2s_dense,0.7641075346821998,0,0.0,0,0.638,1
MolACE:CHEMBL239_EC50,MoleculeACE,rmse,False,347,214,u2s_dense_sparse,0.9767368238107025,0,0.0,0,0.0,0
MolACE:CHEMBL239_EC50,MoleculeACE,rmse,False,347,214,u2s_mixed,0.8421763200661242,0,0.0,0,0.1276,1
MolACE:CHEMBL239_EC50,MoleculeACE,rmse,False,347,214,u2s_sparse,0.8613817749363346,0,0.0,0,0.014666666666666666,0
MolACE:CHEMBL239_EC50,MoleculeACE,rmse,False,347,214,u2s_minimol,0.8930456188173687,0,0.0,0,0.0,0
MolACE:CHEMBL239_EC50,MoleculeACE,rmse,False,347,214,s2u_dense,0.7777118949733431,0,0.0,0,,1
MolACE:CHEMBL239_EC50,MoleculeACE,rmse,False,347,214,random_encoder,0.8321690968566325,0,0.0,0,,
MolACE:CHEMBL239_EC50,MoleculeACE,rmse,False,347,214,e2e_no_pretrain,0.8952629584371256,0,0.0,0,,
MolACE:CHEMBL239_EC50,MoleculeACE,rmse,False,347,214,chemeleon_e2e,0.6645833695287888,0,0.8064444444444444,1,,
MolACE:CHEMBL239_EC50,MoleculeACE,rmse,False,347,214,chemeleon_frozen,0.9176946341115262,0,0.0,0,,
MolACE:CHEMBL244_Ki,MoleculeACE,rmse,False,621,377,ecfp,0.7358386865701766,0,0.0,0,,
MolACE:CHEMBL244_Ki,MoleculeACE,rmse,False,621,377,ecfp_desc,0.7193634382054905,0,0.006705882352941177,0,,
MolACE:CHEMBL244_Ki,MoleculeACE,rmse,False,621,377,r3fp,0.6937706915293053,0,0.07388888888888889,1,,
MolACE:CHEMBL244_Ki,MoleculeACE,rmse,False,621,377,r3fp_desc,0.6992256607385652,0,0.092,1,,
MolACE:CHEMBL244_Ki,MoleculeACE,rmse,False,621,377,sup_dense,0.8316632229943585,0,0.0,0,0.2354,1
MolACE:CHEMBL244_Ki,MoleculeACE,rmse,False,621,377,sup_dense_sparse,0.9678887844092876,0,0.0,0,0.0036666666666666666,0
MolACE:CHEMBL244_Ki,MoleculeACE,rmse,False,621,377,sup_mixed,0.9091138043291296,0,0.0,0,0.2354,1
MolACE:CHEMBL244_Ki,MoleculeACE,rmse,False,621,377,sup_sparse,0.966738144933803,0,0.0,0,0.0036666666666666666,0
MolACE:CHEMBL244_Ki,MoleculeACE,rmse,False,621,377,sup_minimol,1.0222783170445455,0,0.0,0,0.0,0
MolACE:CHEMBL244_Ki,MoleculeACE,rmse,False,621,377,unsup,0.8341136813418903,0,0.0,0,0.17875000000000002,1
MolACE:CHEMBL244_Ki,MoleculeACE,rmse,False,621,377,u2s_dense,0.8500850697617471,0,0.0,0,0.5,1
MolACE:CHEMBL244_Ki,MoleculeACE,rmse,False,621,377,u2s_dense_sparse,1.1596154925687334,0,0.0,0,0.0,0
MolACE:CHEMBL244_Ki,MoleculeACE,rmse,False,621,377,u2s_mixed,0.9302700832812897,0,0.0,0,0.040857142857142856,0
MolACE:CHEMBL244_Ki,MoleculeACE,rmse,False,621,377,u2s_sparse,1.0875821977914246,0,0.0,0,0.0,0
MolACE:CHEMBL244_Ki,MoleculeACE,rmse,False,621,377,u2s_minimol,1.046728160759356,0,0.0,0,0.0,0
MolACE:CHEMBL244_Ki,MoleculeACE,rmse,False,621,377,s2u_dense,0.8675919324824117,0,0.0,0,,1
MolACE:CHEMBL244_Ki,MoleculeACE,rmse,False,621,377,random_encoder,0.9374211501909269,0,0.0,0,,
MolACE:CHEMBL244_Ki,MoleculeACE,rmse,False,621,377,e2e_no_pretrain,1.0055499343144523,0,0.0,0,,
MolACE:CHEMBL244_Ki,MoleculeACE,rmse,False,621,377,chemeleon_e2e,0.663984686298418,1,,1,,
MolACE:CHEMBL244_Ki,MoleculeACE,rmse,False,621,377,chemeleon_frozen,0.7968475241228884,0,0.0,0,,
MolACE:CHEMBL262_Ki,MoleculeACE,rmse,False,173,125,ecfp,0.6911654615065336,0,0.706,1,,
MolACE:CHEMBL262_Ki,MoleculeACE,rmse,False,173,125,ecfp_desc,0.7042201199339853,0,0.45376470588235296,1,,
MolACE:CHEMBL262_Ki,MoleculeACE,rmse,False,173,125,r3fp,0.6959004902217963,0,0.5953333333333333,1,,
MolACE:CHEMBL262_Ki,MoleculeACE,rmse,False,173,125,r3fp_desc,0.6992855021819049,0,0.45376470588235296,1,,
MolACE:CHEMBL262_Ki,MoleculeACE,rmse,False,173,125,sup_dense,0.8953362148707766,0,0.0,0,0.8279999999999998,1
MolACE:CHEMBL262_Ki,MoleculeACE,rmse,False,173,125,sup_dense_sparse,0.8844660650485725,0,0.0,0,0.8279999999999998,1
MolACE:CHEMBL262_Ki,MoleculeACE,rmse,False,173,125,sup_mixed,0.8584530893809978,0,0.0,0,0.8279999999999998,1
MolACE:CHEMBL262_Ki,MoleculeACE,rmse,False,173,125,sup_sparse,0.8802961562267894,0,0.0,0,0.8279999999999998,1
MolACE:CHEMBL262_Ki,MoleculeACE,rmse,False,173,125,sup_minimol,0.9232161710378807,0,0.0,0,0.8279999999999998,1
MolACE:CHEMBL262_Ki,MoleculeACE,rmse,False,173,125,unsup,0.847342569258363,0,0.0,0,0.8279999999999998,1
MolACE:CHEMBL262_Ki,MoleculeACE,rmse,False,173,125,u2s_dense,0.8828840626704324,0,0.0,0,0.8279999999999998,1
MolACE:CHEMBL262_Ki,MoleculeACE,rmse,False,173,125,u2s_dense_sparse,0.8986695668848721,0,0.0,0,0.8279999999999998,1
MolACE:CHEMBL262_Ki,MoleculeACE,rmse,False,173,125,u2s_mixed,0.8982869002038718,0,0.0,0,0.8279999999999998,1
MolACE:CHEMBL262_Ki,MoleculeACE,rmse,False,173,125,u2s_sparse,0.9294167542370267,0,0.0,0,0.8279999999999998,1
MolACE:CHEMBL262_Ki,MoleculeACE,rmse,False,173,125,u2s_minimol,0.9395927831713267,0,0.0,0,0.8279999999999998,1
MolACE:CHEMBL262_Ki,MoleculeACE,rmse,False,173,125,s2u_dense,0.8720278242423773,0,0.0,0,,1
MolACE:CHEMBL262_Ki,MoleculeACE,rmse,False,173,125,random_encoder,0.9451172862625793,0,0.0,0,,
MolACE:CHEMBL262_Ki,MoleculeACE,rmse,False,173,125,e2e_no_pretrain,0.9648957623801335,0,0.0,0,,
MolACE:CHEMBL262_Ki,MoleculeACE,rmse,False,173,125,chemeleon_e2e,0.6780362942319388,1,,1,,
MolACE:CHEMBL262_Ki,MoleculeACE,rmse,False,173,125,chemeleon_frozen,0.9395679405027719,0,0.0,0,,
MolACE:CHEMBL264_Ki,MoleculeACE,rmse,False,574,439,ecfp,0.646598427297919,0,0.0,0,,
MolACE:CHEMBL264_Ki,MoleculeACE,rmse,False,574,439,ecfp_desc,0.605143433231547,0,0.042222222222222223,0,,
MolACE:CHEMBL264_Ki,MoleculeACE,rmse,False,574,439,r3fp,0.6404737807661274,0,0.0,0,,
MolACE:CHEMBL264_Ki,MoleculeACE,rmse,False,574,439,r3fp_desc,0.5855733702098636,0,0.216,1,,
MolACE:CHEMBL264_Ki,MoleculeACE,rmse,False,574,439,sup_dense,0.6941588443916638,0,0.0,0,,1
MolACE:CHEMBL264_Ki,MoleculeACE,rmse,False,574,439,sup_dense_sparse,0.6993013991279088,0,0.0,0,0.8800000000000001,1
MolACE:CHEMBL264_Ki,MoleculeACE,rmse,False,574,439,sup_mixed,0.6774993447123951,0,0.0,0,0.6191428571428572,1
MolACE:CHEMBL264_Ki,MoleculeACE,rmse,False,574,439,sup_sparse,0.8106964413172959,0,0.0,0,0.0,0
MolACE:CHEMBL264_Ki,MoleculeACE,rmse,False,574,439,sup_minimol,0.7871038222989883,0,0.0,0,0.0,0
MolACE:CHEMBL264_Ki,MoleculeACE,rmse,False,574,439,unsup,0.7054843292302,0,0.0,0,0.7452500000000001,1
MolACE:CHEMBL264_Ki,MoleculeACE,rmse,False,574,439,u2s_dense,0.7000263679814346,0,0.0,0,0.8800000000000001,1
MolACE:CHEMBL264_Ki,MoleculeACE,rmse,False,574,439,u2s_dense_sparse,0.8792144180557562,0,0.0,0,0.0,0
MolACE:CHEMBL264_Ki,MoleculeACE,rmse,False,574,439,u2s_mixed,0.8007894067913363,0,0.0,0,0.0,0
MolACE:CHEMBL264_Ki,MoleculeACE,rmse,False,574,439,u2s_sparse,0.8629777088456778,0,0.0,0,0.0,0
MolACE:CHEMBL264_Ki,MoleculeACE,rmse,False,574,439,u2s_minimol,0.8348815177012834,0,0.0,0,0.0,0
MolACE:CHEMBL264_Ki,MoleculeACE,rmse,False,574,439,s2u_dense,0.6938161049297475,0,0.0,0,1.0,1
MolACE:CHEMBL264_Ki,MoleculeACE,rmse,False,574,439,random_encoder,0.7797198867856955,0,0.0,0,,
MolACE:CHEMBL264_Ki,MoleculeACE,rmse,False,574,439,e2e_no_pretrain,0.808637639019178,0,0.0,0,,
MolACE:CHEMBL264_Ki,MoleculeACE,rmse,False,574,439,chemeleon_e2e,0.5631895494202906,1,,1,,
MolACE:CHEMBL264_Ki,MoleculeACE,rmse,False,574,439,chemeleon_frozen,0.7456784322748232,0,0.0,0,,
MolACE:CHEMBL2835_Ki,MoleculeACE,rmse,False,126,82,ecfp,0.43173695297306774,0,0.49692307692307697,1,,
MolACE:CHEMBL2835_Ki,MoleculeACE,rmse,False,126,82,ecfp_desc,0.4277545132640797,0,0.8444444444444446,1,,
MolACE:CHEMBL2835_Ki,MoleculeACE,rmse,False,126,82,r3fp,0.4137851694981461,1,,1,,
MolACE:CHEMBL2835_Ki,MoleculeACE,rmse,False,126,82,r3fp_desc,0.42695325984975385,0,0.8444444444444446,1,,
MolACE:CHEMBL2835_Ki,MoleculeACE,rmse,False,126,82,sup_dense,0.4223859761783879,0,0.8444444444444446,1,,1
MolACE:CHEMBL2835_Ki,MoleculeACE,rmse,False,126,82,sup_dense_sparse,0.4920469289999883,0,0.08549999999999999,1,0.06599999999999999,1
MolACE:CHEMBL2835_Ki,MoleculeACE,rmse,False,126,82,sup_mixed,0.42317689443358175,0,0.8444444444444446,1,0.964,1
MolACE:CHEMBL2835_Ki,MoleculeACE,rmse,False,126,82,sup_sparse,0.49141028217689336,0,0.10766666666666667,1,0.044,0
MolACE:CHEMBL2835_Ki,MoleculeACE,rmse,False,126,82,sup_minimol,0.4996785289284338,0,0.33725,1,0.15675,1
MolACE:CHEMBL2835_Ki,MoleculeACE,rmse,False,126,82,unsup,0.4488348786640765,0,0.49692307692307697,1,0.20044444444444445,1
MolACE:CHEMBL2835_Ki,MoleculeACE,rmse,False,126,82,u2s_dense,0.4145613305658442,0,0.9060000000000001,1,0.6952,1
MolACE:CHEMBL2835_Ki,MoleculeACE,rmse,False,126,82,u2s_dense_sparse,0.4743998532713464,0,0.4897777777777778,1,0.15675,1
MolACE:CHEMBL2835_Ki,MoleculeACE,rmse,False,126,82,u2s_mixed,0.534184568410306,0,0.025333333333333333,0,0.033,0
MolACE:CHEMBL2835_Ki,MoleculeACE,rmse,False,126,82,u2s_sparse,0.5826347293735075,0,0.0,0,0.0,0
MolACE:CHEMBL2835_Ki,MoleculeACE,rmse,False,126,82,u2s_minimol,0.5225628013300456,0,0.0988,1,0.044,0
MolACE:CHEMBL2835_Ki,MoleculeACE,rmse,False,126,82,s2u_dense,0.48197503443740675,0,0.14114285714285715,1,0.15675,1
MolACE:CHEMBL2835_Ki,MoleculeACE,rmse,False,126,82,random_encoder,0.4451282042987164,0,0.49692307692307697,1,,
MolACE:CHEMBL2835_Ki,MoleculeACE,rmse,False,126,82,e2e_no_pretrain,0.6088935758647183,0,0.0,0,,
MolACE:CHEMBL2835_Ki,MoleculeACE,rmse,False,126,82,chemeleon_e2e,0.42693152738833706,0,0.8444444444444446,1,,
MolACE:CHEMBL2835_Ki,MoleculeACE,rmse,False,126,82,chemeleon_frozen,0.4506743156656743,0,0.49692307692307697,1,,
MolACE:CHEMBL287_Ki,MoleculeACE,rmse,False,267,192,ecfp,0.721482601282395,0,0.002923076923076923,0,,
MolACE:CHEMBL287_Ki,MoleculeACE,rmse,False,267,192,ecfp_desc,0.6825040387875557,0,0.13722222222222225,1,,
MolACE:CHEMBL287_Ki,MoleculeACE,rmse,False,267,192,r3fp,0.6825829080827103,0,0.13722222222222225,1,,
MolACE:CHEMBL287_Ki,MoleculeACE,rmse,False,267,192,r3fp_desc,0.6624962026000689,0,0.33,1,,
MolACE:CHEMBL287_Ki,MoleculeACE,rmse,False,267,192,sup_dense,0.7729831904103153,0,0.0,0,0.01711111111111111,0
MolACE:CHEMBL287_Ki,MoleculeACE,rmse,False,267,192,sup_dense_sparse,0.7018290305352849,0,0.059375000000000004,1,,1
MolACE:CHEMBL287_Ki,MoleculeACE,rmse,False,267,192,sup_mixed,0.7640555568558702,0,0.0,0,0.039599999999999996,0
MolACE:CHEMBL287_Ki,MoleculeACE,rmse,False,267,192,sup_sparse,0.8087068414867984,0,0.002923076923076923,0,0.0,0
MolACE:CHEMBL287_Ki,MoleculeACE,rmse,False,267,192,sup_minimol,0.8887578410692343,0,0.0,0,0.0,0
MolACE:CHEMBL287_Ki,MoleculeACE,rmse,False,267,192,unsup,0.7486998612203658,0,0.0054285714285714284,0,0.18,1
MolACE:CHEMBL287_Ki,MoleculeACE,rmse,False,267,192,u2s_dense,0.8014828981456525,0,0.0,0,0.00825,0
MolACE:CHEMBL287_Ki,MoleculeACE,rmse,False,267,192,u2s_dense_sparse,0.9214256638216058,0,0.0,0,0.0,0
MolACE:CHEMBL287_Ki,MoleculeACE,rmse,False,267,192,u2s_mixed,0.9007057539231199,0,0.0,0,0.0,0
MolACE:CHEMBL287_Ki,MoleculeACE,rmse,False,267,192,u2s_sparse,0.8766491097397333,0,0.0,0,0.0,0
MolACE:CHEMBL287_Ki,MoleculeACE,rmse,False,267,192,u2s_minimol,0.8890891097513269,0,0.0,0,0.0,0
MolACE:CHEMBL287_Ki,MoleculeACE,rmse,False,267,192,s2u_dense,0.821086681404544,0,0.0,0,0.0,0
MolACE:CHEMBL287_Ki,MoleculeACE,rmse,False,267,192,random_encoder,0.8118178738588689,0,0.0,0,,
MolACE:CHEMBL287_Ki,MoleculeACE,rmse,False,267,192,e2e_no_pretrain,0.8268981756296051,0,0.0,0,,
MolACE:CHEMBL287_Ki,MoleculeACE,rmse,False,267,192,chemeleon_e2e,0.6306814663539868,1,,1,,
MolACE:CHEMBL287_Ki,MoleculeACE,rmse,False,267,192,chemeleon_frozen,0.7447698597152438,0,0.0076,0,,
MolACE:CHEMBL2971_Ki,MoleculeACE,rmse,False,197,137,ecfp,0.6386049282745513,0,0.615125,1,,
MolACE:CHEMBL2971_Ki,MoleculeACE,rmse,False,197,137,ecfp_desc,0.6308226343420642,0,0.6565555555555556,1,,
MolACE:CHEMBL2971_Ki,MoleculeACE,rmse,False,197,137,r3fp,0.6213842585528319,0,0.728,1,,
MolACE:CHEMBL2971_Ki,MoleculeACE,rmse,False,197,137,r3fp_desc,0.630234033979486,0,0.6565555555555556,1,,
MolACE:CHEMBL2971_Ki,MoleculeACE,rmse,False,197,137,sup_dense,0.7151780396304201,0,0.08476923076923078,1,0.3014,1
MolACE:CHEMBL2971_Ki,MoleculeACE,rmse,False,197,137,sup_dense_sparse,0.737844107184312,0,0.0038,0,0.03666666666666666,0
MolACE:CHEMBL2971_Ki,MoleculeACE,rmse,False,197,137,sup_mixed,0.6985521471453535,0,0.08476923076923078,1,0.432,1
MolACE:CHEMBL2971_Ki,MoleculeACE,rmse,False,197,137,sup_sparse,0.8493281534419557,0,0.0,0,0.0,0
MolACE:CHEMBL2971_Ki,MoleculeACE,rmse,False,197,137,sup_minimol,0.8678480042338897,0,0.0,0,0.0,0
MolACE:CHEMBL2971_Ki,MoleculeACE,rmse,False,197,137,unsup,0.7542540613810766,0,0.0,0,0.007333333333333333,0
MolACE:CHEMBL2971_Ki,MoleculeACE,rmse,False,197,137,u2s_dense,0.6646371335187806,0,0.21026666666666669,1,,1
MolACE:CHEMBL2971_Ki,MoleculeACE,rmse,False,197,137,u2s_dense_sparse,0.8129580033267457,0,0.0,0,0.0,0
MolACE:CHEMBL2971_Ki,MoleculeACE,rmse,False,197,137,u2s_mixed,0.7849796080602429,0,0.0038,0,0.004399999999999999,0
MolACE:CHEMBL2971_Ki,MoleculeACE,rmse,False,197,137,u2s_sparse,0.8395901548904434,0,0.0,0,0.0,0
MolACE:CHEMBL2971_Ki,MoleculeACE,rmse,False,197,137,u2s_minimol,0.8075829519890607,0,0.006909090909090909,0,0.009428571428571429,0
MolACE:CHEMBL2971_Ki,MoleculeACE,rmse,False,197,137,s2u_dense,0.7656451765402665,0,0.0,0,0.022,0
MolACE:CHEMBL2971_Ki,MoleculeACE,rmse,False,197,137,random_encoder,0.7598853284415363,0,0.0,0,,
MolACE:CHEMBL2971_Ki,MoleculeACE,rmse,False,197,137,e2e_no_pretrain,1.1968129645631604,0,0.0,0,,
MolACE:CHEMBL2971_Ki,MoleculeACE,rmse,False,197,137,chemeleon_e2e,0.610779747940688,1,,1,,
MolACE:CHEMBL2971_Ki,MoleculeACE,rmse,False,197,137,chemeleon_frozen,0.7857732275952097,0,0.14385714285714285,1,,
MolACE:CHEMBL3979_EC50,MoleculeACE,rmse,False,226,135,ecfp,0.6433596222282724,0,0.152,1,,
MolACE:CHEMBL3979_EC50,MoleculeACE,rmse,False,226,135,ecfp_desc,0.6079833768867183,1,,1,,
MolACE:CHEMBL3979_EC50,MoleculeACE,rmse,False,226,135,r3fp,0.6383065027638661,0,0.23011111111111113,1,,
MolACE:CHEMBL3979_EC50,MoleculeACE,rmse,False,226,135,r3fp_desc,0.6173661109440617,0,0.532,1,,
MolACE:CHEMBL3979_EC50,MoleculeACE,rmse,False,226,135,sup_dense,0.688295210029429,0,0.005066666666666666,0,,1
MolACE:CHEMBL3979_EC50,MoleculeACE,rmse,False,226,135,sup_dense_sparse,0.7399166309133195,0,0.0,0,0.308,1
MolACE:CHEMBL3979_EC50,MoleculeACE,rmse,False,226,135,sup_mixed,0.7032376902506874,0,0.0027142857142857142,0,0.7414000000000001,1
MolACE:CHEMBL3979_EC50,MoleculeACE,rmse,False,226,135,sup_sparse,0.8369624831173023,0,0.0,0,0.0165,0
MolACE:CHEMBL3979_EC50,MoleculeACE,rmse,False,226,135,sup_minimol,0.7722304161458069,0,0.0,0,0.1276,1
MolACE:CHEMBL3979_EC50,MoleculeACE,rmse,False,226,135,unsup,0.6920359808917442,0,0.0,0,0.872,1
MolACE:CHEMBL3979_EC50,MoleculeACE,rmse,False,226,135,u2s_dense,0.7157971911569994,0,0.0,0,0.33275,1
MolACE:CHEMBL3979_EC50,MoleculeACE,rmse,False,226,135,u2s_dense_sparse,0.8942397172667111,0,0.0,0,0.0,0
MolACE:CHEMBL3979_EC50,MoleculeACE,rmse,False,226,135,u2s_mixed,0.7241469682688966,0,0.0,0,0.4106666666666667,1
MolACE:CHEMBL3979_EC50,MoleculeACE,rmse,False,226,135,u2s_sparse,0.8775141874704195,0,0.0,0,0.007333333333333333,0
MolACE:CHEMBL3979_EC50,MoleculeACE,rmse,False,226,135,u2s_minimol,0.8358299024563858,0,0.0,0,0.007333333333333333,0
MolACE:CHEMBL3979_EC50,MoleculeACE,rmse,False,226,135,s2u_dense,0.7322494316071537,0,0.0,0,0.308,1
MolACE:CHEMBL3979_EC50,MoleculeACE,rmse,False,226,135,random_encoder,0.7414935921871203,0,0.0,0,,
MolACE:CHEMBL3979_EC50,MoleculeACE,rmse,False,226,135,e2e_no_pretrain,0.8992558248116,0,0.0,0,,
MolACE:CHEMBL3979_EC50,MoleculeACE,rmse,False,226,135,chemeleon_e2e,0.6510705213691402,0,0.0475,0,,
MolACE:CHEMBL3979_EC50,MoleculeACE,rmse,False,226,135,chemeleon_frozen,0.9906642758719513,0,0.0,0,,
MolACE:CHEMBL4005_Ki,MoleculeACE,rmse,False,193,133,ecfp,0.6661962269611396,0,0.17575,1,,
MolACE:CHEMBL4005_Ki,MoleculeACE,rmse,False,193,133,ecfp_desc,0.6268678788692651,1,,1,,
MolACE:CHEMBL4005_Ki,MoleculeACE,rmse,False,193,133,r3fp,0.6517572093978079,0,0.47711111111111115,1,,
MolACE:CHEMBL4005_Ki,MoleculeACE,rmse,False,193,133,r3fp_desc,0.6287878059271345,0,0.918,1,,
MolACE:CHEMBL4005_Ki,MoleculeACE,rmse,False,193,133,sup_dense,0.7525565859275907,0,0.0,0,0.1485,1
MolACE:CHEMBL4005_Ki,MoleculeACE,rmse,False,193,133,sup_dense_sparse,0.8068844411053379,0,0.0,0,0.033,0
MolACE:CHEMBL4005_Ki,MoleculeACE,rmse,False,193,133,sup_mixed,0.7466177358984387,0,0.0,0,0.37620000000000003,1
MolACE:CHEMBL4005_Ki,MoleculeACE,rmse,False,193,133,sup_sparse,0.7831081576596761,0,0.0,0,0.07228571428571429,1
MolACE:CHEMBL4005_Ki,MoleculeACE,rmse,False,193,133,sup_minimol,0.822260789549922,0,0.0,0,0.007333333333333333,0
MolACE:CHEMBL4005_Ki,MoleculeACE,rmse,False,193,133,unsup,0.7836066871733076,0,0.0,0,0.0484,0
MolACE:CHEMBL4005_Ki,MoleculeACE,rmse,False,193,133,u2s_dense,0.7170792089118115,0,0.0,0,,1
MolACE:CHEMBL4005_Ki,MoleculeACE,rmse,False,193,133,u2s_dense_sparse,0.8005123948503874,0,0.0,0,0.0,0
MolACE:CHEMBL4005_Ki,MoleculeACE,rmse,False,193,133,u2s_mixed,0.7211909864279787,0,0.017733333333333334,0,0.898,1
MolACE:CHEMBL4005_Ki,MoleculeACE,rmse,False,193,133,u2s_sparse,0.8106772474340697,0,0.0,0,0.007333333333333333,0
MolACE:CHEMBL4005_Ki,MoleculeACE,rmse,False,193,133,u2s_minimol,0.7914354065792203,0,0.0,0,0.06233333333333333,1
MolACE:CHEMBL4005_Ki,MoleculeACE,rmse,False,193,133,s2u_dense,0.7516896102513979,0,0.0,0,0.32266666666666666,1
MolACE:CHEMBL4005_Ki,MoleculeACE,rmse,False,193,133,random_encoder,0.7828272796305781,0,0.0,0,,
MolACE:CHEMBL4005_Ki,MoleculeACE,rmse,False,193,133,e2e_no_pretrain,0.8055660571977535,0,0.0,0,,
MolACE:CHEMBL4005_Ki,MoleculeACE,rmse,False,193,133,chemeleon_e2e,0.6622181399298434,0,0.42023529411764704,1,,
MolACE:CHEMBL4005_Ki,MoleculeACE,rmse,False,193,133,chemeleon_frozen,0.9078761770336475,0,0.0,0,,
MolACE:CHEMBL4203_Ki,MoleculeACE,rmse,False,149,132,ecfp,0.8653331408875028,0,0.2,1,,
MolACE:CHEMBL4203_Ki,MoleculeACE,rmse,False,149,132,ecfp_desc,0.9065799444900982,0,0.01425,0,,
MolACE:CHEMBL4203_Ki,MoleculeACE,rmse,False,149,132,r3fp,0.8176070082679963,1,,1,,
MolACE:CHEMBL4203_Ki,MoleculeACE,rmse,False,149,132,r3fp_desc,0.8787832018652001,0,0.09835294117647059,1,,
MolACE:CHEMBL4203_Ki,MoleculeACE,rmse,False,149,132,sup_dense,1.0199747345842227,0,0.0,0,0.396,1
MolACE:CHEMBL4203_Ki,MoleculeACE,rmse,False,149,132,sup_dense_sparse,1.0346715858944366,0,0.0,0,0.396,1
MolACE:CHEMBL4203_Ki,MoleculeACE,rmse,False,149,132,sup_mixed,1.026133510835971,0,0.0,0,0.396,1
MolACE:CHEMBL4203_Ki,MoleculeACE,rmse,False,149,132,sup_sparse,1.0122465278209962,0,0.0,0,0.396,1
MolACE:CHEMBL4203_Ki,MoleculeACE,rmse,False,149,132,sup_minimol,0.9635971823840492,0,0.0076,0,0.9,1
MolACE:CHEMBL4203_Ki,MoleculeACE,rmse,False,149,132,unsup,1.0278721799726516,0,0.0,0,0.396,1
MolACE:CHEMBL4203_Ki,MoleculeACE,rmse,False,149,132,u2s_dense,1.032596097084128,0,0.0,0,0.396,1
MolACE:CHEMBL4203_Ki,MoleculeACE,rmse,False,149,132,u2s_dense_sparse,0.9880499219609932,0,0.0,0,0.40425,1
MolACE:CHEMBL4203_Ki,MoleculeACE,rmse,False,149,132,u2s_mixed,0.9871369547050947,0,0.0,0,0.5346,1
MolACE:CHEMBL4203_Ki,MoleculeACE,rmse,False,149,132,u2s_sparse,0.9580490410466004,0,0.0076,0,,1
MolACE:CHEMBL4203_Ki,MoleculeACE,rmse,False,149,132,u2s_minimol,0.9879371637592587,0,0.0,0,0.5346,1
MolACE:CHEMBL4203_Ki,MoleculeACE,rmse,False,149,132,s2u_dense,1.0320143659648064,0,0.0,0,0.396,1
MolACE:CHEMBL4203_Ki,MoleculeACE,rmse,False,149,132,random_encoder,1.0034054631404972,0,0.0,0,,
MolACE:CHEMBL4203_Ki,MoleculeACE,rmse,False,149,132,e2e_no_pretrain,1.0656587917342997,0,0.0,0,,
MolACE:CHEMBL4203_Ki,MoleculeACE,rmse,False,149,132,chemeleon_e2e,0.8677272735978934,0,0.1562222222222222,1,,
MolACE:CHEMBL4203_Ki,MoleculeACE,rmse,False,149,132,chemeleon_frozen,1.1122228725700323,0,0.0,0,,
MolACE:CHEMBL4616_EC50,MoleculeACE,rmse,False,139,96,ecfp,0.6707085030447859,0,0.7536666666666666,1,,
MolACE:CHEMBL4616_EC50,MoleculeACE,rmse,False,139,96,ecfp_desc,0.6958781454176916,0,0.7536666666666666,1,,
MolACE:CHEMBL4616_EC50,MoleculeACE,rmse,False,139,96,r3fp,0.7036364437147126,0,0.551,1,,
MolACE:CHEMBL4616_EC50,MoleculeACE,rmse,False,139,96,r3fp_desc,0.6731170843380521,0,0.788,1,,
MolACE:CHEMBL4616_EC50,MoleculeACE,rmse,False,139,96,sup_dense,0.7234664820947162,0,0.3067142857142858,1,0.964,1
MolACE:CHEMBL4616_EC50,MoleculeACE,rmse,False,139,96,sup_dense_sparse,0.7914282081334253,0,0.006333333333333333,0,0.11439999999999999,1
MolACE:CHEMBL4616_EC50,MoleculeACE,rmse,False,139,96,sup_mixed,0.7694900513068986,0,0.016888888888888887,0,0.25575,1
MolACE:CHEMBL4616_EC50,MoleculeACE,rmse,False,139,96,sup_sparse,0.8548905789702477,0,0.0,0,0.0,0
MolACE:CHEMBL4616_EC50,MoleculeACE,rmse,False,139,96,sup_minimol,0.7367533668958014,0,0.2250769230769231,1,0.759,1
MolACE:CHEMBL4616_EC50,MoleculeACE,rmse,False,139,96,unsup,0.7831177365867923,0,0.019,0,0.15766666666666665,1
MolACE:CHEMBL4616_EC50,MoleculeACE,rmse,False,139,96,u2s_dense,0.7720290169271959,0,0.02072727272727273,0,0.23885714285714285,1
MolACE:CHEMBL4616_EC50,MoleculeACE,rmse,False,139,96,u2s_dense_sparse,0.8488202979364503,0,0.0,0,0.022000000000000002,0
MolACE:CHEMBL4616_EC50,MoleculeACE,rmse,False,139,96,u2s_mixed,0.763570723227266,0,0.041166666666666664,0,0.38622222222222224,1
MolACE:CHEMBL4616_EC50,MoleculeACE,rmse,False,139,96,u2s_sparse,0.8948430787379186,0,0.0,0,0.011,0
MolACE:CHEMBL4616_EC50,MoleculeACE,rmse,False,139,96,u2s_minimol,0.8378185915539994,0,0.0,0,0.1045,1
MolACE:CHEMBL4616_EC50,MoleculeACE,rmse,False,139,96,s2u_dense,0.7187865766280352,0,0.3496,1,,1
MolACE:CHEMBL4616_EC50,MoleculeACE,rmse,False,139,96,random_encoder,0.791515470773891,0,0.016888888888888887,0,,
MolACE:CHEMBL4616_EC50,MoleculeACE,rmse,False,139,96,e2e_no_pretrain,0.8024880157020409,0,0.0,0,,
MolACE:CHEMBL4616_EC50,MoleculeACE,rmse,False,139,96,chemeleon_e2e,0.6804272958594723,1,,1,,
MolACE:CHEMBL4616_EC50,MoleculeACE,rmse,False,139,96,chemeleon_frozen,0.8046549353268905,0,0.010857142857142857,0,,
MolACE:CHEMBL4792_Ki,MoleculeACE,rmse,False,297,199,ecfp,0.6920567179288144,0,0.0,0,,
MolACE:CHEMBL4792_Ki,MoleculeACE,rmse,False,297,199,ecfp_desc,0.6585630896922859,0,0.004,0,,
MolACE:CHEMBL4792_Ki,MoleculeACE,rmse,False,297,199,r3fp,0.6700596983071746,0,0.0,0,,
MolACE:CHEMBL4792_Ki,MoleculeACE,rmse,False,297,199,r3fp_desc,0.6721680019684462,0,0.0,0,,
MolACE:CHEMBL4792_Ki,MoleculeACE,rmse,False,297,199,sup_dense,0.7687525123596648,0,0.0,0,0.164,1
MolACE:CHEMBL4792_Ki,MoleculeACE,rmse,False,297,199,sup_dense_sparse,0.8005083332361755,0,0.0,0,0.019555555555555555,0
MolACE:CHEMBL4792_Ki,MoleculeACE,rmse,False,297,199,sup_mixed,0.7981219684371504,0,0.0,0,0.0165,0
MolACE:CHEMBL4792_Ki,MoleculeACE,rmse,False,297,199,sup_sparse,0.8475079220612705,0,0.0,0,0.0,0
MolACE:CHEMBL4792_Ki,MoleculeACE,rmse,False,297,199,sup_minimol,0.853324954035938,0,0.0,0,0.0,0
MolACE:CHEMBL4792_Ki,MoleculeACE,rmse,False,297,199,unsup,0.7176938763402297,0,0.0,0,,1
MolACE:CHEMBL4792_Ki,MoleculeACE,rmse,False,297,199,u2s_dense,0.7989438355938127,0,0.0,0,0.006285714285714285,0
MolACE:CHEMBL4792_Ki,MoleculeACE,rmse,False,297,199,u2s_dense_sparse,0.8843837965244092,0,0.0,0,0.0,0
MolACE:CHEMBL4792_Ki,MoleculeACE,rmse,False,297,199,u2s_mixed,0.8283728398597504,0,0.0,0,0.0,0
MolACE:CHEMBL4792_Ki,MoleculeACE,rmse,False,297,199,u2s_sparse,0.8768951559770239,0,0.0,0,0.0,0
MolACE:CHEMBL4792_Ki,MoleculeACE,rmse,False,297,199,u2s_minimol,0.9306019620530275,0,0.0,0,0.0,0
MolACE:CHEMBL4792_Ki,MoleculeACE,rmse,False,297,199,s2u_dense,0.7608026836163434,0,0.0,0,0.1342,1
MolACE:CHEMBL4792_Ki,MoleculeACE,rmse,False,297,199,random_encoder,0.8242871097558848,0,0.0,0,,
MolACE:CHEMBL4792_Ki,MoleculeACE,rmse,False,297,199,e2e_no_pretrain,0.9221856479197663,0,0.0,0,,
MolACE:CHEMBL4792_Ki,MoleculeACE,rmse,False,297,199,chemeleon_e2e,0.5650785660228059,1,,1,,
MolACE:CHEMBL4792_Ki,MoleculeACE,rmse,False,297,199,chemeleon_frozen,0.7720488825607581,0,0.0,0,,
CBS:cbs,CBS,nef1,True,10443,5154,ecfp,0.8155555555555555,0,0.216,1,,
CBS:cbs,CBS,nef1,True,10443,5154,ecfp_desc,0.93,1,,1,,
CBS:cbs,CBS,nef1,True,10443,5154,r3fp,0.93,0,0.7538823529411764,1,,
CBS:cbs,CBS,nef1,True,10443,5154,r3fp_desc,0.93,0,1.0,1,,
CBS:cbs,CBS,nef1,True,10443,5154,sup_dense,0.835,0,0.216,1,,1
CBS:cbs,CBS,nef1,True,10443,5154,sup_dense_sparse,0.805,0,0.061714285714285715,1,0.6868888888888889,1
CBS:cbs,CBS,nef1,True,10443,5154,sup_mixed,0.8150000000000001,0,0.09,1,0.748,1
CBS:cbs,CBS,nef1,True,10443,5154,sup_sparse,0.6727777777777778,0,0.0216,0,0.2035,1
CBS:cbs,CBS,nef1,True,10443,5154,sup_minimol,0.76,0,0.0216,0,0.484,1
CBS:cbs,CBS,nef1,True,10443,5154,unsup,0.6977777777777778,0,0.018000000000000002,0,0.2035,1
CBS:cbs,CBS,nef1,True,10443,5154,u2s_dense,0.8150000000000001,0,0.162,1,0.956,1
CBS:cbs,CBS,nef1,True,10443,5154,u2s_dense_sparse,0.7155555555555556,0,0.0216,0,0.121,1
CBS:cbs,CBS,nef1,True,10443,5154,u2s_mixed,0.7677777777777777,0,0.09,1,0.6868888888888889,1
CBS:cbs,CBS,nef1,True,10443,5154,u2s_sparse,0.865,0,0.5928,1,0.6868888888888889,1
CBS:cbs,CBS,nef1,True,10443,5154,u2s_minimol,0.5677777777777777,0,0.0,0,0.044,0
CBS:cbs,CBS,nef1,True,10443,5154,s2u_dense,0.7427777777777778,0,0.10145454545454546,1,0.6563333333333333,1
CBS:cbs,CBS,nef1,True,10443,5154,random_encoder,0.7327777777777778,0,0.06,1,,
CBS:cbs,CBS,nef1,True,10443,5154,e2e_no_pretrain,0.8877777777777778,0,0.71325,1,,
CBS:cbs,CBS,nef1,True,10443,5154,chemeleon_frozen,0.7883333333333333,0,0.08549999999999999,1,,
