arm,task,task_type,fraction,pct,n_train,head_seed,metric,split,value,subsample_seed
unsup_only,BACE,classification,0.05,5,60,0,roc_auc,test,0.6642210144927537,0
unsup_only,BACE,classification,0.05,5,60,1,roc_auc,test,0.6083333333333334,0
unsup_only,BACE,classification,0.05,5,60,2,roc_auc,test,0.572644927536232,0
unsup_only,BACE,classification,0.05,5,60,0,roc_auc,train,0.705316742081448,0
unsup_only,BACE,classification,0.05,5,60,1,roc_auc,train,0.6696832579185521,0
unsup_only,BACE,classification,0.05,5,60,2,roc_auc,train,0.6617647058823528,0
unsup_only,BACE,classification,0.05,5,60,0,nef1,test,0.5,0
unsup_only,BACE,classification,0.05,5,60,1,nef1,test,0.0,0
unsup_only,BACE,classification,0.05,5,60,2,nef1,test,0.0,0
unsup_only,BACE,classification,0.05,5,60,0,roc_auc,test,0.6060688405797101,1
unsup_only,BACE,classification,0.05,5,60,1,roc_auc,test,0.5172101449275361,1
unsup_only,BACE,classification,0.05,5,60,2,roc_auc,test,0.4672101449275362,1
unsup_only,BACE,classification,0.05,5,60,0,roc_auc,train,0.5821566110397947,1
unsup_only,BACE,classification,0.05,5,60,1,roc_auc,train,0.618741976893453,1
unsup_only,BACE,classification,0.05,5,60,2,roc_auc,train,0.5596919127086007,1
unsup_only,BACE,classification,0.05,5,60,0,nef1,test,0.5,1
unsup_only,BACE,classification,0.05,5,60,1,nef1,test,0.5,1
unsup_only,BACE,classification,0.05,5,60,2,nef1,test,1.0,1
unsup_only,BACE,classification,0.05,5,60,0,roc_auc,test,0.6834239130434782,2
unsup_only,BACE,classification,0.05,5,60,1,roc_auc,test,0.7176630434782608,2
unsup_only,BACE,classification,0.05,5,60,2,roc_auc,test,0.5342391304347827,2
unsup_only,BACE,classification,0.05,5,60,0,roc_auc,train,0.6657142857142857,2
unsup_only,BACE,classification,0.05,5,60,1,roc_auc,train,0.96,2
unsup_only,BACE,classification,0.05,5,60,2,roc_auc,train,0.5188571428571429,2
unsup_only,BACE,classification,0.05,5,60,0,nef1,test,0.5,2
unsup_only,BACE,classification,0.05,5,60,1,nef1,test,1.0,2
unsup_only,BACE,classification,0.05,5,60,2,nef1,test,1.0,2
unsup_only,BACE,classification,0.1,10,121,0,roc_auc,test,0.7164855072463768,0
unsup_only,BACE,classification,0.1,10,121,1,roc_auc,test,0.7117753623188406,0
unsup_only,BACE,classification,0.1,10,121,2,roc_auc,test,0.7147644927536232,0
unsup_only,BACE,classification,0.1,10,121,0,roc_auc,train,0.9771460423634336,0
unsup_only,BACE,classification,0.1,10,121,1,roc_auc,train,0.967948717948718,0
unsup_only,BACE,classification,0.1,10,121,2,roc_auc,train,0.9744983277591972,0
unsup_only,BACE,classification,0.1,10,121,0,nef1,test,1.0,0
unsup_only,BACE,classification,0.1,10,121,1,nef1,test,1.0,0
unsup_only,BACE,classification,0.1,10,121,2,nef1,test,1.0,0
unsup_only,BACE,classification,0.1,10,121,0,roc_auc,test,0.752445652173913,1
unsup_only,BACE,classification,0.1,10,121,1,roc_auc,test,0.7755434782608696,1
unsup_only,BACE,classification,0.1,10,121,2,roc_auc,test,0.7577898550724638,1
unsup_only,BACE,classification,0.1,10,121,0,roc_auc,train,0.8780657748049051,1
unsup_only,BACE,classification,0.1,10,121,1,roc_auc,train,0.9466276477146044,1
unsup_only,BACE,classification,0.1,10,121,2,roc_auc,train,0.9392419175027872,1
unsup_only,BACE,classification,0.1,10,121,0,nef1,test,1.0,1
unsup_only,BACE,classification,0.1,10,121,1,nef1,test,1.0,1
unsup_only,BACE,classification,0.1,10,121,2,nef1,test,1.0,1
unsup_only,BACE,classification,0.1,10,121,0,roc_auc,test,0.7502717391304348,2
unsup_only,BACE,classification,0.1,10,121,1,roc_auc,test,0.6304347826086958,2
unsup_only,BACE,classification,0.1,10,121,2,roc_auc,test,0.7841485507246376,2
unsup_only,BACE,classification,0.1,10,121,0,roc_auc,train,0.8132394366197184,2
unsup_only,BACE,classification,0.1,10,121,1,roc_auc,train,0.7373239436619718,2
unsup_only,BACE,classification,0.1,10,121,2,roc_auc,train,0.9349295774647888,2
unsup_only,BACE,classification,0.1,10,121,0,nef1,test,1.0,2
unsup_only,BACE,classification,0.1,10,121,1,nef1,test,0.0,2
unsup_only,BACE,classification,0.1,10,121,2,nef1,test,1.0,2
unsup_only,BACE,classification,0.25,25,302,0,roc_auc,test,0.7667572463768116,0
unsup_only,BACE,classification,0.25,25,302,1,roc_auc,test,0.7425724637681159,0
unsup_only,BACE,classification,0.25,25,302,2,roc_auc,test,0.7792572463768116,0
unsup_only,BACE,classification,0.25,25,302,0,roc_auc,train,0.9179500915137716,0
unsup_only,BACE,classification,0.25,25,302,1,roc_auc,train,0.8468148743359671,0
unsup_only,BACE,classification,0.25,25,302,2,roc_auc,train,0.9668764787286284,0
unsup_only,BACE,classification,0.25,25,302,0,nef1,test,1.0,0
unsup_only,BACE,classification,0.25,25,302,1,nef1,test,1.0,0
unsup_only,BACE,classification,0.25,25,302,2,nef1,test,1.0,0
unsup_only,BACE,classification,0.25,25,302,0,roc_auc,test,0.8173007246376812,1
unsup_only,BACE,classification,0.25,25,302,1,roc_auc,test,0.7892210144927537,1
unsup_only,BACE,classification,0.25,25,302,2,roc_auc,test,0.8082427536231884,1
unsup_only,BACE,classification,0.25,25,302,0,roc_auc,train,0.9576502732240436,1
unsup_only,BACE,classification,0.25,25,302,1,roc_auc,train,0.9176912568306012,1
unsup_only,BACE,classification,0.25,25,302,2,roc_auc,train,0.934995446265938,1
unsup_only,BACE,classification,0.25,25,302,0,nef1,test,1.0,1
unsup_only,BACE,classification,0.25,25,302,1,nef1,test,1.0,1
unsup_only,BACE,classification,0.25,25,302,2,nef1,test,1.0,1
unsup_only,BACE,classification,0.25,25,302,0,roc_auc,test,0.7852355072463768,2
unsup_only,BACE,classification,0.25,25,302,1,roc_auc,test,0.7379528985507248,2
unsup_only,BACE,classification,0.25,25,302,2,roc_auc,test,0.7807971014492753,2
unsup_only,BACE,classification,0.25,25,302,0,roc_auc,train,0.932062832062832,2
unsup_only,BACE,classification,0.25,25,302,1,roc_auc,train,0.8558096558096558,2
unsup_only,BACE,classification,0.25,25,302,2,roc_auc,train,0.9290598290598292,2
unsup_only,BACE,classification,0.25,25,302,0,nef1,test,1.0,2
unsup_only,BACE,classification,0.25,25,302,1,nef1,test,1.0,2
unsup_only,BACE,classification,0.25,25,302,2,nef1,test,1.0,2
unsup_only,BACE,classification,0.5,50,605,0,roc_auc,test,0.8273550724637682,0
unsup_only,BACE,classification,0.5,50,605,1,roc_auc,test,0.8130434782608695,0
unsup_only,BACE,classification,0.5,50,605,2,roc_auc,test,0.8275362318840579,0
unsup_only,BACE,classification,0.5,50,605,0,roc_auc,train,0.9437984496124032,0
unsup_only,BACE,classification,0.5,50,605,1,roc_auc,train,0.9518288336451928,0
unsup_only,BACE,classification,0.5,50,605,2,roc_auc,train,0.954028557426713,0
unsup_only,BACE,classification,0.5,50,605,0,nef1,test,1.0,0
unsup_only,BACE,classification,0.5,50,605,1,nef1,test,1.0,0
unsup_only,BACE,classification,0.5,50,605,2,nef1,test,1.0,0
unsup_only,BACE,classification,0.5,50,605,0,roc_auc,test,0.7918478260869566,1
unsup_only,BACE,classification,0.5,50,605,1,roc_auc,test,0.7268115942028985,1
unsup_only,BACE,classification,0.5,50,605,2,roc_auc,test,0.7653079710144929,1
unsup_only,BACE,classification,0.5,50,605,0,roc_auc,train,0.938524872536861,1
unsup_only,BACE,classification,0.5,50,605,1,roc_auc,train,0.840429929723026,1
unsup_only,BACE,classification,0.5,50,605,2,roc_auc,train,0.8834918010197051,1
unsup_only,BACE,classification,0.5,50,605,0,nef1,test,1.0,1
unsup_only,BACE,classification,0.5,50,605,1,nef1,test,1.0,1
unsup_only,BACE,classification,0.5,50,605,2,nef1,test,1.0,1
unsup_only,BACE,classification,0.5,50,605,0,roc_auc,test,0.8250000000000001,2
unsup_only,BACE,classification,0.5,50,605,1,roc_auc,test,0.7980978260869566,2
unsup_only,BACE,classification,0.5,50,605,2,roc_auc,test,0.8197463768115942,2
unsup_only,BACE,classification,0.5,50,605,0,roc_auc,train,0.952314875996652,2
unsup_only,BACE,classification,0.5,50,605,1,roc_auc,train,0.8736234086604115,2
unsup_only,BACE,classification,0.5,50,605,2,roc_auc,train,0.8790031276155236,2
unsup_only,BACE,classification,0.5,50,605,0,nef1,test,1.0,2
unsup_only,BACE,classification,0.5,50,605,1,nef1,test,1.0,2
unsup_only,BACE,classification,0.5,50,605,2,nef1,test,1.0,2
unsup_only,BACE,classification,1.0,100,1210,0,roc_auc,test,0.8413949275362319,0
unsup_only,BACE,classification,1.0,100,1210,1,roc_auc,test,0.8266304347826087,0
unsup_only,BACE,classification,1.0,100,1210,2,roc_auc,test,0.8300724637681159,0
unsup_only,BACE,classification,1.0,100,1210,0,roc_auc,train,0.9547880142487952,0
unsup_only,BACE,classification,1.0,100,1210,1,roc_auc,train,0.953546133966613,0
unsup_only,BACE,classification,1.0,100,1210,2,roc_auc,train,0.9501795068799328,0
unsup_only,BACE,classification,1.0,100,1210,0,nef1,test,1.0,0
unsup_only,BACE,classification,1.0,100,1210,1,nef1,test,1.0,0
unsup_only,BACE,classification,1.0,100,1210,2,nef1,test,1.0,0
unsup_only,BBBP,classification,0.05,5,82,0,roc_auc,test,0.4576548800462472,0
unsup_only,BBBP,classification,0.05,5,82,1,roc_auc,test,0.6960689854513923,0
unsup_only,BBBP,classification,0.05,5,82,2,roc_auc,test,0.4666152808555737,0
unsup_only,BBBP,classification,0.05,5,82,0,roc_auc,train,0.7552954292084727,0
unsup_only,BBBP,classification,0.05,5,82,1,roc_auc,train,1.0,0
unsup_only,BBBP,classification,0.05,5,82,2,roc_auc,train,0.4587513935340022,0
unsup_only,BBBP,classification,0.05,5,82,0,nef1,test,0.0,0
unsup_only,BBBP,classification,0.05,5,82,1,nef1,test,0.6666666666666666,0
unsup_only,BBBP,classification,0.05,5,82,2,nef1,test,0.3333333333333333,0
unsup_only,BBBP,classification,0.05,5,82,0,roc_auc,test,0.4549571249638692,1
unsup_only,BBBP,classification,0.05,5,82,1,roc_auc,test,0.6625397437132672,1
unsup_only,BBBP,classification,0.05,5,82,2,roc_auc,test,0.6445707678967145,1
unsup_only,BBBP,classification,0.05,5,82,0,roc_auc,train,0.8616915422885572,1
unsup_only,BBBP,classification,0.05,5,82,1,roc_auc,train,1.0,1
unsup_only,BBBP,classification,0.05,5,82,2,roc_auc,train,1.0,1
unsup_only,BBBP,classification,0.05,5,82,0,nef1,test,0.0,1
unsup_only,BBBP,classification,0.05,5,82,1,nef1,test,1.0,1
unsup_only,BBBP,classification,0.05,5,82,2,nef1,test,0.6666666666666666,1
unsup_only,BBBP,classification,0.05,5,82,0,roc_auc,test,0.4525484150688891,2
unsup_only,BBBP,classification,0.05,5,82,1,roc_auc,test,0.4153097600924944,2
unsup_only,BBBP,classification,0.05,5,82,2,roc_auc,test,0.6577223239233067,2
unsup_only,BBBP,classification,0.05,5,82,0,roc_auc,train,0.70958751393534,2
unsup_only,BBBP,classification,0.05,5,82,1,roc_auc,train,0.6103678929765886,2
unsup_only,BBBP,classification,0.05,5,82,2,roc_auc,train,1.0,2
unsup_only,BBBP,classification,0.05,5,82,0,nef1,test,0.3333333333333333,2
unsup_only,BBBP,classification,0.05,5,82,1,nef1,test,0.3333333333333333,2
unsup_only,BBBP,classification,0.05,5,82,2,nef1,test,0.6666666666666666,2
unsup_only,BBBP,classification,0.1,10,163,0,roc_auc,test,0.6883611137874553,0
unsup_only,BBBP,classification,0.1,10,163,1,roc_auc,test,0.6419211870122362,0
unsup_only,BBBP,classification,0.1,10,163,2,roc_auc,test,0.6528085557375469,0
unsup_only,BBBP,classification,0.1,10,163,0,roc_auc,train,0.9909473684210528,0
unsup_only,BBBP,classification,0.1,10,163,1,roc_auc,train,0.9995789473684212,0
unsup_only,BBBP,classification,0.1,10,163,2,roc_auc,train,0.9997894736842106,0
unsup_only,BBBP,classification,0.1,10,163,0,nef1,test,1.0,0
unsup_only,BBBP,classification,0.1,10,163,1,nef1,test,0.6666666666666666,0
unsup_only,BBBP,classification,0.1,10,163,2,nef1,test,1.0,0
unsup_only,BBBP,classification,0.1,10,163,0,roc_auc,test,0.6671162925137296,1
unsup_only,BBBP,classification,0.1,10,163,1,roc_auc,test,0.6763657385104538,1
unsup_only,BBBP,classification,0.1,10,163,2,roc_auc,test,0.648906445707679,1
unsup_only,BBBP,classification,0.1,10,163,0,roc_auc,train,1.0,1
unsup_only,BBBP,classification,0.1,10,163,1,roc_auc,train,0.9994385176866928,1
unsup_only,BBBP,classification,0.1,10,163,2,roc_auc,train,1.0,1
unsup_only,BBBP,classification,0.1,10,163,0,nef1,test,0.6666666666666666,1
unsup_only,BBBP,classification,0.1,10,163,1,nef1,test,0.3333333333333333,1
unsup_only,BBBP,classification,0.1,10,163,2,nef1,test,1.0,1
unsup_only,BBBP,classification,0.1,10,163,0,roc_auc,test,0.7018498891993449,2
unsup_only,BBBP,classification,0.1,10,163,1,roc_auc,test,0.7088833220926871,2
unsup_only,BBBP,classification,0.1,10,163,2,roc_auc,test,0.6950573272955005,2
unsup_only,BBBP,classification,0.1,10,163,0,roc_auc,train,0.9998807251908396,2
unsup_only,BBBP,classification,0.1,10,163,1,roc_auc,train,1.0,2
unsup_only,BBBP,classification,0.1,10,163,2,roc_auc,train,1.0,2
unsup_only,BBBP,classification,0.1,10,163,0,nef1,test,0.6666666666666666,2
unsup_only,BBBP,classification,0.1,10,163,1,nef1,test,1.0,2
unsup_only,BBBP,classification,0.1,10,163,2,nef1,test,0.3333333333333333,2
unsup_only,BBBP,classification,0.25,25,408,0,roc_auc,test,0.6848925715386839,0
unsup_only,BBBP,classification,0.25,25,408,1,roc_auc,test,0.6743424221986704,0
unsup_only,BBBP,classification,0.25,25,408,2,roc_auc,test,0.6835918681953945,0
unsup_only,BBBP,classification,0.25,25,408,0,roc_auc,train,0.991349480968858,0
unsup_only,BBBP,classification,0.25,25,408,1,roc_auc,train,0.9932958477508652,0
unsup_only,BBBP,classification,0.25,25,408,2,roc_auc,train,0.9955017301038062,0
unsup_only,BBBP,classification,0.25,25,408,0,nef1,test,0.6666666666666666,0
unsup_only,BBBP,classification,0.25,25,408,1,nef1,test,1.0,0
unsup_only,BBBP,classification,0.25,25,408,2,nef1,test,1.0,0
unsup_only,BBBP,classification,0.25,25,408,0,roc_auc,test,0.7194334714327006,1
unsup_only,BBBP,classification,0.25,25,408,1,roc_auc,test,0.7164466711629252,1
unsup_only,BBBP,classification,0.25,25,408,2,roc_auc,test,0.7331631178340882,1
unsup_only,BBBP,classification,0.25,25,408,0,roc_auc,train,0.999669312169312,1
unsup_only,BBBP,classification,0.25,25,408,1,roc_auc,train,1.0,1
unsup_only,BBBP,classification,0.25,25,408,2,roc_auc,train,1.0,1
unsup_only,BBBP,classification,0.25,25,408,0,nef1,test,0.6666666666666666,1
unsup_only,BBBP,classification,0.25,25,408,1,nef1,test,0.6666666666666666,1
unsup_only,BBBP,classification,0.25,25,408,2,nef1,test,1.0,1
unsup_only,BBBP,classification,0.25,25,408,0,roc_auc,test,0.717699200308315,2
unsup_only,BBBP,classification,0.25,25,408,1,roc_auc,test,0.7185663358705079,2
unsup_only,BBBP,classification,0.25,25,408,2,roc_auc,test,0.7033432893342325,2
unsup_only,BBBP,classification,0.25,25,408,0,roc_auc,train,0.9959540378702056,2
unsup_only,BBBP,classification,0.25,25,408,1,roc_auc,train,0.992676808545072,2
unsup_only,BBBP,classification,0.25,25,408,2,roc_auc,train,0.9937692183201166,2
unsup_only,BBBP,classification,0.25,25,408,0,nef1,test,0.6666666666666666,2
unsup_only,BBBP,classification,0.25,25,408,1,nef1,test,1.0,2
unsup_only,BBBP,classification,0.25,25,408,2,nef1,test,1.0,2
unsup_only,BBBP,classification,0.5,50,816,0,roc_auc,test,0.7337893824067829,0
unsup_only,BBBP,classification,0.5,50,816,1,roc_auc,test,0.7341266017920801,0
unsup_only,BBBP,classification,0.5,50,816,2,roc_auc,test,0.7198188650158974,0
unsup_only,BBBP,classification,0.5,50,816,0,roc_auc,train,0.9883612758127172,0
unsup_only,BBBP,classification,0.5,50,816,1,roc_auc,train,0.99982621140871,0
unsup_only,BBBP,classification,0.5,50,816,2,roc_auc,train,0.996217542424862,0
unsup_only,BBBP,classification,0.5,50,816,0,nef1,test,0.6666666666666666,0
unsup_only,BBBP,classification,0.5,50,816,1,nef1,test,1.0,0
unsup_only,BBBP,classification,0.5,50,816,2,nef1,test,1.0,0
unsup_only,BBBP,classification,0.5,50,816,0,roc_auc,test,0.7371134020618556,1
unsup_only,BBBP,classification,0.5,50,816,1,roc_auc,test,0.7252143751806532,1
unsup_only,BBBP,classification,0.5,50,816,2,roc_auc,test,0.7351864341458715,1
unsup_only,BBBP,classification,0.5,50,816,0,roc_auc,train,0.996078935197081,1
unsup_only,BBBP,classification,0.5,50,816,1,roc_auc,train,0.9929133048974768,1
unsup_only,BBBP,classification,0.5,50,816,2,roc_auc,train,0.9999383318772804,1
unsup_only,BBBP,classification,0.5,50,816,0,nef1,test,1.0,1
unsup_only,BBBP,classification,0.5,50,816,1,nef1,test,1.0,1
unsup_only,BBBP,classification,0.5,50,816,2,nef1,test,1.0,1
unsup_only,BBBP,classification,0.5,50,816,0,roc_auc,test,0.7197225166200982,2
unsup_only,BBBP,classification,0.5,50,816,1,roc_auc,test,0.7163503227671258,2
unsup_only,BBBP,classification,0.5,50,816,2,roc_auc,test,0.7297909239811157,2
unsup_only,BBBP,classification,0.5,50,816,0,roc_auc,train,0.9905778124477628,2
unsup_only,BBBP,classification,0.5,50,816,1,roc_auc,train,0.9902490666963838,2
unsup_only,BBBP,classification,0.5,50,816,2,roc_auc,train,0.9983172675098902,2
unsup_only,BBBP,classification,0.5,50,816,0,nef1,test,1.0,2
unsup_only,BBBP,classification,0.5,50,816,1,nef1,test,1.0,2
unsup_only,BBBP,classification,0.5,50,816,2,nef1,test,1.0,2
unsup_only,BBBP,classification,1.0,100,1631,0,roc_auc,test,0.7301763175643126,0
unsup_only,BBBP,classification,1.0,100,1631,1,roc_auc,test,0.7218903555255805,0
unsup_only,BBBP,classification,1.0,100,1631,2,roc_auc,test,0.7318142402928991,0
unsup_only,BBBP,classification,1.0,100,1631,0,roc_auc,train,0.98630718197948,0
unsup_only,BBBP,classification,1.0,100,1631,1,roc_auc,train,0.9959757257836406,0
unsup_only,BBBP,classification,1.0,100,1631,2,roc_auc,train,0.9995088585461184,0
unsup_only,BBBP,classification,1.0,100,1631,0,nef1,test,0.6666666666666666,0
unsup_only,BBBP,classification,1.0,100,1631,1,nef1,test,1.0,0
unsup_only,BBBP,classification,1.0,100,1631,2,nef1,test,1.0,0
unsup_only,Tox21,classification,0.05,5,313,0,roc_auc,test,0.6352810969247779,0
unsup_only,Tox21,classification,0.05,5,313,1,roc_auc,test,0.6239629093851611,0
unsup_only,Tox21,classification,0.05,5,313,2,roc_auc,test,0.6468743631757983,0
unsup_only,Tox21,classification,0.05,5,313,0,roc_auc,train,0.8173505108167672,0
unsup_only,Tox21,classification,0.05,5,313,1,roc_auc,train,0.8019551576411298,0
unsup_only,Tox21,classification,0.05,5,313,2,roc_auc,train,0.8047071035301032,0
unsup_only,Tox21,classification,0.05,5,313,0,nef1,test,0.3406746031746032,0
unsup_only,Tox21,classification,0.05,5,313,1,nef1,test,0.4001984126984128,0
unsup_only,Tox21,classification,0.05,5,313,2,nef1,test,0.3051587301587301,0
unsup_only,Tox21,classification,0.05,5,313,0,roc_auc,test,0.6351491333692929,1
unsup_only,Tox21,classification,0.05,5,313,1,roc_auc,test,0.6666521491816256,1
unsup_only,Tox21,classification,0.05,5,313,2,roc_auc,test,0.6177838737811454,1
unsup_only,Tox21,classification,0.05,5,313,0,roc_auc,train,0.8810822750324862,1
unsup_only,Tox21,classification,0.05,5,313,1,roc_auc,train,0.9282606477213328,1
unsup_only,Tox21,classification,0.05,5,313,2,roc_auc,train,0.7819901712528452,1
unsup_only,Tox21,classification,0.05,5,313,0,nef1,test,0.4974206349206349,1
unsup_only,Tox21,classification,0.05,5,313,1,nef1,test,0.4453373015873016,1
unsup_only,Tox21,classification,0.05,5,313,2,nef1,test,0.3518849206349206,1
unsup_only,Tox21,classification,0.05,5,313,0,roc_auc,test,0.6050472495554314,2
unsup_only,Tox21,classification,0.05,5,313,1,roc_auc,test,0.6301434365509601,2
unsup_only,Tox21,classification,0.05,5,313,2,roc_auc,test,0.6087133913817883,2
unsup_only,Tox21,classification,0.05,5,313,0,roc_auc,train,0.8093619464366397,2
unsup_only,Tox21,classification,0.05,5,313,1,roc_auc,train,0.8621220626716735,2
unsup_only,Tox21,classification,0.05,5,313,2,roc_auc,train,0.8531598386312855,2
unsup_only,Tox21,classification,0.05,5,313,0,nef1,test,0.3679563492063492,2
unsup_only,Tox21,classification,0.05,5,313,1,nef1,test,0.3631944444444445,2
unsup_only,Tox21,classification,0.05,5,313,2,nef1,test,0.377876984126984,2
unsup_only,Tox21,classification,0.1,10,626,0,roc_auc,test,0.6833273035008398,0
unsup_only,Tox21,classification,0.1,10,626,1,roc_auc,test,0.6902775439069234,0
unsup_only,Tox21,classification,0.1,10,626,2,roc_auc,test,0.6831028152894061,0
unsup_only,Tox21,classification,0.1,10,626,0,roc_auc,train,0.8129523025333033,0
unsup_only,Tox21,classification,0.1,10,626,1,roc_auc,train,0.8992834053605735,0
unsup_only,Tox21,classification,0.1,10,626,2,roc_auc,train,0.9097765845189444,0
unsup_only,Tox21,classification,0.1,10,626,0,nef1,test,0.3825396825396825,0
unsup_only,Tox21,classification,0.1,10,626,1,nef1,test,0.5093253968253969,0
unsup_only,Tox21,classification,0.1,10,626,2,nef1,test,0.5815476190476191,0
unsup_only,Tox21,classification,0.1,10,626,0,roc_auc,test,0.6480062268062169,1
unsup_only,Tox21,classification,0.1,10,626,1,roc_auc,test,0.6876996628809932,1
unsup_only,Tox21,classification,0.1,10,626,2,roc_auc,test,0.6400508580316544,1
unsup_only,Tox21,classification,0.1,10,626,0,roc_auc,train,0.8189640000259972,1
unsup_only,Tox21,classification,0.1,10,626,1,roc_auc,train,0.910638698160705,1
unsup_only,Tox21,classification,0.1,10,626,2,roc_auc,train,0.7903758045174447,1
unsup_only,Tox21,classification,0.1,10,626,0,nef1,test,0.3086309523809523,1
unsup_only,Tox21,classification,0.1,10,626,1,nef1,test,0.489781746031746,1
unsup_only,Tox21,classification,0.1,10,626,2,nef1,test,0.3895833333333333,1
unsup_only,Tox21,classification,0.1,10,626,0,roc_auc,test,0.6454368582814596,2
unsup_only,Tox21,classification,0.1,10,626,1,roc_auc,test,0.6647271769982018,2
unsup_only,Tox21,classification,0.1,10,626,2,roc_auc,test,0.6548475564897762,2
unsup_only,Tox21,classification,0.1,10,626,0,roc_auc,train,0.7946254099554282,2
unsup_only,Tox21,classification,0.1,10,626,1,roc_auc,train,0.8895482686376658,2
unsup_only,Tox21,classification,0.1,10,626,2,roc_auc,train,0.8410818513304373,2
unsup_only,Tox21,classification,0.1,10,626,0,nef1,test,0.4143849206349206,2
unsup_only,Tox21,classification,0.1,10,626,1,nef1,test,0.5033730158730159,2
unsup_only,Tox21,classification,0.1,10,626,2,nef1,test,0.4922619047619048,2
unsup_only,Tox21,classification,0.25,25,1566,0,roc_auc,test,0.708697060170655,0
unsup_only,Tox21,classification,0.25,25,1566,1,roc_auc,test,0.6971379452575713,0
unsup_only,Tox21,classification,0.25,25,1566,2,roc_auc,test,0.7049580823418574,0
unsup_only,Tox21,classification,0.25,25,1566,0,roc_auc,train,0.9044692751168628,0
unsup_only,Tox21,classification,0.25,25,1566,1,roc_auc,train,0.837225759539025,0
unsup_only,Tox21,classification,0.25,25,1566,2,roc_auc,train,0.8611309481283732,0
unsup_only,Tox21,classification,0.25,25,1566,0,nef1,test,0.5038690476190476,0
unsup_only,Tox21,classification,0.25,25,1566,1,nef1,test,0.4946428571428571,0
unsup_only,Tox21,classification,0.25,25,1566,2,nef1,test,0.5951388888888889,0
unsup_only,Tox21,classification,0.25,25,1566,0,roc_auc,test,0.7050079953103241,1
unsup_only,Tox21,classification,0.25,25,1566,1,roc_auc,test,0.7021515540758569,1
unsup_only,Tox21,classification,0.25,25,1566,2,roc_auc,test,0.6828278683657724,1
unsup_only,Tox21,classification,0.25,25,1566,0,roc_auc,train,0.9316820749718034,1
unsup_only,Tox21,classification,0.25,25,1566,1,roc_auc,train,0.8571562438453942,1
unsup_only,Tox21,classification,0.25,25,1566,2,roc_auc,train,0.803046838307798,1
unsup_only,Tox21,classification,0.25,25,1566,0,nef1,test,0.599107142857143,1
unsup_only,Tox21,classification,0.25,25,1566,1,nef1,test,0.6132936507936508,1
unsup_only,Tox21,classification,0.25,25,1566,2,nef1,test,0.4731150793650793,1
unsup_only,Tox21,classification,0.25,25,1566,0,roc_auc,test,0.7244247443847888,2
unsup_only,Tox21,classification,0.25,25,1566,1,roc_auc,test,0.701763736853529,2
unsup_only,Tox21,classification,0.25,25,1566,2,roc_auc,test,0.7358838477805242,2
unsup_only,Tox21,classification,0.25,25,1566,0,roc_auc,train,0.8667819519869484,2
unsup_only,Tox21,classification,0.25,25,1566,1,roc_auc,train,0.8699723616860578,2
unsup_only,Tox21,classification,0.25,25,1566,2,roc_auc,train,0.9187451305693988,2
unsup_only,Tox21,classification,0.25,25,1566,0,nef1,test,0.5324404761904763,2
unsup_only,Tox21,classification,0.25,25,1566,1,nef1,test,0.5807539682539682,2
unsup_only,Tox21,classification,0.25,25,1566,2,nef1,test,0.5569444444444446,2
unsup_only,Tox21,classification,0.5,50,3132,0,roc_auc,test,0.7426728195461826,0
unsup_only,Tox21,classification,0.5,50,3132,1,roc_auc,test,0.7364618599159313,0
unsup_only,Tox21,classification,0.5,50,3132,2,roc_auc,test,0.7415141710665285,0
unsup_only,Tox21,classification,0.5,50,3132,0,roc_auc,train,0.8797026238540425,0
unsup_only,Tox21,classification,0.5,50,3132,1,roc_auc,train,0.931626373491802,0
unsup_only,Tox21,classification,0.5,50,3132,2,roc_auc,train,0.890553702113939,0
unsup_only,Tox21,classification,0.5,50,3132,0,nef1,test,0.6261904761904762,0
unsup_only,Tox21,classification,0.5,50,3132,1,nef1,test,0.6666666666666666,0
unsup_only,Tox21,classification,0.5,50,3132,2,nef1,test,0.6269841269841269,0
unsup_only,Tox21,classification,0.5,50,3132,0,roc_auc,test,0.7216910922610316,1
unsup_only,Tox21,classification,0.5,50,3132,1,roc_auc,test,0.7284100637339556,1
unsup_only,Tox21,classification,0.5,50,3132,2,roc_auc,test,0.7329300944911291,1
unsup_only,Tox21,classification,0.5,50,3132,0,roc_auc,train,0.8135192569764276,1
unsup_only,Tox21,classification,0.5,50,3132,1,roc_auc,train,0.8768200354392165,1
unsup_only,Tox21,classification,0.5,50,3132,2,roc_auc,train,0.8680406320789538,1
unsup_only,Tox21,classification,0.5,50,3132,0,nef1,test,0.5517857142857143,1
unsup_only,Tox21,classification,0.5,50,3132,1,nef1,test,0.5979166666666667,1
unsup_only,Tox21,classification,0.5,50,3132,2,nef1,test,0.5741071428571428,1
unsup_only,Tox21,classification,0.5,50,3132,0,roc_auc,test,0.7259412094323939,2
unsup_only,Tox21,classification,0.5,50,3132,1,roc_auc,test,0.7372578090961591,2
unsup_only,Tox21,classification,0.5,50,3132,2,roc_auc,test,0.7253765232531685,2
unsup_only,Tox21,classification,0.5,50,3132,0,roc_auc,train,0.823317532210747,2
unsup_only,Tox21,classification,0.5,50,3132,1,roc_auc,train,0.8923775146002576,2
unsup_only,Tox21,classification,0.5,50,3132,2,roc_auc,train,0.8461093881121232,2
unsup_only,Tox21,classification,0.5,50,3132,0,nef1,test,0.53234126984127,2
unsup_only,Tox21,classification,0.5,50,3132,1,nef1,test,0.5951388888888889,2
unsup_only,Tox21,classification,0.5,50,3132,2,nef1,test,0.6137896825396825,2
unsup_only,Tox21,classification,1.0,100,6264,0,roc_auc,test,0.7493596623813047,0
unsup_only,Tox21,classification,1.0,100,6264,1,roc_auc,test,0.7555819076000816,0
unsup_only,Tox21,classification,1.0,100,6264,2,roc_auc,test,0.7530485209045161,0
unsup_only,Tox21,classification,1.0,100,6264,0,roc_auc,train,0.914973467362616,0
unsup_only,Tox21,classification,1.0,100,6264,1,roc_auc,train,0.924433795839304,0
unsup_only,Tox21,classification,1.0,100,6264,2,roc_auc,train,0.9268712727219628,0
unsup_only,Tox21,classification,1.0,100,6264,0,nef1,test,0.675793650793651,0
unsup_only,Tox21,classification,1.0,100,6264,1,nef1,test,0.6423611111111112,0
unsup_only,Tox21,classification,1.0,100,6264,2,nef1,test,0.6653769841269842,0
unsup_only,QM7,regression,0.05,5,274,0,rmse,test,202.10890197753903,0
unsup_only,QM7,regression,0.05,5,274,1,rmse,test,199.34071350097656,0
unsup_only,QM7,regression,0.05,5,274,2,rmse,test,202.531005859375,0
unsup_only,QM7,regression,0.05,5,274,0,rmse,train,201.25868225097656,0
unsup_only,QM7,regression,0.05,5,274,1,rmse,train,226.7001495361328,0
unsup_only,QM7,regression,0.05,5,274,2,rmse,train,222.96017456054688,0
unsup_only,QM7,regression,0.05,5,274,0,rmse,test,198.5323944091797,1
unsup_only,QM7,regression,0.05,5,274,1,rmse,test,203.5238800048828,1
unsup_only,QM7,regression,0.05,5,274,2,rmse,test,200.6798095703125,1
unsup_only,QM7,regression,0.05,5,274,0,rmse,train,212.68382263183597,1
unsup_only,QM7,regression,0.05,5,274,1,rmse,train,207.899658203125,1
unsup_only,QM7,regression,0.05,5,274,2,rmse,train,219.1874542236328,1
unsup_only,QM7,regression,0.05,5,274,0,rmse,test,197.0286865234375,2
unsup_only,QM7,regression,0.05,5,274,1,rmse,test,198.3043212890625,2
unsup_only,QM7,regression,0.05,5,274,2,rmse,test,199.89126586914065,2
unsup_only,QM7,regression,0.05,5,274,0,rmse,train,212.59007263183597,2
unsup_only,QM7,regression,0.05,5,274,1,rmse,train,207.5898284912109,2
unsup_only,QM7,regression,0.05,5,274,2,rmse,train,203.43353271484372,2
unsup_only,QM7,regression,0.1,10,547,0,rmse,test,198.51097106933597,0
unsup_only,QM7,regression,0.1,10,547,1,rmse,test,204.28732299804688,0
unsup_only,QM7,regression,0.1,10,547,2,rmse,test,205.4141387939453,0
unsup_only,QM7,regression,0.1,10,547,0,rmse,train,216.60122680664065,0
unsup_only,QM7,regression,0.1,10,547,1,rmse,train,207.44793701171875,0
unsup_only,QM7,regression,0.1,10,547,2,rmse,train,210.0299224853516,0
unsup_only,QM7,regression,0.1,10,547,0,rmse,test,201.9873962402344,1
unsup_only,QM7,regression,0.1,10,547,1,rmse,test,210.1399078369141,1
unsup_only,QM7,regression,0.1,10,547,2,rmse,test,205.30975341796875,1
unsup_only,QM7,regression,0.1,10,547,0,rmse,train,188.6471099853516,1
unsup_only,QM7,regression,0.1,10,547,1,rmse,train,194.0157928466797,1
unsup_only,QM7,regression,0.1,10,547,2,rmse,train,210.4682159423828,1
unsup_only,QM7,regression,0.1,10,547,0,rmse,test,197.84957885742188,2
unsup_only,QM7,regression,0.1,10,547,1,rmse,test,197.72592163085935,2
unsup_only,QM7,regression,0.1,10,547,2,rmse,test,199.72589111328125,2
unsup_only,QM7,regression,0.1,10,547,0,rmse,train,222.8502197265625,2
unsup_only,QM7,regression,0.1,10,547,1,rmse,train,204.8407745361328,2
unsup_only,QM7,regression,0.1,10,547,2,rmse,train,213.9043426513672,2
unsup_only,QM7,regression,0.25,25,1368,0,rmse,test,196.5459442138672,0
unsup_only,QM7,regression,0.25,25,1368,1,rmse,test,201.80979919433597,0
unsup_only,QM7,regression,0.25,25,1368,2,rmse,test,200.0702362060547,0
unsup_only,QM7,regression,0.25,25,1368,0,rmse,train,202.82211303710935,0
unsup_only,QM7,regression,0.25,25,1368,1,rmse,train,193.40499877929688,0
unsup_only,QM7,regression,0.25,25,1368,2,rmse,train,204.37469482421875,0
unsup_only,QM7,regression,0.25,25,1368,0,rmse,test,196.7226104736328,1
unsup_only,QM7,regression,0.25,25,1368,1,rmse,test,196.23724365234372,1
unsup_only,QM7,regression,0.25,25,1368,2,rmse,test,198.44053649902344,1
unsup_only,QM7,regression,0.25,25,1368,0,rmse,train,213.03158569335935,1
unsup_only,QM7,regression,0.25,25,1368,1,rmse,train,205.3975524902344,1
unsup_only,QM7,regression,0.25,25,1368,2,rmse,train,204.46946716308597,1
unsup_only,QM7,regression,0.25,25,1368,0,rmse,test,201.66815185546875,2
unsup_only,QM7,regression,0.25,25,1368,1,rmse,test,198.6534423828125,2
unsup_only,QM7,regression,0.25,25,1368,2,rmse,test,204.1329345703125,2
unsup_only,QM7,regression,0.25,25,1368,0,rmse,train,209.38597106933597,2
unsup_only,QM7,regression,0.25,25,1368,1,rmse,train,210.72775268554688,2
unsup_only,QM7,regression,0.25,25,1368,2,rmse,train,215.88563537597656,2
unsup_only,QM7,regression,0.5,50,2735,0,rmse,test,197.8018341064453,0
unsup_only,QM7,regression,0.5,50,2735,1,rmse,test,202.0353240966797,0
unsup_only,QM7,regression,0.5,50,2735,2,rmse,test,201.19000244140625,0
unsup_only,QM7,regression,0.5,50,2735,0,rmse,train,214.65480041503903,0
unsup_only,QM7,regression,0.5,50,2735,1,rmse,train,195.48001098632807,0
unsup_only,QM7,regression,0.5,50,2735,2,rmse,train,198.46945190429688,0
unsup_only,QM7,regression,0.5,50,2735,0,rmse,test,202.8027801513672,1
unsup_only,QM7,regression,0.5,50,2735,1,rmse,test,208.01495361328125,1
unsup_only,QM7,regression,0.5,50,2735,2,rmse,test,200.7301483154297,1
unsup_only,QM7,regression,0.5,50,2735,0,rmse,train,206.4864959716797,1
unsup_only,QM7,regression,0.5,50,2735,1,rmse,train,157.54421997070312,1
unsup_only,QM7,regression,0.5,50,2735,2,rmse,train,189.9333648681641,1
unsup_only,QM7,regression,0.5,50,2735,0,rmse,test,206.68223571777344,2
unsup_only,QM7,regression,0.5,50,2735,1,rmse,test,205.7865447998047,2
unsup_only,QM7,regression,0.5,50,2735,2,rmse,test,201.2380523681641,2
unsup_only,QM7,regression,0.5,50,2735,0,rmse,train,187.34039306640625,2
unsup_only,QM7,regression,0.5,50,2735,1,rmse,train,181.3264617919922,2
unsup_only,QM7,regression,0.5,50,2735,2,rmse,train,188.40557861328125,2
unsup_only,QM7,regression,1.0,100,5470,0,rmse,test,199.3044891357422,0
unsup_only,QM7,regression,1.0,100,5470,1,rmse,test,202.4686584472656,0
unsup_only,QM7,regression,1.0,100,5470,2,rmse,test,200.122802734375,0
unsup_only,QM7,regression,1.0,100,5470,0,rmse,train,173.68215942382812,0
unsup_only,QM7,regression,1.0,100,5470,1,rmse,train,182.1669921875,0
unsup_only,QM7,regression,1.0,100,5470,2,rmse,train,187.31134033203125,0
sup_only:dense,BACE,classification,0.05,5,60,0,roc_auc,test,0.6798913043478261,0
sup_only:dense,BACE,classification,0.05,5,60,1,roc_auc,test,0.7009057971014493,0
sup_only:dense,BACE,classification,0.05,5,60,2,roc_auc,test,0.6211050724637681,0
sup_only:dense,BACE,classification,0.05,5,60,0,roc_auc,train,0.9015837104072398,0
sup_only:dense,BACE,classification,0.05,5,60,1,roc_auc,train,0.933257918552036,0
sup_only:dense,BACE,classification,0.05,5,60,2,roc_auc,train,0.7579185520361991,0
sup_only:dense,BACE,classification,0.05,5,60,0,nef1,test,1.0,0
sup_only:dense,BACE,classification,0.05,5,60,1,nef1,test,1.0,0
sup_only:dense,BACE,classification,0.05,5,60,2,nef1,test,0.5,0
sup_only:dense,BACE,classification,0.05,5,60,0,roc_auc,test,0.4439311594202899,1
sup_only:dense,BACE,classification,0.05,5,60,1,roc_auc,test,0.4746376811594202,1
sup_only:dense,BACE,classification,0.05,5,60,2,roc_auc,test,0.6384963768115943,1
sup_only:dense,BACE,classification,0.05,5,60,0,roc_auc,train,0.6681643132220796,1
sup_only:dense,BACE,classification,0.05,5,60,1,roc_auc,train,0.4922978177150193,1
sup_only:dense,BACE,classification,0.05,5,60,2,roc_auc,train,0.9075738125802312,1
sup_only:dense,BACE,classification,0.05,5,60,0,nef1,test,0.0,1
sup_only:dense,BACE,classification,0.05,5,60,1,nef1,test,1.0,1
sup_only:dense,BACE,classification,0.05,5,60,2,nef1,test,1.0,1
sup_only:dense,BACE,classification,0.05,5,60,0,roc_auc,test,0.6731884057971015,2
sup_only:dense,BACE,classification,0.05,5,60,1,roc_auc,test,0.6391304347826087,2
sup_only:dense,BACE,classification,0.05,5,60,2,roc_auc,test,0.7127717391304348,2
sup_only:dense,BACE,classification,0.05,5,60,0,roc_auc,train,0.968,2
sup_only:dense,BACE,classification,0.05,5,60,1,roc_auc,train,0.9382857142857144,2
sup_only:dense,BACE,classification,0.05,5,60,2,roc_auc,train,0.9748571428571428,2
sup_only:dense,BACE,classification,0.05,5,60,0,nef1,test,0.5,2
sup_only:dense,BACE,classification,0.05,5,60,1,nef1,test,1.0,2
sup_only:dense,BACE,classification,0.05,5,60,2,nef1,test,1.0,2
sup_only:dense,BACE,classification,0.1,10,121,0,roc_auc,test,0.6267210144927536,0
sup_only:dense,BACE,classification,0.1,10,121,1,roc_auc,test,0.6779891304347826,0
sup_only:dense,BACE,classification,0.1,10,121,2,roc_auc,test,0.7303442028985506,0
sup_only:dense,BACE,classification,0.1,10,121,0,roc_auc,train,0.9654403567447044,0
sup_only:dense,BACE,classification,0.1,10,121,1,roc_auc,train,0.9615384615384616,0
sup_only:dense,BACE,classification,0.1,10,121,2,roc_auc,train,0.9159698996655518,0
sup_only:dense,BACE,classification,0.1,10,121,0,nef1,test,1.0,0
sup_only:dense,BACE,classification,0.1,10,121,1,nef1,test,1.0,0
sup_only:dense,BACE,classification,0.1,10,121,2,nef1,test,1.0,0
sup_only:dense,BACE,classification,0.1,10,121,0,roc_auc,test,0.7282608695652174,1
sup_only:dense,BACE,classification,0.1,10,121,1,roc_auc,test,0.7263586956521739,1
sup_only:dense,BACE,classification,0.1,10,121,2,roc_auc,test,0.8043478260869567,1
sup_only:dense,BACE,classification,0.1,10,121,0,roc_auc,train,0.8805741360089187,1
sup_only:dense,BACE,classification,0.1,10,121,1,roc_auc,train,0.8885172798216276,1
sup_only:dense,BACE,classification,0.1,10,121,2,roc_auc,train,0.9513656633221852,1
sup_only:dense,BACE,classification,0.1,10,121,0,nef1,test,0.0,1
sup_only:dense,BACE,classification,0.1,10,121,1,nef1,test,1.0,1
sup_only:dense,BACE,classification,0.1,10,121,2,nef1,test,1.0,1
sup_only:dense,BACE,classification,0.1,10,121,0,roc_auc,test,0.7219202898550725,2
sup_only:dense,BACE,classification,0.1,10,121,1,roc_auc,test,0.7208333333333333,2
sup_only:dense,BACE,classification,0.1,10,121,2,roc_auc,test,0.7895833333333333,2
sup_only:dense,BACE,classification,0.1,10,121,0,roc_auc,train,0.8615492957746479,2
sup_only:dense,BACE,classification,0.1,10,121,1,roc_auc,train,0.92,2
sup_only:dense,BACE,classification,0.1,10,121,2,roc_auc,train,0.9577464788732394,2
sup_only:dense,BACE,classification,0.1,10,121,0,nef1,test,0.5,2
sup_only:dense,BACE,classification,0.1,10,121,1,nef1,test,1.0,2
sup_only:dense,BACE,classification,0.1,10,121,2,nef1,test,1.0,2
sup_only:dense,BACE,classification,0.25,25,302,0,roc_auc,test,0.745018115942029,0
sup_only:dense,BACE,classification,0.25,25,302,1,roc_auc,test,0.7144021739130435,0
sup_only:dense,BACE,classification,0.25,25,302,2,roc_auc,test,0.7979166666666667,0
sup_only:dense,BACE,classification,0.25,25,302,0,roc_auc,train,0.8202535601089238,0
sup_only:dense,BACE,classification,0.25,25,302,1,roc_auc,train,0.8300968706754163,0
sup_only:dense,BACE,classification,0.25,25,302,2,roc_auc,train,0.8933083344493549,0
sup_only:dense,BACE,classification,0.25,25,302,0,nef1,test,1.0,0
sup_only:dense,BACE,classification,0.25,25,302,1,nef1,test,1.0,0
sup_only:dense,BACE,classification,0.25,25,302,2,nef1,test,1.0,0
sup_only:dense,BACE,classification,0.25,25,302,0,roc_auc,test,0.7947463768115942,1
sup_only:dense,BACE,classification,0.25,25,302,1,roc_auc,test,0.8134057971014493,1
sup_only:dense,BACE,classification,0.25,25,302,2,roc_auc,test,0.8350543478260869,1
sup_only:dense,BACE,classification,0.25,25,302,0,roc_auc,train,0.9618624772313298,1
sup_only:dense,BACE,classification,0.25,25,302,1,roc_auc,train,0.967827868852459,1
sup_only:dense,BACE,classification,0.25,25,302,2,roc_auc,train,0.929280510018215,1
sup_only:dense,BACE,classification,0.25,25,302,0,nef1,test,1.0,1
sup_only:dense,BACE,classification,0.25,25,302,1,nef1,test,1.0,1
sup_only:dense,BACE,classification,0.25,25,302,2,nef1,test,1.0,1
sup_only:dense,BACE,classification,0.25,25,302,0,roc_auc,test,0.7122282608695653,2
sup_only:dense,BACE,classification,0.25,25,302,1,roc_auc,test,0.7901268115942027,2
sup_only:dense,BACE,classification,0.25,25,302,2,roc_auc,test,0.8044384057971016,2
sup_only:dense,BACE,classification,0.25,25,302,0,roc_auc,train,0.836983136983137,2
sup_only:dense,BACE,classification,0.25,25,302,1,roc_auc,train,0.9625779625779626,2
sup_only:dense,BACE,classification,0.25,25,302,2,roc_auc,train,0.9487179487179488,2
sup_only:dense,BACE,classification,0.25,25,302,0,nef1,test,0.5,2
sup_only:dense,BACE,classification,0.25,25,302,1,nef1,test,1.0,2
sup_only:dense,BACE,classification,0.25,25,302,2,nef1,test,1.0,2
sup_only:dense,BACE,classification,0.5,50,605,0,roc_auc,test,0.7918478260869565,0
sup_only:dense,BACE,classification,0.5,50,605,1,roc_auc,test,0.7268115942028985,0
sup_only:dense,BACE,classification,0.5,50,605,2,roc_auc,test,0.8215579710144927,0
sup_only:dense,BACE,classification,0.5,50,605,0,roc_auc,train,0.9626659538447828,0
sup_only:dense,BACE,classification,0.5,50,605,1,roc_auc,train,0.8193664795509221,0
sup_only:dense,BACE,classification,0.5,50,605,2,roc_auc,train,0.9453131961151208,0
sup_only:dense,BACE,classification,0.5,50,605,0,nef1,test,1.0,0
sup_only:dense,BACE,classification,0.5,50,605,1,nef1,test,1.0,0
sup_only:dense,BACE,classification,0.5,50,605,2,nef1,test,1.0,0
sup_only:dense,BACE,classification,0.5,50,605,0,roc_auc,test,0.7634057971014493,1
sup_only:dense,BACE,classification,0.5,50,605,1,roc_auc,test,0.6951992753623188,1
sup_only:dense,BACE,classification,0.5,50,605,2,roc_auc,test,0.8203804347826086,1
sup_only:dense,BACE,classification,0.5,50,605,0,roc_auc,train,0.9421133618115842,1
sup_only:dense,BACE,classification,0.5,50,605,1,roc_auc,train,0.8106540811170824,1
sup_only:dense,BACE,classification,0.5,50,605,2,roc_auc,train,0.9655447613798172,1
sup_only:dense,BACE,classification,0.5,50,605,0,nef1,test,1.0,1
sup_only:dense,BACE,classification,0.5,50,605,1,nef1,test,1.0,1
sup_only:dense,BACE,classification,0.5,50,605,2,nef1,test,1.0,1
sup_only:dense,BACE,classification,0.5,50,605,0,roc_auc,test,0.7843297101449276,2
sup_only:dense,BACE,classification,0.5,50,605,1,roc_auc,test,0.8326992753623188,2
sup_only:dense,BACE,classification,0.5,50,605,2,roc_auc,test,0.8370471014492753,2
sup_only:dense,BACE,classification,0.5,50,605,0,roc_auc,train,0.9491872604731068,2
sup_only:dense,BACE,classification,0.5,50,605,1,roc_auc,train,0.9450134355314744,2
sup_only:dense,BACE,classification,0.5,50,605,2,roc_auc,train,0.9501288489493854,2
sup_only:dense,BACE,classification,0.5,50,605,0,nef1,test,1.0,2
sup_only:dense,BACE,classification,0.5,50,605,1,nef1,test,1.0,2
sup_only:dense,BACE,classification,0.5,50,605,2,nef1,test,1.0,2
sup_only:dense,BACE,classification,1.0,100,1210,0,roc_auc,test,0.7730072463768116,0
sup_only:dense,BACE,classification,1.0,100,1210,1,roc_auc,test,0.8054347826086957,0
sup_only:dense,BACE,classification,1.0,100,1210,2,roc_auc,test,0.8298913043478261,0
sup_only:dense,BACE,classification,1.0,100,1210,0,roc_auc,train,0.8698386533491653,0
sup_only:dense,BACE,classification,1.0,100,1210,1,roc_auc,train,0.9523126353286302,0
sup_only:dense,BACE,classification,1.0,100,1210,2,roc_auc,train,0.9590263323321924,0
sup_only:dense,BACE,classification,1.0,100,1210,0,nef1,test,1.0,0
sup_only:dense,BACE,classification,1.0,100,1210,1,nef1,test,1.0,0
sup_only:dense,BACE,classification,1.0,100,1210,2,nef1,test,1.0,0
sup_only:dense,BBBP,classification,0.05,5,82,0,roc_auc,test,0.7168320647461219,0
sup_only:dense,BBBP,classification,0.05,5,82,1,roc_auc,test,0.7201560844011947,0
sup_only:dense,BBBP,classification,0.05,5,82,2,roc_auc,test,0.7240100202331631,0
sup_only:dense,BBBP,classification,0.05,5,82,0,roc_auc,train,1.0,0
sup_only:dense,BBBP,classification,0.05,5,82,1,roc_auc,train,1.0,0
sup_only:dense,BBBP,classification,0.05,5,82,2,roc_auc,train,1.0,0
sup_only:dense,BBBP,classification,0.05,5,82,0,nef1,test,1.0,0
sup_only:dense,BBBP,classification,0.05,5,82,1,nef1,test,1.0,0
sup_only:dense,BBBP,classification,0.05,5,82,2,nef1,test,1.0,0
sup_only:dense,BBBP,classification,0.05,5,82,0,roc_auc,test,0.6328162636092108,1
sup_only:dense,BBBP,classification,0.05,5,82,1,roc_auc,test,0.6663455053473359,1
sup_only:dense,BBBP,classification,0.05,5,82,2,roc_auc,test,0.6755949513440602,1
sup_only:dense,BBBP,classification,0.05,5,82,0,roc_auc,train,1.0,1
sup_only:dense,BBBP,classification,0.05,5,82,1,roc_auc,train,1.0,1
sup_only:dense,BBBP,classification,0.05,5,82,2,roc_auc,train,1.0,1
sup_only:dense,BBBP,classification,0.05,5,82,0,nef1,test,1.0,1
sup_only:dense,BBBP,classification,0.05,5,82,1,nef1,test,1.0,1
sup_only:dense,BBBP,classification,0.05,5,82,2,nef1,test,1.0,1
sup_only:dense,BBBP,classification,0.05,5,82,0,roc_auc,test,0.7032951151363329,2
sup_only:dense,BBBP,classification,0.05,5,82,1,roc_auc,test,0.7000674438770594,2
sup_only:dense,BBBP,classification,0.05,5,82,2,roc_auc,test,0.5256286732825899,2
sup_only:dense,BBBP,classification,0.05,5,82,0,roc_auc,train,1.0,2
sup_only:dense,BBBP,classification,0.05,5,82,1,roc_auc,train,1.0,2
sup_only:dense,BBBP,classification,0.05,5,82,2,roc_auc,train,0.4804905239687848,2
sup_only:dense,BBBP,classification,0.05,5,82,0,nef1,test,1.0,2
sup_only:dense,BBBP,classification,0.05,5,82,1,nef1,test,1.0,2
sup_only:dense,BBBP,classification,0.05,5,82,2,nef1,test,0.6666666666666666,2
sup_only:dense,BBBP,classification,0.1,10,163,0,roc_auc,test,0.6414876192311398,0
sup_only:dense,BBBP,classification,0.1,10,163,1,roc_auc,test,0.6671162925137297,0
sup_only:dense,BBBP,classification,0.1,10,163,2,roc_auc,test,0.6762693901146546,0
sup_only:dense,BBBP,classification,0.1,10,163,0,roc_auc,train,0.992,0
sup_only:dense,BBBP,classification,0.1,10,163,1,roc_auc,train,0.9997894736842106,0
sup_only:dense,BBBP,classification,0.1,10,163,2,roc_auc,train,0.9989473684210528,0
sup_only:dense,BBBP,classification,0.1,10,163,0,nef1,test,1.0,0
sup_only:dense,BBBP,classification,0.1,10,163,1,nef1,test,1.0,0
sup_only:dense,BBBP,classification,0.1,10,163,2,nef1,test,1.0,0
sup_only:dense,BBBP,classification,0.1,10,163,0,roc_auc,test,0.6836400423932941,1
sup_only:dense,BBBP,classification,0.1,10,163,1,roc_auc,test,0.6852779651218807,1
sup_only:dense,BBBP,classification,0.1,10,163,2,roc_auc,test,0.7148087484343386,1
sup_only:dense,BBBP,classification,0.1,10,163,0,roc_auc,train,0.9994385176866928,1
sup_only:dense,BBBP,classification,0.1,10,163,1,roc_auc,train,0.9985962942167322,1
sup_only:dense,BBBP,classification,0.1,10,163,2,roc_auc,train,0.9997192588433464,1
sup_only:dense,BBBP,classification,0.1,10,163,0,nef1,test,1.0,1
sup_only:dense,BBBP,classification,0.1,10,163,1,nef1,test,1.0,1
sup_only:dense,BBBP,classification,0.1,10,163,2,nef1,test,1.0,1
sup_only:dense,BBBP,classification,0.1,10,163,0,roc_auc,test,0.6422584063975336,2
sup_only:dense,BBBP,classification,0.1,10,163,1,roc_auc,test,0.6876385008189613,2
sup_only:dense,BBBP,classification,0.1,10,163,2,roc_auc,test,0.6998265728875613,2
sup_only:dense,BBBP,classification,0.1,10,163,0,roc_auc,train,0.994513358778626,2
sup_only:dense,BBBP,classification,0.1,10,163,1,roc_auc,train,1.0,2
sup_only:dense,BBBP,classification,0.1,10,163,2,roc_auc,train,1.0,2
sup_only:dense,BBBP,classification,0.1,10,163,0,nef1,test,0.6666666666666666,2
sup_only:dense,BBBP,classification,0.1,10,163,1,nef1,test,0.6666666666666666,2
sup_only:dense,BBBP,classification,0.1,10,163,2,nef1,test,0.6666666666666666,2
sup_only:dense,BBBP,classification,0.25,25,408,0,roc_auc,test,0.6829174294248,0
sup_only:dense,BBBP,classification,0.25,25,408,1,roc_auc,test,0.6847962231428847,0
sup_only:dense,BBBP,classification,0.25,25,408,2,roc_auc,test,0.6700549185856055,0
sup_only:dense,BBBP,classification,0.25,25,408,0,roc_auc,train,0.9960640138408304,0
sup_only:dense,BBBP,classification,0.25,25,408,1,roc_auc,train,0.990462802768166,0
sup_only:dense,BBBP,classification,0.25,25,408,2,roc_auc,train,0.9999567474048444,0
sup_only:dense,BBBP,classification,0.25,25,408,0,nef1,test,1.0,0
sup_only:dense,BBBP,classification,0.25,25,408,1,nef1,test,1.0,0
sup_only:dense,BBBP,classification,0.25,25,408,2,nef1,test,0.6666666666666666,0
sup_only:dense,BBBP,classification,0.25,25,408,0,roc_auc,test,0.6921187012236246,1
sup_only:dense,BBBP,classification,0.25,25,408,1,roc_auc,test,0.7206860005780903,1
sup_only:dense,BBBP,classification,0.25,25,408,2,roc_auc,test,0.7154350130070336,1
sup_only:dense,BBBP,classification,0.25,25,408,0,roc_auc,train,0.9971271494708996,1
sup_only:dense,BBBP,classification,0.25,25,408,1,roc_auc,train,1.0,1
sup_only:dense,BBBP,classification,0.25,25,408,2,roc_auc,train,1.0,1
sup_only:dense,BBBP,classification,0.25,25,408,0,nef1,test,1.0,1
sup_only:dense,BBBP,classification,0.25,25,408,1,nef1,test,1.0,1
sup_only:dense,BBBP,classification,0.25,25,408,2,nef1,test,0.6666666666666666,1
sup_only:dense,BBBP,classification,0.25,25,408,0,roc_auc,test,0.7085461027073898,2
sup_only:dense,BBBP,classification,0.25,25,408,1,roc_auc,test,0.7080161865304944,2
sup_only:dense,BBBP,classification,0.25,25,408,2,roc_auc,test,0.7058001734271124,2
sup_only:dense,BBBP,classification,0.25,25,408,0,roc_auc,train,0.9993526460592328,2
sup_only:dense,BBBP,classification,0.25,25,408,1,roc_auc,train,0.9930611749474024,2
sup_only:dense,BBBP,classification,0.25,25,408,2,roc_auc,train,0.997086907266548,2
sup_only:dense,BBBP,classification,0.25,25,408,0,nef1,test,1.0,2
sup_only:dense,BBBP,classification,0.25,25,408,1,nef1,test,1.0,2
sup_only:dense,BBBP,classification,0.25,25,408,2,nef1,test,1.0,2
sup_only:dense,BBBP,classification,0.5,50,816,0,roc_auc,test,0.7375469698429522,0
sup_only:dense,BBBP,classification,0.5,50,816,1,roc_auc,test,0.735860872916466,0
sup_only:dense,BBBP,classification,0.5,50,816,2,roc_auc,test,0.7402928991232296,0
sup_only:dense,BBBP,classification,0.5,50,816,0,roc_auc,train,0.998170108362298,0
sup_only:dense,BBBP,classification,0.5,50,816,1,roc_auc,train,0.9958750766714372,0
sup_only:dense,BBBP,classification,0.5,50,816,2,roc_auc,train,0.997168268247802,0
sup_only:dense,BBBP,classification,0.5,50,816,0,nef1,test,1.0,0
sup_only:dense,BBBP,classification,0.5,50,816,1,nef1,test,1.0,0
sup_only:dense,BBBP,classification,0.5,50,816,2,nef1,test,1.0,0
sup_only:dense,BBBP,classification,0.5,50,816,0,roc_auc,test,0.7354273051353694,1
sup_only:dense,BBBP,classification,0.5,50,816,1,roc_auc,test,0.7332594662298872,1
sup_only:dense,BBBP,classification,0.5,50,816,2,roc_auc,test,0.7226129684940746,1
sup_only:dense,BBBP,classification,0.5,50,816,0,roc_auc,train,0.999583740171643,1
sup_only:dense,BBBP,classification,0.5,50,816,1,roc_auc,train,0.9954776710005652,1
sup_only:dense,BBBP,classification,0.5,50,816,2,roc_auc,train,0.9922966236702812,1
sup_only:dense,BBBP,classification,0.5,50,816,0,nef1,test,1.0,1
sup_only:dense,BBBP,classification,0.5,50,816,1,nef1,test,0.6666666666666666,1
sup_only:dense,BBBP,classification,0.5,50,816,2,nef1,test,0.6666666666666666,1
sup_only:dense,BBBP,classification,0.5,50,816,0,roc_auc,test,0.7387994989883419,2
sup_only:dense,BBBP,classification,0.5,50,816,1,roc_auc,test,0.7110029868002696,2
sup_only:dense,BBBP,classification,0.5,50,816,2,roc_auc,test,0.7198188650158975,2
sup_only:dense,BBBP,classification,0.5,50,816,0,roc_auc,train,1.0,2
sup_only:dense,BBBP,classification,0.5,50,816,1,roc_auc,train,0.9858527887669248,2
sup_only:dense,BBBP,classification,0.5,50,816,2,roc_auc,train,0.9930740513734886,2
sup_only:dense,BBBP,classification,0.5,50,816,0,nef1,test,0.6666666666666666,2
sup_only:dense,BBBP,classification,0.5,50,816,1,nef1,test,0.6666666666666666,2
sup_only:dense,BBBP,classification,0.5,50,816,2,nef1,test,1.0,2
sup_only:dense,BBBP,classification,1.0,100,1631,0,roc_auc,test,0.7422680412371134,0
sup_only:dense,BBBP,classification,1.0,100,1631,1,roc_auc,test,0.7471336352249734,0
sup_only:dense,BBBP,classification,1.0,100,1631,2,roc_auc,test,0.7192889488390019,0
sup_only:dense,BBBP,classification,1.0,100,1631,0,roc_auc,train,0.9969631515338528,0
sup_only:dense,BBBP,classification,1.0,100,1631,1,roc_auc,train,0.9930751626423924,0
sup_only:dense,BBBP,classification,1.0,100,1631,2,roc_auc,train,0.9910668826660496,0
sup_only:dense,BBBP,classification,1.0,100,1631,0,nef1,test,1.0,0
sup_only:dense,BBBP,classification,1.0,100,1631,1,nef1,test,0.6666666666666666,0
sup_only:dense,BBBP,classification,1.0,100,1631,2,nef1,test,1.0,0
sup_only:dense,Tox21,classification,0.05,5,313,0,roc_auc,test,0.652018432888836,0
sup_only:dense,Tox21,classification,0.05,5,313,1,roc_auc,test,0.6402176743571166,0
sup_only:dense,Tox21,classification,0.05,5,313,2,roc_auc,test,0.6490237002131117,0
sup_only:dense,Tox21,classification,0.05,5,313,0,roc_auc,train,0.8802180029413521,0
sup_only:dense,Tox21,classification,0.05,5,313,1,roc_auc,train,0.8403206921471517,0
sup_only:dense,Tox21,classification,0.05,5,313,2,roc_auc,train,0.7625176811304876,0
sup_only:dense,Tox21,classification,0.05,5,313,0,nef1,test,0.1945436507936508,0
sup_only:dense,Tox21,classification,0.05,5,313,1,nef1,test,0.2389880952380952,0
sup_only:dense,Tox21,classification,0.05,5,313,2,nef1,test,0.1416666666666666,0
sup_only:dense,Tox21,classification,0.05,5,313,0,roc_auc,test,0.6364232658976207,1
sup_only:dense,Tox21,classification,0.05,5,313,1,roc_auc,test,0.630964086085973,1
sup_only:dense,Tox21,classification,0.05,5,313,2,roc_auc,test,0.6489527521210715,1
sup_only:dense,Tox21,classification,0.05,5,313,0,roc_auc,train,0.8562877915131829,1
sup_only:dense,Tox21,classification,0.05,5,313,1,roc_auc,train,0.8171421958417083,1
sup_only:dense,Tox21,classification,0.05,5,313,2,roc_auc,train,0.8822502675919507,1
sup_only:dense,Tox21,classification,0.05,5,313,0,nef1,test,0.2298611111111111,1
sup_only:dense,Tox21,classification,0.05,5,313,1,nef1,test,0.2277777777777777,1
sup_only:dense,Tox21,classification,0.05,5,313,2,nef1,test,0.3595238095238095,1
sup_only:dense,Tox21,classification,0.05,5,313,0,roc_auc,test,0.6171119813411363,2
sup_only:dense,Tox21,classification,0.05,5,313,1,roc_auc,test,0.6195766064769551,2
sup_only:dense,Tox21,classification,0.05,5,313,2,roc_auc,test,0.6342614366555742,2
sup_only:dense,Tox21,classification,0.05,5,313,0,roc_auc,train,0.8517705614596761,2
sup_only:dense,Tox21,classification,0.05,5,313,1,roc_auc,train,0.7952643166827612,2
sup_only:dense,Tox21,classification,0.05,5,313,2,roc_auc,train,0.7971369846605727,2
sup_only:dense,Tox21,classification,0.05,5,313,0,nef1,test,0.1980158730158729,2
sup_only:dense,Tox21,classification,0.05,5,313,1,nef1,test,0.1988095238095238,2
sup_only:dense,Tox21,classification,0.05,5,313,2,nef1,test,0.1811507936507936,2
sup_only:dense,Tox21,classification,0.1,10,626,0,roc_auc,test,0.682298540360201,0
sup_only:dense,Tox21,classification,0.1,10,626,1,roc_auc,test,0.6876869004687199,0
sup_only:dense,Tox21,classification,0.1,10,626,2,roc_auc,test,0.6820557501381308,0
sup_only:dense,Tox21,classification,0.1,10,626,0,roc_auc,train,0.9346385994016017,0
sup_only:dense,Tox21,classification,0.1,10,626,1,roc_auc,train,0.9076260287250838,0
sup_only:dense,Tox21,classification,0.1,10,626,2,roc_auc,train,0.8352570399113106,0
sup_only:dense,Tox21,classification,0.1,10,626,0,nef1,test,0.3741071428571428,0
sup_only:dense,Tox21,classification,0.1,10,626,1,nef1,test,0.5180555555555556,0
sup_only:dense,Tox21,classification,0.1,10,626,2,nef1,test,0.223015873015873,0
sup_only:dense,Tox21,classification,0.1,10,626,0,roc_auc,test,0.6512520431384942,1
sup_only:dense,Tox21,classification,0.1,10,626,1,roc_auc,test,0.6601551544198924,1
sup_only:dense,Tox21,classification,0.1,10,626,2,roc_auc,test,0.6522521668796385,1
sup_only:dense,Tox21,classification,0.1,10,626,0,roc_auc,train,0.8648690218999345,1
sup_only:dense,Tox21,classification,0.1,10,626,1,roc_auc,train,0.8119877068744422,1
sup_only:dense,Tox21,classification,0.1,10,626,2,roc_auc,train,0.7601444752751184,1
sup_only:dense,Tox21,classification,0.1,10,626,0,nef1,test,0.4473214285714286,1
sup_only:dense,Tox21,classification,0.1,10,626,1,nef1,test,0.2742063492063492,1
sup_only:dense,Tox21,classification,0.1,10,626,2,nef1,test,0.1702380952380952,1
sup_only:dense,Tox21,classification,0.1,10,626,0,roc_auc,test,0.6924936871397942,2
sup_only:dense,Tox21,classification,0.1,10,626,1,roc_auc,test,0.6776165890292877,2
sup_only:dense,Tox21,classification,0.1,10,626,2,roc_auc,test,0.6788730777267346,2
sup_only:dense,Tox21,classification,0.1,10,626,0,roc_auc,train,0.9288012238018922,2
sup_only:dense,Tox21,classification,0.1,10,626,1,roc_auc,train,0.9313629154735088,2
sup_only:dense,Tox21,classification,0.1,10,626,2,roc_auc,train,0.8632689649914206,2
sup_only:dense,Tox21,classification,0.1,10,626,0,nef1,test,0.4800595238095237,2
sup_only:dense,Tox21,classification,0.1,10,626,1,nef1,test,0.4882936507936508,2
sup_only:dense,Tox21,classification,0.1,10,626,2,nef1,test,0.3989087301587302,2
sup_only:dense,Tox21,classification,0.25,25,1566,0,roc_auc,test,0.6928787508361872,0
sup_only:dense,Tox21,classification,0.25,25,1566,1,roc_auc,test,0.690225989898226,0
sup_only:dense,Tox21,classification,0.25,25,1566,2,roc_auc,test,0.7055112222089237,0
sup_only:dense,Tox21,classification,0.25,25,1566,0,roc_auc,train,0.8965019919958795,0
sup_only:dense,Tox21,classification,0.25,25,1566,1,roc_auc,train,0.8422558972538751,0
sup_only:dense,Tox21,classification,0.25,25,1566,2,roc_auc,train,0.9306225686668458,0
sup_only:dense,Tox21,classification,0.25,25,1566,0,nef1,test,0.5065476190476191,0
sup_only:dense,Tox21,classification,0.25,25,1566,1,nef1,test,0.3339285714285714,0
sup_only:dense,Tox21,classification,0.25,25,1566,2,nef1,test,0.5308531746031747,0
sup_only:dense,Tox21,classification,0.25,25,1566,0,roc_auc,test,0.6980322009380776,1
sup_only:dense,Tox21,classification,0.25,25,1566,1,roc_auc,test,0.6955197025333085,1
sup_only:dense,Tox21,classification,0.25,25,1566,2,roc_auc,test,0.7121192739729789,1
sup_only:dense,Tox21,classification,0.25,25,1566,0,roc_auc,train,0.908375919487341,1
sup_only:dense,Tox21,classification,0.25,25,1566,1,roc_auc,train,0.9075996294177544,1
sup_only:dense,Tox21,classification,0.25,25,1566,2,roc_auc,train,0.9034388256565128,1
sup_only:dense,Tox21,classification,0.25,25,1566,0,nef1,test,0.4800595238095238,1
sup_only:dense,Tox21,classification,0.25,25,1566,1,nef1,test,0.5006944444444444,1
sup_only:dense,Tox21,classification,0.25,25,1566,2,nef1,test,0.5767857142857142,1
sup_only:dense,Tox21,classification,0.25,25,1566,0,roc_auc,test,0.7087548246825971,2
sup_only:dense,Tox21,classification,0.25,25,1566,1,roc_auc,test,0.7102524419100776,2
sup_only:dense,Tox21,classification,0.25,25,1566,2,roc_auc,test,0.7348133897864573,2
sup_only:dense,Tox21,classification,0.25,25,1566,0,roc_auc,train,0.8851570392833996,2
sup_only:dense,Tox21,classification,0.25,25,1566,1,roc_auc,train,0.8796559109512594,2
sup_only:dense,Tox21,classification,0.25,25,1566,2,roc_auc,train,0.9145520502185808,2
sup_only:dense,Tox21,classification,0.25,25,1566,0,nef1,test,0.5339285714285714,2
sup_only:dense,Tox21,classification,0.25,25,1566,1,nef1,test,0.4902777777777778,2
sup_only:dense,Tox21,classification,0.25,25,1566,2,nef1,test,0.4820436507936507,2
sup_only:dense,Tox21,classification,0.5,50,3132,0,roc_auc,test,0.7371289544869225,0
sup_only:dense,Tox21,classification,0.5,50,3132,1,roc_auc,test,0.7338042098433627,0
sup_only:dense,Tox21,classification,0.5,50,3132,2,roc_auc,test,0.7527423566314497,0
sup_only:dense,Tox21,classification,0.5,50,3132,0,roc_auc,train,0.8715899416941618,0
sup_only:dense,Tox21,classification,0.5,50,3132,1,roc_auc,train,0.928137681404164,0
sup_only:dense,Tox21,classification,0.5,50,3132,2,roc_auc,train,0.9439608215116256,0
sup_only:dense,Tox21,classification,0.5,50,3132,0,nef1,test,0.4800595238095238,0
sup_only:dense,Tox21,classification,0.5,50,3132,1,nef1,test,0.5579365079365081,0
sup_only:dense,Tox21,classification,0.5,50,3132,2,nef1,test,0.6214285714285713,0
sup_only:dense,Tox21,classification,0.5,50,3132,0,roc_auc,test,0.7507960460882738,1
sup_only:dense,Tox21,classification,0.5,50,3132,1,roc_auc,test,0.7356239763649682,1
sup_only:dense,Tox21,classification,0.5,50,3132,2,roc_auc,test,0.7440911070759086,1
sup_only:dense,Tox21,classification,0.5,50,3132,0,roc_auc,train,0.9437495952245872,1
sup_only:dense,Tox21,classification,0.5,50,3132,1,roc_auc,train,0.8917589573680855,1
sup_only:dense,Tox21,classification,0.5,50,3132,2,roc_auc,train,0.9052433316639984,1
sup_only:dense,Tox21,classification,0.5,50,3132,0,nef1,test,0.446031746031746,1
sup_only:dense,Tox21,classification,0.5,50,3132,1,nef1,test,0.5336309523809525,1
sup_only:dense,Tox21,classification,0.5,50,3132,2,nef1,test,0.4765873015873016,1
sup_only:dense,Tox21,classification,0.5,50,3132,0,roc_auc,test,0.7371892389398081,2
sup_only:dense,Tox21,classification,0.5,50,3132,1,roc_auc,test,0.7482369511093788,2
sup_only:dense,Tox21,classification,0.5,50,3132,2,roc_auc,test,0.7424112009992564,2
sup_only:dense,Tox21,classification,0.5,50,3132,0,roc_auc,train,0.9274950540565648,2
sup_only:dense,Tox21,classification,0.5,50,3132,1,roc_auc,train,0.9108135160739744,2
sup_only:dense,Tox21,classification,0.5,50,3132,2,roc_auc,train,0.9430066329026991,2
sup_only:dense,Tox21,classification,0.5,50,3132,0,nef1,test,0.5380952380952381,2
sup_only:dense,Tox21,classification,0.5,50,3132,1,nef1,test,0.5817460317460318,2
sup_only:dense,Tox21,classification,0.5,50,3132,2,nef1,test,0.5186507936507937,2
sup_only:dense,Tox21,classification,1.0,100,6264,0,roc_auc,test,0.7575733838940056,0
sup_only:dense,Tox21,classification,1.0,100,6264,1,roc_auc,test,0.7642382834755342,0
sup_only:dense,Tox21,classification,1.0,100,6264,2,roc_auc,test,0.7607025322262199,0
sup_only:dense,Tox21,classification,1.0,100,6264,0,roc_auc,train,0.9145932550947808,0
sup_only:dense,Tox21,classification,1.0,100,6264,1,roc_auc,train,0.9321947035378146,0
sup_only:dense,Tox21,classification,1.0,100,6264,2,roc_auc,train,0.9108015973305456,0
sup_only:dense,Tox21,classification,1.0,100,6264,0,nef1,test,0.5392857142857143,0
sup_only:dense,Tox21,classification,1.0,100,6264,1,nef1,test,0.5857142857142857,0
sup_only:dense,Tox21,classification,1.0,100,6264,2,nef1,test,0.540079365079365,0
sup_only:dense,QM7,regression,0.05,5,274,0,rmse,test,206.1214904785156,0
sup_only:dense,QM7,regression,0.05,5,274,1,rmse,test,199.64295959472656,0
sup_only:dense,QM7,regression,0.05,5,274,2,rmse,test,199.0346527099609,0
sup_only:dense,QM7,regression,0.05,5,274,0,rmse,train,214.20616149902344,0
sup_only:dense,QM7,regression,0.05,5,274,1,rmse,train,220.9469757080078,0
sup_only:dense,QM7,regression,0.05,5,274,2,rmse,train,223.3894195556641,0
sup_only:dense,QM7,regression,0.05,5,274,0,rmse,test,201.63194274902344,1
sup_only:dense,QM7,regression,0.05,5,274,1,rmse,test,201.19436645507807,1
sup_only:dense,QM7,regression,0.05,5,274,2,rmse,test,203.21780395507807,1
sup_only:dense,QM7,regression,0.05,5,274,0,rmse,train,218.3163909912109,1
sup_only:dense,QM7,regression,0.05,5,274,1,rmse,train,221.21690368652344,1
sup_only:dense,QM7,regression,0.05,5,274,2,rmse,train,211.75955200195312,1
sup_only:dense,QM7,regression,0.05,5,274,0,rmse,test,197.52626037597656,2
sup_only:dense,QM7,regression,0.05,5,274,1,rmse,test,197.5971527099609,2
sup_only:dense,QM7,regression,0.05,5,274,2,rmse,test,198.4285430908203,2
sup_only:dense,QM7,regression,0.05,5,274,0,rmse,train,211.88525390625,2
sup_only:dense,QM7,regression,0.05,5,274,1,rmse,train,211.6348571777344,2
sup_only:dense,QM7,regression,0.05,5,274,2,rmse,train,206.15267944335935,2
sup_only:dense,QM7,regression,0.1,10,547,0,rmse,test,200.16688537597656,0
sup_only:dense,QM7,regression,0.1,10,547,1,rmse,test,202.6939849853516,0
sup_only:dense,QM7,regression,0.1,10,547,2,rmse,test,202.23776245117188,0
sup_only:dense,QM7,regression,0.1,10,547,0,rmse,train,221.49331665039065,0
sup_only:dense,QM7,regression,0.1,10,547,1,rmse,train,224.1457672119141,0
sup_only:dense,QM7,regression,0.1,10,547,2,rmse,train,192.23147583007807,0
sup_only:dense,QM7,regression,0.1,10,547,0,rmse,test,201.8365020751953,1
sup_only:dense,QM7,regression,0.1,10,547,1,rmse,test,202.6532440185547,1
sup_only:dense,QM7,regression,0.1,10,547,2,rmse,test,205.06539916992188,1
sup_only:dense,QM7,regression,0.1,10,547,0,rmse,train,213.237548828125,1
sup_only:dense,QM7,regression,0.1,10,547,1,rmse,train,214.47406005859372,1
sup_only:dense,QM7,regression,0.1,10,547,2,rmse,train,199.0347442626953,1
sup_only:dense,QM7,regression,0.1,10,547,0,rmse,test,201.29681396484372,2
sup_only:dense,QM7,regression,0.1,10,547,1,rmse,test,200.9413909912109,2
sup_only:dense,QM7,regression,0.1,10,547,2,rmse,test,197.8428192138672,2
sup_only:dense,QM7,regression,0.1,10,547,0,rmse,train,207.4003753662109,2
sup_only:dense,QM7,regression,0.1,10,547,1,rmse,train,221.2352600097656,2
sup_only:dense,QM7,regression,0.1,10,547,2,rmse,train,218.33248901367188,2
sup_only:dense,QM7,regression,0.25,25,1368,0,rmse,test,197.2867889404297,0
sup_only:dense,QM7,regression,0.25,25,1368,1,rmse,test,198.83595275878903,0
sup_only:dense,QM7,regression,0.25,25,1368,2,rmse,test,199.25868225097656,0
sup_only:dense,QM7,regression,0.25,25,1368,0,rmse,train,196.70909118652344,0
sup_only:dense,QM7,regression,0.25,25,1368,1,rmse,train,196.13040161132807,0
sup_only:dense,QM7,regression,0.25,25,1368,2,rmse,train,202.2810211181641,0
sup_only:dense,QM7,regression,0.25,25,1368,0,rmse,test,198.6529541015625,1
sup_only:dense,QM7,regression,0.25,25,1368,1,rmse,test,197.6026763916016,1
sup_only:dense,QM7,regression,0.25,25,1368,2,rmse,test,197.0868988037109,1
sup_only:dense,QM7,regression,0.25,25,1368,0,rmse,train,212.038818359375,1
sup_only:dense,QM7,regression,0.25,25,1368,1,rmse,train,209.9606475830078,1
sup_only:dense,QM7,regression,0.25,25,1368,2,rmse,train,209.94369506835935,1
sup_only:dense,QM7,regression,0.25,25,1368,0,rmse,test,198.9914093017578,2
sup_only:dense,QM7,regression,0.25,25,1368,1,rmse,test,202.95947265625,2
sup_only:dense,QM7,regression,0.25,25,1368,2,rmse,test,203.6920318603516,2
sup_only:dense,QM7,regression,0.25,25,1368,0,rmse,train,215.2842254638672,2
sup_only:dense,QM7,regression,0.25,25,1368,1,rmse,train,204.3090362548828,2
sup_only:dense,QM7,regression,0.25,25,1368,2,rmse,train,208.4844512939453,2
sup_only:dense,QM7,regression,0.5,50,2735,0,rmse,test,204.8274688720703,0
sup_only:dense,QM7,regression,0.5,50,2735,1,rmse,test,211.67437744140625,0
sup_only:dense,QM7,regression,0.5,50,2735,2,rmse,test,199.22979736328125,0
sup_only:dense,QM7,regression,0.5,50,2735,0,rmse,train,194.25428771972656,0
sup_only:dense,QM7,regression,0.5,50,2735,1,rmse,train,171.4981689453125,0
sup_only:dense,QM7,regression,0.5,50,2735,2,rmse,train,199.28587341308597,0
sup_only:dense,QM7,regression,0.5,50,2735,0,rmse,test,203.9713287353516,1
sup_only:dense,QM7,regression,0.5,50,2735,1,rmse,test,203.3230743408203,1
sup_only:dense,QM7,regression,0.5,50,2735,2,rmse,test,202.73635864257807,1
sup_only:dense,QM7,regression,0.5,50,2735,0,rmse,train,200.66943359375,1
sup_only:dense,QM7,regression,0.5,50,2735,1,rmse,train,213.71051025390625,1
sup_only:dense,QM7,regression,0.5,50,2735,2,rmse,train,187.0578765869141,1
sup_only:dense,QM7,regression,0.5,50,2735,0,rmse,test,209.2642364501953,2
sup_only:dense,QM7,regression,0.5,50,2735,1,rmse,test,210.2696075439453,2
sup_only:dense,QM7,regression,0.5,50,2735,2,rmse,test,197.760009765625,2
sup_only:dense,QM7,regression,0.5,50,2735,0,rmse,train,173.35438537597656,2
sup_only:dense,QM7,regression,0.5,50,2735,1,rmse,train,172.27647399902344,2
sup_only:dense,QM7,regression,0.5,50,2735,2,rmse,train,192.7627410888672,2
sup_only:dense,QM7,regression,1.0,100,5470,0,rmse,test,204.65467834472656,0
sup_only:dense,QM7,regression,1.0,100,5470,1,rmse,test,205.23599243164065,0
sup_only:dense,QM7,regression,1.0,100,5470,2,rmse,test,199.36236572265625,0
sup_only:dense,QM7,regression,1.0,100,5470,0,rmse,train,194.13980102539065,0
sup_only:dense,QM7,regression,1.0,100,5470,1,rmse,train,181.8766632080078,0
sup_only:dense,QM7,regression,1.0,100,5470,2,rmse,train,188.9579620361328,0
