smiles,y,split
O=C(Nc1n[nH]c2nc(-c3ccccc3)c(Br)cc12)C1CC1,74.0,train
O=C(Nc1n[nH]c2nc(-c3cccs3)c(Br)cc12)C1CC1,0.0,train
O=C(Nc1n[nH]c2nc(-c3nccs3)c(Br)cc12)C1CC1,12.0,train
O=C(Nc1n[nH]c2nc(-c3cccs3)c(Br)cc12)C1CCCC1,16.0,train
c1ccc(Oc2ccc(Nc3ccnc4cc(-c5ccc(CNCCN6CCOCC6)o5)ccc34)cc2)nc1,5.0,train
c1ccc(Oc2ccc(Nc3ccnc4cc(-c5ccc(CN6CCCCC6)o5)ccc34)cc2)nc1,11.0,train
c1ccc(-c2ccc3c(-c4ccnc(Nc5ccc6c(c5)OCCO6)n4)cnn3n2)cc1,1.0,train
CC(=O)Nc1cn2nc(Oc3cccc(NC(=O)c4cccc(C(F)(F)F)c4)c3)ccc2n1,100.0,train
CC(=O)Nc1nc2cnc(Nc3cc(NC(=O)c4cccc(C5(C#N)CC5)c4Cl)ccc3C)nc2s1,99.6,train
CC(=O)Nc1nc2cnc(Nc3cc(NC(=O)c4cccc(CC(C)(C)C#N)c4)ccc3C)nc2s1,99.7,train
CC(=O)Nc1nc2cnc(Nc3cc(NC(=O)c4cccc(CCC#N)c4)ccc3C)nc2s1,51.0,train
CC(=O)Nc1n[nH]c2ncc(-c3ccccc3)cc12,0.0,train
CC(=O)c1c(-c2ccncc2)[nH]c(-c2ccncc2)c1C,26.0,train
CC(=O)c1cccc(NC(=O)NC2CCN(c3ccnc(Nc4ccc(F)cc4)n3)C2)c1,0.0,train
CC(C(=O)NC1CCN(c2ccnc(Nc3ccc(F)cc3)n2)C1)c1ccc(Cl)cc1,0.0,train
CC(C)(C)c1ccc(C(=O)Nc2cn3cc(-c4ccccc4)ccc3n2)cc1,0.0,train
CC(C)(C)c1ccc(C(=O)Nc2cn3cc(-n4ccnc4)ccc3n2)cc1,0.0,train
CC(C)(C)c1ccc(C(=O)Nc2cn3cc(Cl)ccc3n2)cc1,0.0,train
CC(C)(C)OC(=O)NC1CCCN(c2cc(-c3ccc4c(N)n[nH]c4c3)nc(N)n2)C1,0.0,train
CC(C)(C)c1ccc(-n2cnc3c(N)ncnc32)cc1,8.0,train
CC(C)(C)c1ccc2nccc(Nc3cccc(O)c3)c2c1,94.7,train
CC(C)(C)n1cnc2c(N)ncnc21,19.0,train
CC(C)N1CCC(n2cnc(-c3ccc(F)cc3)c2-c2ccnc(N)n2)CC1,2.0,train
CC(C)Nc1cc(-c2ccc3c(N)n[nH]c3c2)nc(N)n1,0.0,train
CC(C)Oc1ccc2c(-c3ccnc(Nc4ccc(N5CCN(C)CC5)cc4)n3)cnn2n1,56.0,train
CC(C)S(=O)(=O)N1CCN(Cc2ccc3c(c2)nc(NC(=O)c2ccsc2)n3C[C@H](O)c2ccccc2)CC1,44.0,train
CC(C)c1cc(-c2ccc3c(N)n[nH]c3c2)nc(N)n1,0.0,train
CC(C)c1ccc(O)cc1Nc1ccnc2ccc(C(F)(F)F)cc12,38.0,train
CC(=O)N1CCN(c2ccc(Nc3nccc(-c4sc(C(C)C)nc4-c4cccc(NS(=O)(=O)c5cccc(Cl)c5)c4)n3)cn2)CC1,54.0,train
CC(C)c1nc(-c2ccc(F)c(NS(=O)(=O)c3c(F)cccc3F)c2)c(-c2ccnc(Nc3ccc(N4CCOCC4)nc3)n2)s1,89.0,train
CC(C)c1nc(-c2cccc(NS(=O)(=O)c3c(F)cccc3F)c2F)c(-c2ccnc(Nc3ccc(N4CCOCC4)nc3)n2)s1,99.7,train
CC(=O)c1c(C)c2cnc(Nc3ccc(N4CCNCC4)cn3)nc2n(C2CCCC2)c1=O,0.0,train
Cc1nnc(-c2ccc3occ(-c4ccc(C(C)O)cc4)c3c2)o1,11.0,train
CC1=C(C(=O)Nc2cc3cn[nH]c3cc2F)C(c2ccc(C(F)(F)F)cc2)CC(=O)N1,44.0,train
Cc1cc(C(=O)Nc2ccc(Oc3ccc4nc(NC(=O)C5CC5)cn4n3)cc2)nn1-c1ccccc1,81.0,train
Cc1ccc(C(=O)N2CC[C@@H](O)C2)cc1-n1c(C)cc(OCc2ccc(F)cc2F)c(Br)c1=O,10.0,train
CNC(=O)c1ccc(C)c(-n2c(C)cc(OCc3ccc(F)cc3F)c(Br)c2=O)c1,0.0,train
Cc1ccc(C(=O)Nc2ccc(Oc3ccc4nc(NC(=O)C5CC5)cn4c3)c(F)c2)c(=O)n1-c1ccccc1,100.0,train
Cc1ccc(-c2ccc3occ(-c4ccc([S+](C)[O-])cc4)c3c2)nn1,0.0,train
Cc1ccc(Oc2ccc(Nc3ncnc4cc[nH]c34)cc2C)cn1,8.0,train
Cc1cccc(-c2nc(-c3ccc(S(C)(=O)=O)cc3)sc2-c2ccnc(NCCc3ccccc3)c2)c1,30.0,train
Cc1nnc(-c2ccc3ncc(-c4ccc([S+](C)[O-])cc4)n3c2)o1,9.0,train
Cc1c(Cn2c(C)nn3c(=O)cc(N4CCOC(C)C4)nc23)cccc1C(F)(F)F,1.0,train
CCC(=O)c1c(-c2ccccc2)c2cc(Cl)ccc2c(=O)n1Cc1ccc(C(=O)O)cc1,0.0,train
CCC(=O)c1c(-c2ccccc2)c2cc(Cl)ccc2c(=O)n1Cc1cc(S(C)(=O)=O)n(CC(F)F)n1,0.0,train
CCC(=O)c1c(-c2ccccc2)c2cc(Cl)ccc2c(=O)n1Cc1cc(S(C)(=O)=O)n(CC(N)=O)n1,1.0,train
CCC(=O)c1c(-c2ccccc2)c2cc(Cl)ccc2c(=O)n1Cc1cc(S(C)(=O)=O)n(CCC(C)(C)O)n1,14.0,train
CCC(CC)(CC)n1cnc2c(N)ncnc21,4.0,train
CCc1ccc(-c2ccc3c(c2)-c2c(cnn2C)S(=O)(=O)N3C)cc1,5.0,train
CCc1ccc(-c2ccc3c(c2)-c2n[nH]cc2S(=O)(=O)N3C)cc1,25.0,train
CCc1ccc(-c2ccc3c(c2)-c2nn(C)cc2S(=O)(=O)N3C)cc1,16.0,train
CCc1nc(-c2cccc(C)c2)c(-c2ccnc(NC(=O)c3ccccc3)c2)s1,0.0,train
CCc1nc(-c2cccc(C)c2)c(-c2ccncc2)s1,0.0,train
CCCC(=O)Nc1n[nH]c2ncccc12,0.0,train
CCCCCc1nc2c(N)ncnc2n1CCCCC,0.0,train
CCCCc1nn2ncccc2c1-c1ccnc(NC2CC2)n1,0.0,train
CCCCc1nn2ncccc2c1-c1ccnc(Nc2ccc(N3CCN(C)CC3)cc2)n1,99.5,train
CCCc1ccc(S(=O)(=O)NC2CCN(c3ccnc(Nc4ccc(F)cc4)n3)C2)cc1,16.0,train
CCCc1ccc(S(=O)(=O)NC2CCN(c3ccnc(Nc4ccc(OC)cc4)n3)C2)cc1,28.0,train
CCN(CC)CCOc1ccc(Nc2ncc3cc(-c4c(Cl)cccc4Cl)c(=O)n(C)c3n2)cc1,100.0,train
CCN1CCN(CCCC(=O)Nc2n[nH]c3nc(-c4ccc(O)cc4)c(Br)cc23)CC1,23.0,train
CCNc1nccc(-c2c(-c3ccc(F)cc3)ncn2C2CCN(C)CC2)n1,0.0,train
CCOC(=O)N1CCC(n2cnc(-c3ccc(F)cc3)c2-c2ccnc(N)n2)CC1,30.0,train
CCOc1nccc(-c2c(-c3ccc(F)cc3)ncn2C2CCNCC2)n1,32.0,train
CCS(=O)(=O)c1ccc(OC)c(Nc2nccc(-c3c(-c4cccc(NC(=O)c5c(F)cccc5F)c4)nn4ncccc34)n2)c1,20.0,train
CC[S+]([O-])c1ccc(-c2coc3ccc(-c4nnc(C)o4)cc23)cc1,0.0,train
CC[C@@H]1CO[C@H](C(=O)Nc2ccccc2)CN1c1cc(-c2ccc3c(N)n[nH]c3c2)nc(NC)n1,11.0,train
CC[C@@]1(F)CN(C2CCCC2)c2nc(Nc3ccc(C(=O)NC4CCN(C)CC4)cc3OC)ncc2N(C)C1=O,3.0,train
CC[C@]1(F)CN(C2CCCC2)c2nc(Nc3ccc(C(=O)NC4CCN(C)CC4)cc3OC)ncc2N(C)C1=O,8.0,train
CCc1nc(-c2cccc(N(C)S(=O)(=O)c3ccccc3)c2)c(-c2ccnc(Nc3ccc(N4CCN(C(C)=O)CC4)nc3)n2)s1,0.0,train
CCn1c(-c2nonc2N)nc2c(C#CC(C)(C)O)nc(OC[C@H](N)c3ccccc3)cc21,10.0,train
CCn1c(-c2nonc2N)nc2ccccc21,22.0,train
CCn1c(-c2nonc2N)nc2cncc(Br)c21,26.0,train
CCn1c(-c2ccccc2)nc2cnccc21,23.0,train
CCn1c(-c2cccnc2O)nc2cnccc21,5.0,train
CCn1c(-c2ccncc2)nc2cnccc21,0.0,train
CCn1c(-c2ccoc2)nc2cnccc21,1.0,train
CCn1cnc2c(N)ncnc21,0.0,train
CCn1cnc2c(NCc3ccccc3)ncnc21,0.0,train
CN(C)CC(O)COc1ccc(Nc2nccc(-c3cnn4nc(N5CCOCC5)ccc34)n2)cc1,17.0,train
CN(C)CCOc1ccc(-c2cc(-c3c[nH]nc3-c3ccccn3)ccn2)cc1,36.0,train
CN(C)Cc1ccc(-c2ccc3c(Nc4ccc(Oc5ccccn5)cc4)ccnc3c2)o1,1.0,train
CN(C)c1cc(-c2ccc3c(N)n[nH]c3c2)nc(N)n1,0.0,train
CN(C)c1ncnc2nc[nH]c12,0.0,train
CN(C1=C(c2ccccc2)C(=O)NC1=O)c1ccccc1,0.0,train
CN(c1ccc(F)c(NC(=O)c2cccc(OC(C)(C)C#N)c2Cl)c1)c1ccc2nc(NC(=O)C3CC3)sc2n1,100.0,train
CN(c1cccc(CNc2nc(Nc3ccc4c(c3)CC(=O)N4)ncc2C(F)(F)F)c1)S(C)(=O)=O,85.0,train
C[C@@H]1CCN(C(=O)N2CCCC2)C[C@@H]1N(C)c1ncnc2[nH]ccc12,41.0,train
Cc1nc(N(C)[C@H]2CN(C(=O)CC#N)CC[C@H]2C)c2cc[nH]c2n1,5.0,train
C[C@@H]1CCN(C(=O)CC#N)C[C@@H]1N(C)c1ncnc2[nH]ccc12,22.0,train
C[C@@H]1CCN(C(=O)CO)C[C@@H]1N(C)c1ncnc2[nH]ccc12,0.0,train
CN1C(=O)C(Nc2cc(Cl)c(O)c(Cl)c2)=C(c2ccc(Cl)cc2)C1=O,0.0,train
CN1C(=O)C(Nc2ccc(Cl)c(C(=O)O)c2)=C(c2ccc(Cl)cc2)C1=O,0.0,train
CN1C(=O)C(Nc2ccccc2)=C(c2ccccc2)C1=O,0.0,train
CN1c2ccc(-c3ccc(C(=O)NCCO)cc3)cc2-c2[nH]ncc2S1(=O)=O,13.0,train
CN1c2ccc(-c3ccc(C(N)=O)cc3)cc2-c2[nH]ncc2S1(=O)=O,1.0,train
Cn1ccc2ncnc(Nc3ccc(Oc4cccc(Cl)c4)c(Cl)c3)c21,10.0,train
Cn1ccc2ncnc(Oc3cccc(C(=O)Nc4ccccc4)c3)c21,14.0,train
Cn1ccc2ncnc(Oc3ccc(NC(=O)Nc4cncc(C(F)(F)F)c4)c(Cl)c3)c21,100.0,train
Cn1ccc2ncnc(Oc3ccc(NC(=O)Nc4ccnc(C(F)(F)F)c4)c(Cl)c3)c21,100.0,train
Cn1ccc2ncnc(Oc3ccc(NC(=O)Nc4cccnc4)c(Cl)c3)c21,52.0,train
Cn1ccc2ncnc(Oc3ccc(NC(=O)Nc4ccncc4)c(Cl)c3)c21,1.0,train
Cn1ccc2ncnc(Oc3ccc(NC(=O)Nc4cnn(C(C)(C)C)c4)c(Cl)c3)c21,100.0,train
Cn1ccc2ncnc(Oc3ccc(Nc4nc5ccccc5[nH]4)cc3)c21,0.0,train
CN1CCC(NC(=O)c2ccc(Nc3ncc4c(n3)N(C3CCCC3)CC(F)(F)C(=O)N4C)cc2)CC1,19.0,train
Cc1cc(Nc2ncc3c(n2)N(C2CCCC2)CC(F)(F)C(=O)N3C)ccc1C(=O)NC1CCN(C)CC1,16.0,train
CN1CCC(n2cnc(-c3ccc(F)cc3)c2-c2ccnc(NC3CCNCC3)n2)CC1,20.0,train
CN1CCN(c2ccc(Nc3nccc(-c4cnn5ncccc45)n3)cc2C(F)(F)F)CC1,47.0,train
CN1CCN(CCCNc2nccc(-c3c(-c4ccc(F)cc4)nn4cc(C(F)(F)F)ccc34)n2)CC1,0.0,train
CN1CCN(CCCNc2nccc(-c3c(-c4ccc(F)cc4)nn4cc(C(N)=O)ccc34)n2)CC1,38.0,train
CN1c2ccc(CNc3ccc(F)cc3)cc2-c2c(cnn2C)S1(=O)=O,0.0,train
CN1c2ccc(NCc3ccc(F)cc3)cc2-c2c(cnn2C)S1(=O)=O,0.0,train
CNCc1ccc2nc(NC(=O)c3ccc(C(C)(C)C)cc3)cn2c1,14.0,train
CNc1cc(-c2ccc3c(N)n[nH]c3c2)nc(N)n1,35.0,train
CNc1nc(-c2ccc3c(N)n[nH]c3c2)cc(N2C[C@@H](C(=O)Nc3ccccc3)CC[C@H]2C)n1,4.0,train
CNc1nc(-c2ccc3c(N)n[nH]c3c2)cc(N2C[C@@H](C(=O)NC3CCCCC3)OC[C@H]2C)n1,4.0,train
CNc1nccc(-c2c(-c3ccc(F)cc3)ncn2C2CCN(C)CC2)n1,0.0,train
CNc1nccc(-c2c(-c3ccc(F)cc3)ncn2CCCN2CCOCC2)n1,7.0,train
CNc1nccc(-c2ccc3c(N)n[nH]c3c2)n1,80.0,train
CNc1ncnc2[nH]ncc12,0.0,train
COC(=O)C(Cc1ccccc1)NC(=O)NC1CCN(c2ccnc(Nc3ccc(F)cc3)n2)C1,21.0,train
COC(=O)C(NC(=O)NC1CCN(c2ccnc(Nc3ccc(F)cc3)n2)C1)c1ccccc1,2.0,train
COC(=O)c1c(-c2ccccc2)c2cc(C(=O)O)ccc2c(=O)n1Cc1ccccc1,21.0,train
COC(=O)c1c(-c2ccccc2)c2cc(Br)ccc2c(=O)n1Cc1ccc(S(C)(=O)=O)cc1,16.0,train
COC(=O)c1c(-c2ccccc2)c2cc(Br)ccc2c(=O)n1Cc1ccc(NC(=O)CCC(=O)O)cc1,5.0,train
COC(=O)c1c(-c2ccccc2)c2cc(C)ccc2c(=O)n1Cc1ccccc1,13.0,train
COC(=O)c1c(-c2ccccc2)c2cc(Cl)ccc2c(=O)n1Cc1ccc(S(C)(=O)=O)cc1,2.0,train
COC(=O)c1c(-c2ccccc2)c2cc(OC)ccc2c(=O)n1Cc1ccccc1,17.0,train
COC(=O)Nc1nc2ccc(Oc3ccc(CC(=O)Nc4cc(C(F)(F)F)ccc4F)cc3)cc2[nH]1,97.7,train
COC(=O)c1cccc(NC(=O)NC2CCN(c3ccnc(Nc4cc(OC)c(OC)c(OC)c4)n3)C2)c1,11.0,train
COC(=O)c1cccc(NC(=O)NC2CCN(c3ccnc(Nc4ccc(F)cc4)n3)C2)c1,5.0,train
COC(=O)c1cccc(NC(=O)NC2CCN(c3ccnc(Nc4ccc(OC)cc4)n3)C2)c1,0.0,train
COC(=O)c1cccc(NC(=O)NC2CCN(c3ccnc(NCc4ccc(F)cc4)n3)CC2)c1,9.0,train
COC(=O)c1cccc(NC(=O)NCCNc2ccnc(Nc3ccc(F)cc3)n2)c1,0.0,train
COc1ccc(-c2cc3c(C)nc(N)nc3n([C@H]3CC[C@H](OCCO)CC3)c2=O)cn1,0.0,train
COc1ccc(CSc2nnc(-c3ccc4nccn4c3)o2)cc1C(F)(F)F,23.0,train
COc1ccc(-c2coc3ccc(-c4nnc(SCc5ccc(OC)c(C(F)(F)F)c5)o4)cc23)cc1,0.0,train
COc1ccc(-c2coc3ccc(-c4nnc(SCc5cccc(C#N)c5)o4)cc23)cc1,16.0,train
COc1ccc(-c2coc3ccc(-c4nnc(C)o4)cc23)cc1,0.0,train
COc1ccc(CSc2nnc(-c3ccc4ncsc4c3)o2)cc1C(F)(F)F,0.0,train
COc1ccc(CSc2nnc(-c3ccc4c(c3)CCO4)o2)cc1,0.0,train
COc1cc(Nc2ccnc3ccc(C(F)(F)F)cc23)cc(OC)c1OC,9.0,train
COc1cc(Nc2ncc3c(n2)N(C2CCCC2)CC(F)(F)C(=O)N3C)ccc1C(=O)NC1CCN(C)CC1,12.0,train
COc1cc(Nc2ncc3c(C)nc(-c4cc5ccccc5[nH]4)n3n2)cc(OC)c1OC,45.0,train
COc1cc(Nc2nccc(-c3c(-c4cccc(NC(=O)c5c(F)cccc5F)c4)nn4ccccc34)n2)cc(OC)c1OC,29.0,train
COc1cc(Nc2nccc(-c3c(-c4cccc(NC(=O)c5c(F)cccc5F)c4)nn4ncccc34)n2)cc(OC)c1OC,99.7,train
COc1cc(Nc2nccc(N3CCC(NC(=O)C(C)c4ccc(Cl)cc4)C3)n2)cc(OC)c1OC,7.0,train
COc1cc(Nc2nccc(N3CCC(NC(=O)C4COc5ccccc5O4)C3)n2)cc(OC)c1OC,2.0,train
COc1cc(Nc2nccc(N3CCC(NC(=O)Nc4cc(C)ccc4C)C3)n2)cc(OC)c1OC,25.0,train
COc1cc(Nc2nccc(N3CCC(NC(=O)Nc4cccc(C(C)=O)c4)C3)n2)cc(OC)c1OC,0.0,train
COc1cc(Nc2nccc(N3CCC(NC(=O)c4cc5ccccc5s4)C3)n2)cc(OC)c1OC,21.0,train
COc1cc(Nc2nccc(N3CCC(NC(=O)c4cccc(NC(C)=O)c4)C3)n2)cc(OC)c1OC,29.0,train
COc1cc(Nc2nccc(N3CCC(NC(=O)c4cccc(C#N)c4)C3)n2)cc(OC)c1OC,14.0,train
COc1cc(Nc2nccc(N3CCC(NS(=O)(=O)c4ccc(NC(C)=O)cc4)CC3)n2)cc(OC)c1OC,30.0,train
COc1cc(C(=O)NC2CCN(C)CC2)cc(F)c1Nc1ncc2c(n1)N(C1CCCC1)CC(F)(F)C(=O)N2C,8.0,train
COc1cc(C(=O)NC2CCN(C)CC2)ccc1Nc1ncc2c(n1)N(C1CCCC1)CC(F)(F)C(=O)N2C,11.0,train
C=CC[C@H]1CN(C2CCCC2)c2nc(Nc3ccc(C(=O)NC4CCN(C)CC4)cc3OC)ncc2N(C)C1=O,6.0,train
COc1cc2c(Nc3ccc(NC(=O)c4ccccc4)cc3)ncnc2cc1OCCCN1CCOCC1,79.0,train
COc1cc2c(Nc3cccc(NC(=O)c4ccccc4)c3)ncnc2cc1OCCCN1CCOCC1,90.8,train
COc1cc2ncn(-c3cc(OCC4CCCCC4)c(C(N)=O)s3)c2cc1OC,17.0,train
COc1cc2ncn(-c3cc(OCC4CCCO4)c(C(N)=O)s3)c2cc1OC,0.0,train
COc1cc2ncn(-c3cc(OCc4ccc(S(C)(=O)=O)cc4)c(C(N)=O)s3)c2cc1OC,26.0,train
COc1cc2ncn(-c3cc(OCc4ccncc4)c(C(N)=O)s3)c2cc1OC,4.0,train
COc1cc2ncn(-c3cc(OCc4ccncc4Br)c(C(N)=O)s3)c2cc1OC,20.0,train
COc1ccc(CNC(=O)NC2CCN(c3ccnc(Nc4cc(OC)c(OC)c(OC)c4)n3)C2)cc1,0.0,train
COc1ccc(CNC(=O)NC2CCN(c3ccnc(Nc4ccc(F)cc4)n3)C2)cc1,21.0,train
COc1ccc(CNC(=O)NC2CCN(c3ccnc(Nc4ccc(OC)cc4)n3)C2)cc1,15.0,train
COc1ccc(CNC(=O)NC2CCN(c3ccnc(Nc4ccc(F)cc4)n3)CC2)cc1,0.0,train
COc1ccc(COc2cc(-n3cnc4ccccc43)sc2C(N)=O)cc1,26.0,train
COc1ccc(NC(=O)c2ccoc2)cc1-c1ccc(C(=O)NCC2CC2)cc1,0.0,train
COc1ccc(Nc2nccc(NCCNC(=O)Nc3cc(C)ccc3C)n2)cc1,16.0,train
COc1ccc(Nc2nccc(NCCNC(=O)Nc3ccccc3F)n2)cc1,17.0,train
COc1ccc(Nc2nccc(NCCNC(=O)c3cc4ccccc4s3)n2)cc1,25.0,train
COc1ccc(Nc2nccc(-c3ccc(NC(=O)c4cc5cc(F)ccc5[nH]4)cc3)n2)cc1,0.0,train
COc1ccc(Nc2nccc(-c3cccc(NC(=O)c4cc5cc(F)ccc5[nH]4)c3)n2)cc1,14.0,train
COc1ccc(Nc2nccc(N3CCC(NC(=O)C(C)c4ccc(Cl)cc4)C3)n2)cc1,2.0,train
COc1ccc(Nc2nccc(N3CCC(NC(=O)Nc4cc(C)ccc4C)C3)n2)cc1,52.0,train
COc1ccc(Nc2nccc(N3CCC(NC(=O)Nc4cccc(OC)c4)C3)n2)cc1,7.0,train
COc1ccc(Nc2nccc(N3CCC(NC(=O)Nc4cccc(C(C)=O)c4)C3)n2)cc1,0.0,train
COc1ccc(Nc2nccc(N3CCC(NC(=O)c4cc5ccccc5s4)C3)n2)cc1,14.0,train
COc1ccc(Nc2nccc(N3CCC(NC(=O)c4cccc(NC(C)=O)c4)C3)n2)cc1,0.0,train
COc1ccc(Nc2nccc(N3CCC(NC(=O)c4cccc(C#N)c4)C3)n2)cc1,28.0,train
COc1ccc(Nc2nccc(N3CCC(NS(=O)(=O)c4ccc(NC(C)=O)cc4)C3)n2)cc1,28.0,train
COc1ccc(Nc2nccc(N3CCC(NC(=O)C(C)c4ccc(Cl)cc4)CC3)n2)cc1,38.0,train
COc1ccc(-c2nc3n(c2-c2ccncc2)CCC3)cc1,5.0,train
COc1ccc(-c2oc3ncnc(N)c3c2-c2ccc(OC)cc2)cc1,11.0,train
COc1ccc(-n2cnc3c(N)ncnc32)cc1,34.0,train
COc1ccc(C2=C(Nc3cccc(Cl)c3)C(=O)NC2=O)cc1,0.0,train
COc1ccc(C2=C(Nc3cccc(O)c3)C(=O)NC2=O)cc1,25.0,train
COc1ccc(C2=C(Nc3cccc(C(=O)O)c3)C(=O)NC2=O)cc1,3.0,train
COc1ccc2cc(-c3nc(-c4ccccc4C(C)C)[nH]c3-c3ccncc3)ccc2c1,4.0,train
COc1ccc2nc(-c3cccc(C)n3)nc(Nc3ccncc3)c2c1,18.0,train
COc1cccc(CC(=O)N2CCc3cc(-c4cn(C)c5ncnc(N)c45)ccc32)c1,37.0,train
COc1cccc(CNC(=O)NC2CCN(c3ccnc(Nc4cc(OC)c(OC)c(OC)c4)n3)C2)c1,19.0,train
COc1cccc(CNC(=O)NC2CCN(c3ccnc(Nc4ccc(F)cc4)n3)C2)c1,8.0,train
COc1cccc(NC(=O)NC2CCN(c3ccnc(Nc4cc(OC)c(OC)c(OC)c4)n3)C2)c1,16.0,train
COc1cccc(NC(=O)NC2CCN(c3ccnc(Nc4ccc(F)cc4)n3)C2)c1,0.0,train
COc1cccc(NC(=O)NCCNc2ccnc(Nc3ccc(F)cc3)n2)c1,0.0,train
COc1cccc(OC)c1C(=O)Nc1cccc(-c2nn3ccccc3c2-c2ccnc(Nc3cccc(F)c3)n2)c1,90.1,train
COc1cccc(-c2cc(-c3c[nH]nc3-c3ccccn3)ccn2)c1,21.0,train
COc1cccc(-c2ccc3c(NC(=O)C4CC4)n[nH]c3n2)c1,6.0,train
COc1cccc(-c2nc(-c3ccccc3)[nH]c2-c2ccncc2)c1,25.0,train
COc1cccc(-n2cnc3c(N)ncnc32)c1,0.0,train
COc1cccc(C2=C(N(C)c3ccccc3)C(=O)NC2=O)c1,17.0,train
COc1cccc(C2=C(Nc3cc(Cl)c(O)c(Cl)c3)C(=O)NC2=O)c1,16.0,train
COc1cccc(C2=C(Nc3ccc(Cl)c(C(=O)O)c3)C(=O)NC2=O)c1,11.0,train
COc1cccc(C2=C(Nc3ccc(SC)cc3)C(=O)NC2=O)c1,0.0,train
COc1cccc(C2=C(Nc3cccc(Cl)c3)C(=O)NC2=O)c1,37.0,train
COc1cccc(C2=C(Nc3cccc(O)c3)C(=O)NC2=O)c1,1.0,train
COc1cccc(C2=C(Nc3cccc(C(=O)O)c3)C(=O)NC2=O)c1,17.0,train
COc1cccc2c(-c3ccncc3)c(-c3ccc(F)cc3)nn12,22.0,train
COc1ccccc1-c1ccc2c(NC(=O)C3CC3)n[nH]c2n1,11.0,train
COc1ccccc1C1=C(Nc2ccc(O)c(Cl)c2)C(=O)NC1=O,0.0,train
COc1ccccc1C1=C(Nc2cccc(O)c2)C(=O)NC1=O,4.0,train
COc1ccccc1CNC(=O)c1cc(C(=O)c2ccccc2C)c[nH]1,14.0,train
COc1nccc(-c2c(-c3ccc(F)cc3)ncn2CCCN2CCOCC2)n1,0.0,train
CS(=O)(=O)Cc1ccc(Nc2nccc(-c3c(-c4cccc(NC(=O)C5CCCCC5)c4)nn4ncccc34)n2)cc1,34.0,train
CS(=O)(=O)c1ccc(-c2nc3n(c2-c2ccncc2)CCC3)cc1,0.0,train
CS(=O)(=O)c1ccccc1-c1nc(-c2ccc(F)cc2)c(-c2ccncc2)[nH]1,36.0,train
CC(C)N1C(=O)Cc2cc(Nc3ncc(C(F)(F)F)c(NCc4cccc(S(C)(=O)=O)c4)n3)ccc21,86.0,train
CSc1ccc(NC2=C(c3ccc(Cl)cc3)C(=O)NC2=O)cc1,7.0,train
CSc1ccc(NC2=C(c3cccc(Cl)c3)C(=O)NC2=O)cc1,0.0,train
CSc1ccc(NC2=C(c3ccccc3Cl)C(=O)NC2=O)cc1,14.0,train
CSc1ccc(-c2nc3n(c2-c2ccncc2)CCC3)cc1,0.0,train
CSc1cccc2c(-c3ccncn3)c(-c3ccc(F)cc3)nn12,29.0,train
CSc1nn2c(=O)cc(N3CCOCC3)nc2n1Cc1cccc(Cl)c1Cl,11.0,train
CSc1nn2c(=O)cc(N3CCOCC3)nc2n1Cc1cccc(C(F)(F)F)c1C,37.5,train
C[C@H]1Oc2cc(cnc2N)-c2c(nn(C)c2C#N)CN(C)C(=O)c2ccc(F)cc21,22.0,train
C[C@@H](Oc1cc(-n2cnc3cc(-c4ccnc(NCCS(C)(=O)=O)c4)ccc32)sc1C(N)=O)c1ccccc1Cl,51.0,train
C[C@@H](Oc1cc(-n2cnc3cc(-c4ccncc4)ccc32)sc1C(N)=O)c1ccccc1Cl,36.0,train
C[C@@H](Oc1cc(-n2cnc3cc(-c4cnn(C)c4)ccc32)sc1C(N)=O)c1ccccc1Cl,90.0,train
C[C@@H](Oc1cc(-n2cnc3ccc(NC(=O)NC(C)(C)C)cc32)sc1C(N)=O)c1ccccc1Cl,24.0,train
C[C@@H](Oc1cc(-n2cnc3ccc(-c4ccncc4)cc32)sc1C(N)=O)c1ccccc1Cl,22.0,train
C[C@@H]1CCCCN1c1cc(-c2ccc3c(N)n[nH]c3c2)nc(N)n1,6.0,train
C[C@@H]1CC[C@H](C(=O)NC2CCCCC2)CN1c1cc(-c2ccc3c(N)n[nH]c3c2)nc(N)n1,53.0,train
C[C@@H]1CC[C@@H](C(=O)Nc2ccccc2)CN1c1cc(-c2ccc3c(N)n[nH]c3c2)nc(N)n1,6.0,train
Cc1nn2c(=O)cc(N3CCO[C@H](C)C3)nc2n1Cc1cccc(Cl)c1Cl,69.0,train
Cc1c(Cn2c(C)nn3c(=O)cc(N4CCO[C@H](C)C4)nc23)cccc1C(F)(F)F,6.0,train
Cc1ccc(-c2ccc3c(ccc4sc5c(c43)NC[C@@H](C)N=C5N(C)C)n2)cn1,0.0,train
C[C@H]1CC[C@@H](C(=O)Nc2ccccc2)CN1c1cc(-c2ccc3c(N)n[nH]c3c2)nc(N)n1,0.0,train
Cc1c(Cn2c(C)c(C)n3c(=O)cc(N4CCOCC4)nc23)cccc1C(F)(F)F,4.0,train
Cc1c(Cn2ccn3c(=O)cc(N4CCOCC4)nc23)cccc1C(F)(F)F,8.0,train
Cc1cc(-c2ccnc(Nc3cccc(C#N)c3)n2)cc(C)c1O,0.0,train
Cc1cc(-c2c(-c3ccc(F)cc3)ncn2CCCN2CCOCC2)nc(N)n1,13.0,train
Cc1cc2cn[nH]c2cc1-c1cccc2c(N)c(C(N)=O)nnc12,19.0,train
Cc1ccc(C)c(NC(=O)NC2CCN(c3ccnc(Nc4ccc(F)cc4)n3)C2)c1,0.0,train
Cc1ccc(C)c(NC(=O)NCCNc2ccnc(Nc3ccc(F)cc3)n2)c1,3.0,train
Cc1ccc(CC(=O)N2CCc3cc(-c4cn(C)c5ncnc(N)c45)ccc32)cc1,7.0,train
Cc1ccc(F)c(C(=O)Nc2cccc(-c3nn4ccccc4c3-c3ccnc(Nc4cccc(F)c4)n3)c2)c1F,96.3,train
Cc1ccc(NC(=O)Nc2cc(C(C)(C)C)nn2-c2ccccc2)cc1,46.0,train
Cc1ccc(NC(=O)Nc2cccc(C(F)(F)F)c2)cc1,0.0,train
Cc1ccc(NC(=O)c2ccc(Cl)c(Cl)c2)cc1-c1ccc(C(=O)Nc2ccncc2)cc1,38.0,train
Cc1ccc(NC(=O)c2ccc(Cl)cc2)cc1-c1ccc(C(=O)Nc2ccncc2)cc1,0.0,train
Cc1ccc(NC(=O)c2cccc(C#N)c2)cc1-c1ccc(C(=O)Nc2ccncc2)cc1,7.0,train
Cc1ccc(NC(=O)c2cccc(N3CCCCC3)c2)cc1-c1ccc(C(=O)NCC2CC2)cc1,10.0,train
Cc1ccc(NC(=O)c2ccnc(N3CCCCC3)c2)cc1-c1ccc(C(=O)NCC2CC2)cc1,5.0,train
Cc1ccc(O)cc1Nc1cc(C(F)(F)F)nc2ccc(-c3ccncc3)cc12,9.0,train
Cc1ccc(O)cc1Nc1ccnc2cc(-c3ccc(CN4CCCCC4)o3)ccc12,100.0,train
Cc1ccc(O)cc1Nc1ccnc2ccc(C(C)(C)C)cc12,96.0,train
Cc1ccc(-c2cc(-c3c[nH]nc3-c3ccccn3)ccn2)cc1,6.0,train
Cc1ccc(-n2nc(C(C)(C)C)cc2NC(=O)Nc2ccc(OCCN3CCOCC3)c3ccccc23)cc1,54.0,train
Cc1ccc(S(=O)(=O)Nc2ccc(Nc3nccc(Nc4cccc5[nH]ncc45)n3)cc2)cc1,8.0,train
Cc1ccc(C(=O)NC2CCCC2)cc1-c1ccc(C(=O)NCC2CC2)cc1,0.0,train
Cc1ccc2c(-c3ccnc(Nc4ccc(C(F)(F)F)cc4)n3)cnn2n1,0.0,train
Cc1cccc(Cn2ccn3c(=O)cc(N4CCOCC4)nc23)c1,13.0,train
Cc1cccc(Nc2nc(NCCN)ncc2C(N)=O)c1,14.0,train
Cc1cccc(-c2cc(-c3c[nH]nc3-c3ccccn3)ccn2)c1,48.0,train
Cc1cccc(-c2cc(Nc3ccncc3)c3ccccc3n2)n1,0.0,train
Cc1cccc(-c2nc(Nc3ccc4[nH]nnc4c3)c3ccccc3n2)n1,0.0,train
Cc1cccc(-c2nc(Nc3cccc(C(N)=O)c3)c3ccccc3n2)n1,0.0,train
Cc1cc(Nc2nc(-c3cccc(C)n3)nc3ccccc23)ccn1,0.0,train
Cc1cccc(-c2nc(Nc3ccncc3)c3ccccc3n2)n1,9.0,train
Cc1cccc(-c2nc(Nc3ccncc3)c3sccc3n2)n1,31.0,train
Cc1cccc2c(-c3ccncn3)c(-c3ccc(F)cc3)nn12,0.0,train
Cc1ccccc1-c1cc(-c2c[nH]nc2-c2ccccn2)ccn1,0.0,train
Cc1ccccc1-n1cnc2c(N)ncnc21,17.0,train
Cc1ccccc1CC(=O)N1CCc2cc(-c3cn(C)c4ncnc(N)c34)ccc21,36.0,train
Cc1ccccc1COc1cc(-n2cnc3cc(Cl)ccc32)sc1C(N)=O,7.0,train
Cc1ccccc1Cn1ccn2c(=O)cc(N3CCOCC3)nc12,0.0,train
Cc1cn2c(=O)cc(N3CCOCC3)nc2n1Cc1cccc(Cl)c1Cl,21.0,train
Cc1csc(-c2nc(Nc3ccncc3)c3ccccc3n2)n1,0.0,train
Cc1n[nH]c2cc(Nc3ccnc(Nc4cccc(CN5CCOCC5)c4)n3)ccc12,56.0,train
Cc1occc1-c1nc(N)c(OC[C@@H](N)Cc2c[nH]c3ccccc23)cc1-c1cc2c(C)n[nH]c2cn1,23.0,train
Cc1nn2c(=O)cc(N3CCOCC3)nc2n1Cc1cccc(Cl)c1Cl,72.0,train
Cc1nnc(-c2ccc(C)c(-c3ccc(C(=O)NCC4CC4)cc3)c2)o1,18.0,train
Cc1nnc(-c2ccc(C)c(-c3ccc(C(=O)O)cc3)c2)o1,2.0,train
c1ccc(Oc2ccc(Nc3ccnc4cc(-c5ccc(CN6CCNCC6)o5)ccc34)cc2)nc1,20.0,train
c1ccc(-c2n[nH]cc2-c2ccnc(-c3ccc(CN4CCOCC4)cc3)c2)nc1,0.0,train
c1ccc(Cn2ccc3cc(Nc4ncnc5ccccc45)ccc32)cc1,15.0,train
c1ccc(Cn2cnc3cc(Nc4ncnc5ccccc45)ccc32)cc1,3.0,train
c1ccc(Cn2ncc3cc(Nc4ncnc5ccccc45)ccc32)cc1,13.0,train
CC(=O)Nc1ccc(COc2ccc(Nc3ccnc4cc(-c5ccccn5)ccc34)cc2)cc1,2.0,train
CC(C)c1nc(-c2cccc(NS(=O)(=O)c3c(F)cccc3F)c2)c(-c2ccnc(Nc3ccc(N4CCOCC4)nc3)n2)s1,99.6,train
CCS(=O)(=O)c1ccc(OC)c(Nc2ncc(-c3ccc(F)cc3)o2)c1,13.0,train
CCn1c(-c2nonc2N)nc2cncc(CNC3CCNCC3)c21,5.0,train
CN1CCN(Cc2ccc(NC(=O)Nc3ccc(N(C)c4ccnc(Nc5ccc(CS(C)(=O)=O)cc5)n4)cc3)cc2)CC1,100.0,train
CN(c1ccc(NC(=O)Nc2cccc(Cl)c2)cc1)c1ccnc(N)n1,50.0,train
CN(c1ccc2c(c1)nc(NCc1ccc(F)cc1)n2C)c1ccnc(Nc2ccc(CS(C)(=O)=O)cc2)n1,100.0,train
CN(c1ccc2c(c1)nc(NCc1ccccc1)n2C)c1ccnc(Nc2ccc(CS(C)(=O)=O)cc2)n1,99.9,train
COC(=O)Nc1nc2cc(Oc3ccc(NC(=O)Nc4cc(F)ccc4F)cc3)ccc2[nH]1,95.1,train
COC(=O)Nc1nc2cc(Oc3ccc(NC(=O)Nc4cc(C(F)(F)F)ccc4Cl)cc3)ccc2[nH]1,100.0,train
COC(=O)Nc1nc2cc(Oc3ccc(NC(=O)Nc4cccc(SC)c4)cc3)ccc2[nH]1,99.8,train
COC(=O)Nc1nc2ccc(Oc3ccc(NC(=O)Nc4cc(C(F)(F)F)ccc4F)cc3)cc2[nH]1,100.0,train
COC(=O)Nc1nc2ccc(Oc3ccc(NC(=O)Nc4cc(C(F)(F)F)ccc4F)cc3)cc2n1C,99.5,train
COc1cc(Nc2ccnc3cc(-c4ccncc4)ccc23)cc(OC)c1OC,24.0,train
COc1cc2nccc(Nc3ccc(OCc4ccc(NC(C)=O)cc4)cc3)c2cc1OC,11.0,train
COc1cc2nccc(Nc3ccc(Oc4ccccc4)cc3)c2cc1OC,23.0,train
COc1cc2nccc(Nc3cccc(Oc4ccccc4)c3)c2cc1OC,25.0,train
COc1cc2ncnc(Nc3ccc(OCc4ccccc4Br)c(Cl)c3)c2cc1OC,14.0,train
COc1cc2ncnc(Nc3ccc4nc(-c5ccccc5)[nH]c4c3)c2cc1OC,33.0,train
COc1cc2ncnc(Nc3cccc(Br)c3)c2cc1OC,47.0,train
COc1ccc(C)c(Nc2ccnc(Nc3ccc(-c4cnc[nH]4)cc3)n2)c1,0.0,train
CS(=O)(=O)CCNCc1ccc(-c2ccc3ncnc(Nc4ccc(OCc5ccccc5)c(Cl)c4)c3c2)o1,0.0,train
CS(=O)(=O)CCNCc1nc(-c2ccc3ncnc(Nc4ccc(OCc5cccc(F)c5)c(Cl)c4)c3c2)cs1,0.0,train
CS(=O)(=O)CCNCc1nc(-c2ccc3ncnc(Nc4ccc(OCc5ccccc5)c(Cl)c4)c3c2)cs1,0.0,train
CSc1nccc(-c2c(-c3ccc(F)cc3)ncn2CCCN2CCOCC2)n1,2.0,train
Cc1cc(-c2ccc3c(c2)CC[C@@H](N[C@@H](C)c2ccccc2)C3)cnc1N,0.0,train
Cc1c(O)cccc1Nc1ccnc2ccc(C(F)(F)F)cc12,24.0,train
Cc1ccc(Nc2ccnc(Nc3ccc4c(c3)CS(=O)(=O)C4)n2)cc1O,100.0,train
Cc1ccc(C(=O)Nc2ccc(Nc3ccnc4cc(-c5ccccn5)ccc34)cc2O)cc1,26.0,train
Cc1ccc2c(-c3ccncc3)c(-c3ccc(F)cc3)nn2c1,14.0,train
Cc1cccc(Nc2nc(N[C@H]3CCCC[C@H]3N)ncc2C(N)=O)c1,76.0,train
Cc1cccc(Nc2nc(N[C@H]3CCNC3)ncc2C(N)=O)c1,30.0,train
Cc1cccc2c(-c3ccncc3)c(-c3ccc(F)cc3)nn12,18.0,train
Cc1ccn2nc(-c3ccc(F)cc3)c(-c3ccncc3)c2c1,4.0,train
Cc1cnc(N)c(/C=C/c2cncc(C(=O)NCCc3ccc(Cl)cc3Cl)c2)c1,7.0,train
Cc1nccc(-c2c(-c3ccc(F)cc3)ncn2CCCN2CCOCC2)n1,6.0,train
c1ccc(-c2cc3ccncc3cc2OC2CCNCC2)cc1,28.0,train
CCn1c(-c2nonc2N)nc2c(C#CC(C)(C)O)nc(OCCN)cc21,23.0,train
CN(C)CCN(C)C(=O)c1cc(-c2ccncc2)c(-c2ccc(Cl)c(O)c2)o1,24.0,train
CN(C)CCOc1ccc(-c2cc(-c3ccc(Cl)c(O)c3)c(-c3ccncc3)[nH]2)cc1,60.0,train
Cc1c2ccc(N(C)c3ccnc(Nc4cccc(S(N)(=O)=O)c4)n3)cc2nn1Cc1ccccc1,99.9,train
CN1CCN(CCNc2nc3cc(Oc4ccc(NC(=O)Nc5cc(C(F)(F)F)ccc5F)cc4)ccc3[nH]2)CC1,99.9,train
COC(=O)Nc1nc2cc(Oc3ccc(NC(=O)Nc4cc(C(F)(F)F)ccc4F)cn3)ccc2[nH]1,99.9,train
CS(=O)(=O)CCNCc1nc(-c2ccc3ncnc(Nc4ccc5c(cnn5Cc5ccccc5)c4)c3c2)cs1,0.0,train
Fc1ccc(-c2ncn(C3CCNCC3)c2-c2ccnc(Nc3ccccc3)n2)cc1,14.0,train
N#Cc1ccc(CCNc2nccc(-c3cccc(CN4CCNCC4)c3)n2)cc1,26.0,train
NCC(C(=O)Nc1cc(Br)c(-c2ccnc3[nH]ccc23)s1)c1ccccc1,32.0,train
NCC(NC(=O)c1cc(-c2ccccc2)c(-c2ccnc3[nH]ccc23)s1)c1ccccc1,35.0,train
NCC(NC(=O)c1cc(-c2cccnc2)c(-c2ccnc3[nH]ccc23)s1)c1ccccc1,28.0,train
NCC(NCc1ccc(-c2ccnc3[nH]ccc23)s1)c1ccccc1,49.0,train
Nc1nc(-c2ccc3c(N)n[nH]c3c2)cc(N2CCCC(NC(=O)c3ccccc3)C2)n1,0.0,train
Cn1ccc(-c2cccc(Nc3ccnc4cc(-c5nccs5)ccc34)c2)n1,5.0,train
O=C(Nc1ccc(Oc2ccc3[nH]c(NC(=O)c4ccco4)nc3c2)cc1)Nc1cc(C(F)(F)F)ccc1F,99.9,train
O=S(=O)(c1cccc(F)c1)c1ccc(Nc2ncnc3cc(Br)sc23)cc1Cl,97.9,train
Fc1ccccc1COc1ccc(Nc2ncnc3ccc(-c4nnc(C(F)(F)F)o4)cc23)cc1Cl,0.0,train
N#CCc1ccc(Nc2nccc(Nc3ccc(Oc4ccccc4)cc3)n2)cc1,38.0,train
c1ccc(-c2ccc3c(Nc4ccc5[nH]ccc5c4)ccnc3c2)nc1,96.9,train
c1ccc(-c2ccc3c(Nc4ccc5[nH]ncc5c4)ccnc3c2)nc1,76.0,train
NC(=O)c1cccc(Nc2nccc(Nc3ccc(Oc4c(Cl)cccc4Cl)c(Cl)c3)n2)c1,0.0,train
NC(=O)c1cccc(Nc2nccc(Nc3ccc(Oc4cccc(Cl)c4)c(Cl)c3)n2)c1,3.0,train
NS(=O)(=O)c1cccc(Nc2cc(-c3ccc(F)cc3)n[nH]2)c1,0.0,train
Nc1n[nH]c2cc(-c3ccccn3)ccc12,2.0,train
Nc1ncnc2occ(-c3ccc(NC(=O)Nc4cc(C(F)(F)F)ccc4F)cc3)c12,100.0,train
Oc1cc(-c2nc(-c3ccccc3)[nH]c2-c2ccncc2)ccc1Cl,66.0,train
Oc1ccc(-c2nc(-c3ccccc3)[nH]c2-c2ccncc2)cc1,26.0,train
Oc1cccc(Nc2ccnc3cc(-c4ccncc4)ccc23)c1,99.9,train
N#Cc1c(N2CCOCC2)sc(-c2ccn[nH]2)c1-c1ccc(Cl)cc1,0.0,train
N#Cc1ccc(Oc2ccc(Nc3ncnc4cc[nH]c34)cc2Cl)cc1,19.0,train
Clc1cc(Nc2ncnc3cc[nH]c23)ccc1OCc1ccccn1,17.0,train
O=C(Nc1n[nH]c2nc(-c3ccccc3)c(Cl)cc12)C1CC1,0.0,train
Clc1ccc(-c2cc(-c3c[nH]nc3-c3ccccn3)ccn2)cc1,27.0,train
Clc1ccc(-c2nn3ncccc3c2-c2ccnc(Nc3ccc4c(c3)OCCO4)n2)cc1,24.0,train
O=C1NC(=O)C(c2ccc(Cl)cc2)=C1Nc1cccc(Cl)c1,8.0,train
O=C1NC(=O)C(c2ccc(Cl)cc2)=C1Nc1ccccc1,0.0,train
O=C(NCc1cccs1)c1cc(C(=O)c2c(Cl)cccc2Cl)c[nH]1,2.0,train
O=c1cc(N2CCOCC2)nc2n(Cc3cccc(Cl)c3Cl)c(C3CC3)nn12,8.0,train
O=c1cc(N2CCOCC2)nc2n(Cc3cccc(Cl)c3)ccn12,87.0,train
O=c1cc(N2CCOCC2)nc2n(Cc3cccc(Cl)c3Cl)ccn12,1.0,train
O=C1NC(=O)C(c2ccccc2Cl)=C1Nc1cccc(Cl)c1,1.0,train
Clc1cccc(-c2nc(Nc3ccncc3)c3ccccc3n2)c1,0.0,train
O=C1NC(=O)C(N2CCc3ccccc32)=C1c1cccc(Cl)c1,4.0,train
O=C1NC(=O)C(N2CCc3ccccc32)=C1c1ccccc1Cl,3.0,train
O=C1NC(=O)C(c2ccccc2Cl)=C1Nc1ccccc1,14.0,train
Cn1c(=O)c(F)c(Nc2ccc(I)cc2F)c2c(=O)n(OC[C@H](O)CO)cnc21,11.0,train
Cn1cc(-c2ccc3c(c2)CCN3C(=O)Cc2cc(F)cc(F)c2F)c2c(N)ncnc21,5.0,train
Cn1cc(-c2ccc3c(c2)CCN3C(=O)Cc2cc(F)cc(C(F)(F)F)c2)c2c(N)ncnc21,35.0,train
Cn1cc(-c2ccc3c(c2)CCN3C(=O)Cc2cccc(Cl)c2)c2c(N)ncnc21,27.0,train
Cn1cc(-c2ccc3c(c2)CCN3C(=O)Cc2cccc(F)c2)c2c(N)ncnc21,47.0,train
Cn1cc(-c2ccc3c(c2)CCN3C(=O)Cc2cccc(C(F)(F)F)c2)c2c(N)ncnc21,78.0,train
Cn1cc(-c2ccc3c(c2)CCN3C(=O)Cc2ccccc2Cl)c2c(N)ncnc21,99.9,train
Cn1cc(-c2cccc3c(N)c(C(N)=O)nnc23)cn1,12.0,train
Cn1cc(-c2cnc(N)c3c(-c4ccc5c(c4)CCN5C(=O)Cc4ccccc4)csc23)cn1,34.0,train
Cn1cnc2c(N)ncnc21,0.0,train
Cn1cncc1-c1ccc2ncnc(Nc3ccc(OCc4ccccc4)cc3)c2c1,0.0,train
Cn1cncc1C(=O)NC1CCN(c2ccnc(Nc3ccc(F)cc3)n2)C1,0.0,train
FC(F)(F)c1cc(Br)cc(Nc2nccc(-c3cnn4ncccc34)n2)c1,0.0,train
FC(F)(F)c1cc(Nc2nccc(-c3c(-c4ccc(Cl)cc4)nn4ncccc34)n2)ccc1Cl,0.0,train
FC(F)(F)c1ccc(/C=C/c2cncnc2Nc2ccc3[nH]c(Cc4ccccc4)nc3c2)cc1,8.0,train
FC(F)(F)c1ccc(-c2cc(-c3c[nH]nc3-c3ccccn3)ccn2)cc1,14.0,train
FC(F)(F)c1ccc(-c2ncn(CCCN3CCOCC3)c2-c2ccncc2)cc1,20.0,train
FC(F)(F)c1ccc(-c2nn3ncccc3c2-c2ccnc(Nc3cccc(C(F)(F)F)c3)n2)cc1,0.0,train
O=c1cc(N2CCOCC2)nc2n(Cc3cccc(C(F)(F)F)c3)ccn12,0.0,train
FC(F)(F)c1ccccc1-c1cc(-c2c[nH]nc2-c2ccccn2)ccn1,11.0,train
O=C(NOCC1CC1)c1cc(Br)c(F)c(F)c1Nc1ccc(I)cc1Cl,6.0,train
O=C(NOCC1CC1)c1ccc(F)c(F)c1Nc1ccc(I)cc1Cl,17.0,train
O=C(NOC[C@H](O)CO)c1ccc(F)c(F)c1Nc1ccc(I)cc1F,0.0,train
Fc1cccc(COc2ccc(Nc3ncnc4cc[nH]c34)cc2Cl)c1,5.0,train
Fc1cccc(CSc2nnc(-c3ccc4c(c3)CCO4)o2)c1,0.0,train
O=C(Nc1ccc(Oc2ccc3nc(NC(=O)C4CC4)cn3n2)c(F)c1)c1cccn(-c2ccccc2)c1=O,99.9,train
Fc1cc(Cl)ccc1Nc1ccnc2cc(I)ccc12,53.0,train
Fc1cc(Cl)ccc1Nc1ccnc2cc(-c3ccc(CN4CCCCC4)o3)ccc12,22.0,train
Fc1cc(Cl)ccc1Nc1ccnc2cc(-c3ccc(CN4CCOCC4)o3)ccc12,99.8,train
Fc1cc(Cl)ccc1Nc1ccnc2cc(-c3ccc(CN4CCSCC4)o3)ccc12,98.3,train
O=C(Nc1ccc2c(c1)OCO2)NC1CCN(c2ccnc(NCc3ccc(F)cc3)n2)CC1,21.0,train
O=c1cc(N2CCOCC2)nc2n(Cc3ccc(F)c(Cl)c3)ccn12,0.0,train
O=C(NCCNc1ccnc(Nc2ccc(F)cc2)n1)Nc1ccc2c(c1)OCO2,0.0,train
O=C(NCCNc1ccnc(Nc2ccc(F)cc2)n1)Nc1ccccc1F,5.0,train
O=C(NCCNc1ccnc(Nc2ccc(F)cc2)n1)c1cc2ccccc2s1,0.0,train
Fc1ccc(Nc2nccc(-c3c(-c4ccc(Cl)cc4)nn4ncccc34)n2)cc1F,9.0,train
O=C(Nc1ccccc1F)NC1CCN(c2ccnc(Nc3ccc(F)cc3)n2)C1,8.0,train
O=C(NC1CCN(c2ccnc(Nc3ccc(F)cc3)n2)C1)c1cc2ccccc2s1,10.0,train
N#Cc1cccc(C(=O)NC2CCN(c3ccnc(Nc4ccc(F)cc4)n3)C2)c1,18.0,train
O=C(Nc1ccccc1F)NC1CCN(c2ccnc(Nc3ccc(F)cc3)n2)CC1,4.0,train
C=CC(=O)Nc1cc2c(Nc3ccc(F)c(Cl)c3)ncnc2cc1OCCCN1CCOCC1,38.0,train
Fc1ccc(-c2nc3n(c2-c2ccncc2)CCS3)cc1,22.0,train
Fc1ccc(-c2nc[nH]c2-c2ccncc2)cc1,0.0,train
Fc1ccc(-c2ncn(C3CCNCC3)c2-c2ccnc(Oc3ccc(-c4ccccc4)cc3)n2)cc1,3.0,train
Fc1ccc(-c2ncn(CCCN3CCOCC3)c2-c2cccnc2)cc1,3.0,train
Fc1ccc(-c2ncn(CCCNCc3ccccc3)c2-c2ccncc2)cc1,18.0,train
Fc1ccc(-c2nn3c(OCC(F)(F)F)cccc3c2-c2ccncc2)cc1,0.0,train
Fc1ccc(-c2nn3cccc(F)c3c2-c2ccncc2)cc1,98.0,train
O=C(NCC1CC1)c1ccc(-c2cc(C(=O)NC3CC3)ccc2F)cc1,4.0,train
O=C(Nc1n[nH]c2cc(-c3cccc(F)c3F)ccc12)C1CC1,0.0,train
Fc1cccc(COc2ccc(Nc3ncnc4sc(-c5ccc[nH]5)cc34)cc2Cl)c1,14.0,train
O=c1cc(N2CCOCC2)nc2n(Cc3cccc(F)c3)ccn12,31.0,train
O=C(Nc1cccc(-c2nn3ccccc3c2-c2ccnc(Nc3cccc(C(F)(F)F)c3)n2)c1)c1c(F)cccc1F,73.0,train
O=C(Nc1cccc(-c2nn3ncccc3c2-c2ccnc(Nc3cccc(C(F)(F)F)c3)n2)c1)c1c(F)cccc1F,64.0,train
O=C(Nc1cccc(-c2nn3ncccc3c2-c2ccnc(Nc3ccccc3)n2)c1)c1c(F)cccc1F,99.7,train
O=C(Nc1c(F)cccc1F)c1cc(C(=O)c2ccccc2F)c[nH]1,4.0,train
O=C(Nc1cccc(-c2nn3ccccc3c2-c2ccnc(Nc3cccc(F)c3)n2)c1)c1c(F)ccc(F)c1Cl,84.0,train
O=C(Nc1n[nH]c2cc(-c3cccc(F)c3)ccc12)C1CC1,0.0,train
O=C(Nc1n[nH]c2cc(-c3ccccc3F)ccc12)C1CC1,0.0,train
O=c1cc(N2CCOCC2)nc2n(Cc3ccccc3F)ccn12,0.0,train
CS(=O)(=O)c1ccc(-c2c(-c3ncn[nH]3)sc(N3CCOCC3)c2C#N)cc1,5.0,train
COCCOCCOc1cc2ncc3c4ccc(C#N)cc4[nH]c3c2cc1OC,45.0,train
COc1cc2c(cc1OC[C@@H](O)CO)ncc1c3ccc(C#N)cc3[nH]c21,52.0,train
N#Cc1ccc(-c2cc(-c3c[nH]nc3-c3ccccn3)ccn2)cc1,12.0,train
c1ccc(-c2n[nH]cc2Nc2ccnc3ccccc23)nc1,0.0,train
NC(=O)Nc1sc(-c2ccc(F)cc2)cc1C(N)=O,55.0,train
NC(=O)c1cc(-c2ccccc2)cc2c(C3CCNCC3)c[nH]c12,7.0,train
NC(=O)c1nnc2ccccc2c1N,8.0,train
NC(=O)c1sc(-n2cnc3ccccc32)cc1OCc1ccccc1F,24.0,train
NC(=O)c1ccc(-c2cc3ncnc(SCC(=O)O)c3s2)cc1,0.0,train
NS(=O)(=O)CCc1cccc(Nc2nccc(-c3c(-c4cccc(NC(=O)c5c(F)cccc5F)c4)nn4ccccc34)n2)c1,99.9,train
NS(=O)(=O)c1cccc(N/C=C2\C(=O)Nc3ccc(S(=O)(=O)Cc4c(Cl)cccc4Cl)cc32)c1,0.0,train
NS(=O)(=O)c1cccc(-c2ccc3ncc(N4CCOCC4)nc3c2)c1,0.0,train
Nc1nc(-c2ccc3c(N)n[nH]c3c2)cc(N2CCCCC2)n1,1.0,train
Nc1cccc(-c2ccc3c(N)n[nH]c3c2)c1,5.0,train
Nc1cccc(-c2ccc3c(N)n[nH]c3c2)n1,0.0,train
Nc1nccc(-c2ccc3c(N)n[nH]c3c2)n1,9.0,train
Nc1n[nH]c2cnc(-c3ccccc3)cc12,0.0,train
Nc1n[nH]c2ncc(-c3ccccc3)cc12,12.0,train
Nc1n[nH]c2nnc(-c3ccccc3)c(-c3ccccc3)c12,0.0,train
Nc1n[nH]c2nnc(-c3ccccc3)cc12,88.0,train
Nc1nc(-c2nccs2)c(-c2ccnc3ccccc23)s1,37.0,train
Nc1nc(N)c2nc(-c3ccccc3)[nH]c2n1,25.0,train
Nc1nc(-c2ccccc2F)c(-c2ccnc3ccccc23)s1,0.0,train
Nc1nc(-c2ccccn2)c(-c2ccnc3ccccc23)s1,23.0,train
Nc1nc(-c2cccnc2)c(-c2ccnc3ccccc23)s1,0.0,train
Nc1ncc(-c2cccnc2)c2scc(-c3ccc4c(c3)CCN4C(=O)Cc3ccccc3)c12,21.0,train
Nc1ncc(-c2cn[nH]c2)c2scc(-c3ccc4c(c3)CCN4C(=O)Cc3ccccc3)c12,34.0,train
Nc1ncc(-c2ccc3nccc(-c4ccncc4)c3c2)cc1S(=O)(=O)N1CCCCC1,13.0,train
Nc1nccc(-c2c(-c3ccc(F)cc3)ncn2C2CCN(CC(F)(F)F)CC2)n1,12.0,train
Nc1nccc(-c2c(-c3ccc(F)cc3)ncn2C2CCN(Cc3ccccc3)CC2)n1,6.0,train
Nc1ncnc2[nH]c(-c3ccccc3)nc12,0.0,train
Nc1ncnc2c1nc(-c1ccccc1)n2-c1ccccc1,17.0,train
Nc1ncnc2c1ncn2-c1ccc(Cl)cc1,9.0,train
Nc1ncnc2c1ncn2-c1cccc(F)c1,1.0,train
Nc1ncnc2c1ncn2-c1cccc2ccccc12,0.0,train
Nc1ncnc2occ(-c3ccc4c(c3)CCN4C(=O)Cc3cc(F)ccc3F)c12,10.0,train
O=C1Cc2cc(Nc3nc(NCc4cccc(S(=O)(=O)C(F)(F)F)c4)ncc3C(F)(F)F)ccc2N1,5.0,train
CS(=O)(=O)c1cccc(CNc2nc(Nc3ccc4c(c3)CCC(=O)N4)ncc2C(F)(F)F)c1,90.1,train
CSc1ccc(-c2cc3ncnc(SCC(=O)O)c3s2)cc1,8.0,train
O=C(c1ccc(-c2cc(-c3c[nH]nc3-c3ccccn3)ccn2)cc1)N1CCOCC1,0.0,train
O=C(Nc1ccccc1)Nc1ccc(Oc2ccc3nccn3n2)cc1,0.0,train
N#CC1(c2cccc(C(=O)Nc3cccc(Oc4ccc5nc(NC(=O)C6CC6)sc5n4)c3)c2)CC1,100.0,train
CCNC(=O)/C=C/c1n[nH]c2cc(Sc3ccccc3C(=O)NC)ccc12,80.0,train
O=C(NCCCN1CCOC1=O)c1cnc(NCc2cc(Cl)ccc2Cl)nc1NC1CCCC1,22.0,train
O=C(NCCCN1CCOCC1)c1cccc(Nc2nccc(Nc3ccc(Oc4ccccc4)cc3)n2)c1,17.0,train
C[C@@H]1CNc2c(sc3ccc4nc(-c5ccc(O)cc5)ccc4c23)C(=O)N1,13.0,train
C[C@@H]1CNc2c(sc3ccc4nc(-c5ccncc5)ccc4c23)C(=O)N1,14.0,train
O=C(Nc1n[nH]c2cc(-c3cccs3)ccc12)C1CC1,0.0,train
O=C(Nc1n[nH]c2nc(-c3ccccc3)ccc12)C1CC1,32.0,train
CC(=O)Nc1ccc(-c2cc3ncnc(SCC(=O)O)c3s2)cc1,15.0,train
Cc1ccc(C(=O)NCC(N)=O)cc1-n1c(C)cc(OCc2ccc(F)cc2F)c(Br)c1=O,5.0,train
O=C1NCCc2[nH]c(-c3ccncc3)cc21,0.0,train
CN(c1ccccc1CNc1nc(Nc2ccc3c(c2)CC(=O)N3)ncc1C(F)(F)F)S(C)(=O)=O,87.0,train
COc1ccc(-c2cc3c(C)nc(N)nc3n([C@H]3CC[C@H](O)CC3)c2=O)cn1,0.0,train
O=C1NC(=O)c2c1c(-c1ccccc1)cc1[nH]c3ccc(O)cc3c21,9.0,train
Cn1cc(-c2[nH]c3cc(NC(=O)[C@H](N)C4CCCCC4)cc4c3c2C=NNC4=O)cn1,100.0,train
O=S(=O)(c1ccc(-c2ccnc3[nH]ccc23)cc1)N1CCCC1,7.0,train
O=c1[nH]cc(-c2ccc(N3CCOCC3)cc2)c2sc(-c3cn[nH]c3)cc12,3.0,train
O=c1cc(N2CCOCC2)nc2n(Cc3cccc4ccccc34)ccn12,80.0,train
CC(C)(CN)c1nc(-c2ccc(Cl)c(O)c2)c(-c2ccncc2)[nH]1,99.9,train
COc1ccc(S(=O)(=O)NC2CCN(c3cc(C)nc(Nc4cccc(C#N)c4)n3)CC2)cc1,0.0,train
Cc1cc(N2CCC(NS(=O)(=O)c3ccc(F)cc3)CC2)nc(Nc2cccc(C#N)c2)n1,29.0,train
Cc1occc1-c1ncc(OC[C@@H](N)Cc2c[nH]c3ccccc23)cc1-c1ccc2[nH]nc(C)c2c1,84.0,train
O=c1[nH]ccc2nc(N[C@@H]3CCNC3)nc(Nc3cc(Cl)cc(Cl)c3)c12,51.0,train
Nc1ncnc2scc(-c3ccc(NC(=O)Cc4cc(F)ccc4F)cc3)c12,23.0,train
O=c1[nH]ccc2nc(N[C@@H]3CCNC3)nc(Nc3ccc4c(c3)S(=O)(=O)CC4)c12,97.5,train
CCn1c(-c2nonc2N)nc2c(C#CC(C)(C)O)ncc(OCCCCN)c21,1.0,train
CCn1c(-c2nonc2N)nc2c(-c3ccccc3)ncc(OCCCN)c21,91.7,train
Cc1n[nH]c2ccc(-c3cc(OC[C@@H](N)Cc4ccccc4)cnc3-c3ccoc3)cc12,8.0,train
NCC(NC(=O)c1cc(-c2cn[nH]c2)c(-c2ccnc3[nH]ccc23)s1)c1ccccc1,18.0,train
NCCC(NC(=O)c1cc(Br)c(-c2ccnc3[nH]ccc23)s1)c1ccccc1,36.0,train
NCCCC(NC(=O)c1cc(Br)c(-c2ccnc3[nH]ccc23)s1)c1ccccc1,54.0,train
Nc1nc(-c2ccc3c(N)n[nH]c3c2)cc(N2CCC[C@@H](C(=O)Nc3ccccc3)C2)n1,0.0,train
O=c1[nH]ccc2nc(N[C@@H]3CCCNC3)nc(Nc3ccc(S(=O)(=O)N4CCOCC4)cc3)c12,99.9,train
Cc1cc(C)cc(Oc2nccc(-c3c(-c4ccc(F)cc4)ncn3C3CCNCC3)n2)c1,0.0,train
Cc1ccc(C)c(Oc2nccc(-c3c(-c4ccc(F)cc4)ncn3C3CCNCC3)n2)c1,0.0,train
O=C1NC(=O)C(c2ccccc2)=C1Nc1ccc(Cl)c(C(=O)O)c1,13.0,train
O=C(O)c1ccc(-c2nc(-c3ccc(F)cc3)c(-c3ccncc3)[nH]2)cc1,31.0,train
O=C1NC(=O)C(c2ccc(Cl)cc2)=C1Nc1cccc(C(=O)O)c1,10.0,train
O=C1NC(=O)C(c2ccccc2Cl)=C1Nc1cccc(C(=O)O)c1,10.0,train
O=C(CCO)NCCn1ccc2ncnc(Nc3ccc(Oc4cccc(C(F)(F)F)c4)c(Cl)c3)c21,0.0,train
OCCCNc1nccc(-c2c(-c3cccc(C(F)(F)F)c3)nn3cc(C(F)(F)F)ccc23)n1,11.0,train
OCCn1cc(-c2cnc3nnn(Cc4ccc5ncccc5c4)c3n2)cn1,0.0,train
OCCOCCn1ccc2ncnc(Nc3ccc(Oc4cccc(Cl)c4)c(Cl)c3)c21,0.0,train
O=C(Nc1n[nH]c2nc(-c3ccco3)c(Br)cc12)C1CCN(Cc2ccccc2)C1,2.0,train
O=C(Nc1n[nH]c2nc(-c3ccco3)c(Br)cc12)c1ccc(CN2CCCC2)cc1,28.0,train
O=C1NC(=O)C(c2ccccc2)=C1Nc1cc(Cl)c(O)c(Cl)c1,0.0,train
Oc1cc(Nc2ccnc3cc(I)ccc23)ccc1F,85.0,train
O=C1NC(=O)C(c2ccc(Cl)cc2)=C1Nc1ccc(O)cc1,0.0,train
O=C1NC(=O)C(c2ccc(Cl)cc2)=C1Nc1ccc(O)c(Cl)c1,0.0,train
O=C(Nc1n[nH]c2nc(-c3ccc(O)cc3)ccc12)C1CC1,0.0,train
Oc1ccc2ncnc(Nc3ccc(OCc4ccccc4)cc3)c2c1,12.0,train
O=C1NC(=O)C(c2ccc(Cl)cc2)=C1Nc1cccc(O)c1,6.0,train
O=C1NC(=O)C(c2ccccc2)=C1Nc1cccc(O)c1,0.0,train
O=C(Nc1n[nH]c2nc(-c3cccc(O)c3)ccc12)C1CC1,0.0,train
O=C(Nc1n[nH]c2nc(-c3ccccc3O)ccc12)C1CC1,0.0,train
[2H]C([2H])(c1cccc(C(F)(F)F)c1C)n1ccn2c(=O)nc(N3CCOCC3)cc12,14.0,train
c1ccc(-c2cc(-c3c[nH]nc3-c3ccccn3)ccn2)cc1,16.0,train
c1ccc(-c2n[nH]cc2-c2ccnc3ccccc23)nc1,0.0,train
O=C(Nc1n[nH]c2nc(-c3nccs3)c(Br)cc12)C1CCCC1,,test
CC(C)(C)c1ccc(C(=O)Nc2cn3cc(-c4cccnc4)ccc3n2)cc1,,test
CC(C)c1nc(-c2cccc(NS(=O)(=O)c3ccccc3)c2)c(-c2ccnc(Nc3ccc4c(c3)CN(C)CC4)n2)s1,,test
CC(=O)c1c(C)c2cnc(Nc3ccn(C)n3)nc2n(C2CCCC2)c1=O,,test
Cc1cccc(-c2nc(-c3ccc(S(C)(=O)=O)cc3)sc2-c2ccncc2)c1,,test
Cc1nnc(-c2ccc3occ(-c4ccc([S+](C)[O-])cc4)c3c2)[nH]1,,test
Cc1nnc(-c2ccc3ncn(-c4ccc([S+](C)[O-])cc4)c3c2)o1,,test
Cc1nnc(-c2ccc3occ(-c4ccc([S+](C)[O-])cc4)c3n2)o1,,test
CCC(=O)c1c(-c2ccccc2)c2cc(Cl)ccc2c(=O)n1Cc1cc(C(=O)NC2CC2)n(C)n1,,test
CCc1nc(-c2cccc(C)c2)c(-c2ccnc(NCc3ccccc3)c2)s1,,test
CCCC(=O)Nc1n[nH]c2ncc(-c3cccc4ccccc34)cc12,,test
CCCNC(=O)Nc1ccc(Oc2ncnc3ccn(C)c23)cc1,,test
CCN(CC)CCCCNc1ncc2cc(-c3c(Cl)cccc3Cl)c(NC(=O)NC(C)(C)C)nc2n1,,test
CCn1c(-c2c(N)noc2C)nc2cnccc21,,test
CCn1c(-c2ccccn2)nc2cnccc21,,test
CN(C)CCNS(=O)(=O)c1ccc(-c2ccnc3[nH]ccc23)cc1,,test
CN(C)S(=O)(=O)c1cc(-c2ccc3nccc(-c4cccc(S(N)(=O)=O)c4)c3c2)cnc1N,,test
CN(C(=O)c1ccc(-c2cc(-c3c[nH]nc3-c3ccccn3)ccn2)cc1)C1CCOCC1,,test
C[C@@H](c1ccc2ncccc2c1)c1nnc2ccc(-c3cnn(C)c3)nn12,,test
CN(c1ccc(NC(=O)Nc2cc(C(F)(F)F)ccc2F)cc1)c1ccnc(Nc2ccc(S(N)(=O)=O)cc2)n1,,test
Cn1ccc2ncnc(Oc3ccc(NC(=O)Nc4cccc(C(F)(F)F)c4)c(Cl)c3)c21,,test
Cn1ccc2ncnc(Oc3ccc(NC(=O)Nc4cccc(C(F)(F)F)c4)c(F)c3)c21,,test
Cc1cccc(NC(=O)Nc2ccc(Oc3ncnc4ccn(C)c34)cc2)c1,,test
Cn1ccc2ncnc(Oc3ccc(NC(=O)Nc4ccccc4)cc3)c21,,test
Cn1ccc2ncnc(Oc3ccc(NC(=O)Nc4cc(C(C)(C)C)on4)c(Cl)c3)c21,,test
Cc1ccc(NC(=O)c2ccnc(N3CCN(C)CC3)c2)cc1-c1ccc(C(=O)NCC2CC2)cc1,,test
CN1CCN(Cc2cccc(-c3ccc4c(Nc5ccc(Oc6ccccc6)cc5)ccnc4c3)c2)CC1,,test
COc1cccc(C(=O)Nc2cccc(Oc3ccc4nc(NC(=O)C5CC5)cn4n3)c2)c1,,test
COc1cc(OC)cc(-c2cc3cnc(N)nc3nc2NC(=O)NC(C)(C)C)c1,,test
COCCNC(=O)c1ccc(-c2cc(C(=O)NC3CC3)cc(F)c2C)cc1,,test
COc1cc(Nc2nccc(N3CCC(NC(=O)Nc4ccc5c(c4)OCO5)C3)n2)cc(OC)c1OC,,test
COc1cc2ncn(-c3cc(OCCCc4ccccc4)c(C(N)=O)s3)c2cc1OC,,test
COc1cc2ncn(-c3cc(OCc4sccc4Cl)c(C(N)=O)s3)c2cc1OC,,test
COc1ccc(NC(=O)Nc2ccc(C)c(-c3ccc(C(=O)Nc4ccncc4)cc3)c2)cc1,,test
COc1ccc(NC(=O)c2ccc(-c3cc(-c4nnc(C)o4)ccc3C)cc2)cc1,,test
COc1ccc(Nc2nccc(N3CCC(NC(=O)Nc4ccc5c(c4)OCO5)C3)n2)cc1,,test
COc1cccc(NC(=O)Nc2ccc(C)c(-c3ccc(C(=O)Nc4ccncc4)cc3)c2)c1,,test
CS(=O)(=O)Nc1ccc(-c2ccnc3[nH]ccc23)cc1,,test
C[S+]([O-])c1ccc(-c2coc3ccc(-c4n[nH]c(=O)o4)cc23)cc1,,test
Cc1c(Cn2c3ccccc3n3c(=O)cc(N4CCOCC4)nc23)cccc1C(F)(F)F,,test
Cc1cc(NCC(c2ccccc2)c2ccccc2)nc(NCc2ccc(C(F)(F)F)cc2)n1,,test
Cc1ccc(C)c(NC(=O)Nc2ccc(C)c(-c3ccc(C(=O)Nc4ccncc4)cc3)c2)c1,,test
Cc1ccc(NC(=O)Nc2ccc(Cl)c(C(F)(F)F)c2)cc1-c1ccc(C(=O)Nc2ccncc2)cc1,,test
Cc1ccc(NC(=O)Nc2ccc(Cl)cc2)cc1-c1ccc(C(=O)Nc2ccncc2)cc1,,test
Cc1ccc(NC(=O)Nc2cccc(Cl)c2)cc1-c1ccc(C(=O)Nc2ccncc2)cc1,,test
Cc1ccc(NC(=O)Nc2ccccc2)cc1-c1ccc(C(=O)Nc2ccncc2)cc1,,test
Cc1ccc(NC(=O)Nc2ccccc2F)cc1-c1ccc(C(=O)Nc2ccncc2)cc1,,test
Cc1ccc(-c2nc(Nc3ccncc3)c3ccccc3n2)s1,,test
Cc1cccc(-c2nc(C)cc(Nc3ccncc3)n2)n1,,test
Cc1cccc(-c2nc(Nc3ccc4[nH]ncc4c3)c3ccccc3n2)n1,,test
Cc1cccc(-c2nc(Nc3ccc4c(cnn4C)c3)c3ccccc3n2)n1,,test
Cc1cccc(-c2nc(Nc3ccc4ncsc4c3)c3ccccc3n2)n1,,test
Cc1nnc(-c2ccc(C)c(-c3ccc(C(=O)Nc4ccc(NS(C)(=O)=O)cc4)cc3)c2)o1,,test
CN(c1ccc(NC(=O)N2CCN(CCCN3CCOCC3)CC2)cc1)c1ccnc(Nc2ccc(CS(C)(=O)=O)cc2)n1,,test
CNC(=O)c1ccccc1Nc1nc(Nc2ccc(N3CCOCC3)cc2)ncc1Cl,,test
COc1cc2nccc(Nc3ccc(NC(=O)c4ccc(C)cc4)c(O)c3)c2cc1OC,,test
COc1ccc(Nc2ncc(C#N)c(Nc3ccccc3C(N)=O)n2)cc1N1CCN(C)CC1,,test
Cc1cc(N2Cc3ccccc3C2)nc(Nc2ccc(S(=O)(=O)N3CCOCC3)cc2)n1,,test
Cc1ccc(Nc2ccnc(Nc3ccc(C)c(F)c3)n2)cc1O,,test
Cc1ccc(C(=O)Nc2ccc(Nc3ccnc4cc(-c5nccs5)ccc34)cc2O)cc1,,test
CC(C)NCC(Cc1ccccc1)NC(=O)c1cc(Br)c(-c2ccnc3[nH]ccc23)s1,,test
CCNCC(Cc1ccccc1)NC(=O)c1cc(Br)c(-c2ccnc3[nH]ccc23)s1,,test
COc1ccc(C[C@@H](CN)NC(=O)c2cc(Br)c(-c3ccnc4[nH]ccc34)s2)cc1,,test
NC(CNC(=O)c1cc(Br)c(-c2ccnc3[nH]ccc23)s1)c1ccccc1,,test
NC[C@H](CC1CCCCC1)NC(=O)c1cc(Br)c(-c2ccnc3[nH]ccc23)s1,,test
NC[C@H](CC1CCCCC1)NC(=O)c1ccc(-c2ccnc3[nH]ccc23)s1,,test
NC[C@H](Cc1ccc(C(F)(F)F)cc1)NC(=O)c1cc(Br)c(-c2ccnc3[nH]ccc23)s1,,test
O=C(Nc1cccc(-c2nn3ncccc3c2-c2ccnc(Nc3cccnc3)n2)c1)c1c(F)cccc1F,,test
C[C@@H](Oc1cc(-c2cnn(C3CCNCC3)c2)cnc1N)c1c(Cl)ccc(F)c1Cl,,test
Clc1cc(Cl)cc(Nc2ccnc(Nc3cc(Cl)cc(Cl)c3)n2)c1,,test
O=c1cc(N2CCOCC2)nc2n(Cc3cccc(Cl)c3Cl)c3ccccc3n12,,test
Cn1cncc1-c1cc2c(Nc3ccc(OCc4ccccc4)cc3)ncnc2cn1,,test
O=C(Nc1cccc(C(F)(F)F)c1)c1cccc(Oc2ccc3nccn3n2)c1,,test
O=C(Nc1cccc(Oc2ccc3nccn3n2)c1)Nc1cccc(C(F)(F)F)c1,,test
O=C(Nc1cccc(Oc2ccc3nc(NC(=O)C4CC4)cn3n2)c1)c1ccccc1C(F)(F)F,,test
Fc1cccc(COc2nnc(-c3ccc4c(c3)CCO4)o2)c1,,test
O=C(NCCNc1ccnc(NCc2ccc(F)cc2)n1)c1cc2ccccc2s1,,test
O=C(Nc1ccc2c(c1)OCO2)NC1CCN(c2ccnc(Nc3ccc(F)cc3)n2)C1,,test
Fc1ccc(-c2ncn(CCCN3CCOCC3)c2-c2ccccn2)cc1,,test
Fc1cccc(COc2ccc(Nc3ncnc4nn5ccccc5c34)cc2Cl)c1,,test
COc1cc2c(cc1OCCN1CCN(C)CC1)ncc1c3ccc(C#N)cc3[nH]c21,,test
COc1cc2c(cc1OCCN1CCNCC1)ncc1c3ccc(C#N)cc3[nH]c21,,test
N#Cc1cnc2cc(-c3cnc(CNCCN4CCOCC4)s3)ccc2c1Nc1ccc(Oc2ccccc2)cc1,,test
c1ccc(Oc2ccc(Nc3ccnc4ccc(-c5ccccn5)cc34)cc2)cc1,,test
NCCNS(=O)(=O)c1ccc(-c2ccnc3[nH]ccc23)cc1,,test
NS(=O)(=O)c1cccc(-c2ccc3nccc(-c4cccc(S(N)(=O)=O)c4)c3c2)c1,,test
Nc1nc(Nc2ccccc2)cc(-c2ccc3c(N)n[nH]c3c2)n1,,test
Nc1nc(-c2ccc3c(N)n[nH]c3c2)cc(N2CCCC2)n1,,test
Nc1ncc(-c2ccc3nccc(-c4ccncc4)c3c2)cc1S(=O)(=O)N1CCOCC1,,test
Nc1nccc2scc(-c3ccc4c(c3)CCN4C(=O)Cc3cc(F)ccc3F)c12,,test
Nc1nccc2scc(-c3ccc4c(c3)CCN4C(=O)Cc3ccccc3)c12,,test
O=C(NCCCN1CCCC1=O)c1cnc(NCc2cc(Cl)ccc2Cl)nc1NC1CCNCC1,,test
O=C(c1ccc(-c2cc(-c3c[nH]nc3-c3ccccn3)ccn2)cc1)N1CCCC1,,test
CCc1ccnc(/C=C/c2n[nH]c3cc(Sc4ccccc4C(=O)NC)ccc23)c1,,test
CNC(=O)c1ccccc1Sc1ccc2c(/C=C/c3ccccn3)n[nH]c2c1,,test
O=C(Nc1ccccc1)c1cccc(Oc2ccc3nccn3n2)c1,,test
O=C(Nc1ccccc1)Nc1cccc(Oc2ccc3nccn3n2)c1,,test
O=C(Nc1n[nH]c2cc(-c3ccco3)ccc12)C1CC1,,test
O=C(Nc1n[nH]c2cc(-c3ccoc3)ccc12)C1CC1,,test
O=C(Nc1n[nH]c2cc(-c3ccsc3)ccc12)C1CC1,,test
O=C(O)COc1ncnc2cc(-c3ccc4[nH]ncc4c3)sc12,,test
CS(=O)(=O)c1cccc(CNc2nc(Nc3ccc4c(c3)[C@@H]3C[C@@H]4CNC3=O)ncc2C(F)(F)F)c1,,test
CNC(=O)c1ccccc1Nc1nc(Nc2cccc(CS(C)(=O)=O)c2)ncc1C,,test
O=c1[nH]cc(-c2ccc(O)cc2)c2sc(-c3ccncc3)cc12,,test
c1ccc(-c2ccnc3[nH]ccc23)cc1,,test
c1ccc(-c2cnc3nccnn23)cc1,,test
