arm,task,task_type,fraction,pct,n_train,subsample_seed,head_seed,metric,split,value
random,HIV,classification,0.05,5,1645,0,0,roc_auc,test,0.7038046312211514
random,HIV,classification,0.05,5,1645,0,0,roc_auc,train,0.9098247322297955
random,HIV,classification,0.05,5,1645,0,0,nef1,test,0.23809523809523808
random,HIV,classification,0.05,5,1645,0,1,roc_auc,test,0.7049846462851735
random,HIV,classification,0.05,5,1645,0,1,roc_auc,train,0.941966893865628
random,HIV,classification,0.05,5,1645,0,1,nef1,test,0.2857142857142857
random,HIV,classification,0.05,5,1645,0,2,roc_auc,test,0.699339500569729
random,HIV,classification,0.05,5,1645,0,2,roc_auc,train,0.8894547224926972
random,HIV,classification,0.05,5,1645,0,2,nef1,test,0.2619047619047619
random,HIV,classification,0.05,5,1645,0,3,roc_auc,test,0.7019525290175554
random,HIV,classification,0.05,5,1645,0,3,roc_auc,train,0.927176241480039
random,HIV,classification,0.05,5,1645,0,3,nef1,test,0.2857142857142857
random,HIV,classification,0.05,5,1645,0,4,roc_auc,test,0.7002742424535043
random,HIV,classification,0.05,5,1645,0,4,roc_auc,train,0.9027945472249269
random,HIV,classification,0.05,5,1645,0,4,nef1,test,0.23809523809523808
random,HIV,classification,0.05,5,1645,1,0,roc_auc,test,0.6472933042353077
random,HIV,classification,0.05,5,1645,1,0,roc_auc,train,0.946377799415774
random,HIV,classification,0.05,5,1645,1,0,nef1,test,0.4523809523809524
random,HIV,classification,0.05,5,1645,1,1,roc_auc,test,0.6752467216439096
random,HIV,classification,0.05,5,1645,1,1,roc_auc,train,0.8872444011684518
random,HIV,classification,0.05,5,1645,1,1,nef1,test,0.35714285714285715
random,HIV,classification,0.05,5,1645,1,2,roc_auc,test,0.6475057455725294
random,HIV,classification,0.05,5,1645,1,2,roc_auc,train,0.8902142161635833
random,HIV,classification,0.05,5,1645,1,2,nef1,test,0.3333333333333333
random,HIV,classification,0.05,5,1645,1,3,roc_auc,test,0.6549701616485448
random,HIV,classification,0.05,5,1645,1,3,roc_auc,train,0.9096299902629016
random,HIV,classification,0.05,5,1645,1,3,nef1,test,0.4523809523809524
random,HIV,classification,0.05,5,1645,1,4,roc_auc,test,0.6824793835338653
random,HIV,classification,0.05,5,1645,1,4,roc_auc,train,0.8424829600778968
random,HIV,classification,0.05,5,1645,1,4,nef1,test,0.42857142857142855
random,HIV,classification,0.05,5,1645,2,0,roc_auc,test,0.6937001487089359
random,HIV,classification,0.05,5,1645,2,0,roc_auc,train,0.9193070838304829
random,HIV,classification,0.05,5,1645,2,0,nef1,test,0.23809523809523808
random,HIV,classification,0.05,5,1645,2,1,roc_auc,test,0.6912049286390235
random,HIV,classification,0.05,5,1645,2,1,roc_auc,train,0.861151619603164
random,HIV,classification,0.05,5,1645,2,1,nef1,test,0.11904761904761904
random,HIV,classification,0.05,5,1645,2,2,roc_auc,test,0.6890090577261052
random,HIV,classification,0.05,5,1645,2,2,roc_auc,train,0.9129877590702197
random,HIV,classification,0.05,5,1645,2,2,nef1,test,0.14285714285714285
random,HIV,classification,0.05,5,1645,2,3,roc_auc,test,0.6825566349292185
random,HIV,classification,0.05,5,1645,2,3,roc_auc,train,0.9241570551062795
random,HIV,classification,0.05,5,1645,2,3,nef1,test,0.19047619047619047
random,HIV,classification,0.05,5,1645,2,4,roc_auc,test,0.6780857104231446
random,HIV,classification,0.05,5,1645,2,4,roc_auc,train,0.934376242874188
random,HIV,classification,0.05,5,1645,2,4,nef1,test,0.07142857142857142
random,HIV,classification,0.1,10,3290,0,0,roc_auc,test,0.7202282778732689
random,HIV,classification,0.1,10,3290,0,0,roc_auc,train,0.9215683777229841
random,HIV,classification,0.1,10,3290,0,0,nef1,test,0.42857142857142855
random,HIV,classification,0.1,10,3290,0,1,roc_auc,test,0.7195407404546245
random,HIV,classification,0.1,10,3290,0,1,roc_auc,train,0.8810420190328693
random,HIV,classification,0.1,10,3290,0,1,nef1,test,0.40476190476190477
random,HIV,classification,0.1,10,3290,0,2,roc_auc,test,0.7270128816701752
random,HIV,classification,0.1,10,3290,0,2,roc_auc,train,0.8838974588877795
random,HIV,classification,0.1,10,3290,0,2,nef1,test,0.35714285714285715
random,HIV,classification,0.1,10,3290,0,3,roc_auc,test,0.7140153344019775
random,HIV,classification,0.1,10,3290,0,3,roc_auc,train,0.8639577771890856
random,HIV,classification,0.1,10,3290,0,3,nef1,test,0.2619047619047619
random,HIV,classification,0.1,10,3290,0,4,roc_auc,test,0.7104617702157245
random,HIV,classification,0.1,10,3290,0,4,roc_auc,train,0.9229769934587246
random,HIV,classification,0.1,10,3290,0,4,nef1,test,0.40476190476190477
random,HIV,classification,0.1,10,3290,1,0,roc_auc,test,0.6862801521852487
random,HIV,classification,0.1,10,3290,1,0,roc_auc,train,0.866336885863917
random,HIV,classification,0.1,10,3290,1,0,nef1,test,0.4523809523809524
random,HIV,classification,0.1,10,3290,1,1,roc_auc,test,0.6656791363293999
random,HIV,classification,0.1,10,3290,1,1,roc_auc,train,0.8961623499684144
random,HIV,classification,0.1,10,3290,1,1,nef1,test,0.42857142857142855
random,HIV,classification,0.1,10,3290,1,2,roc_auc,test,0.680326000888391
random,HIV,classification,0.1,10,3290,1,2,roc_auc,train,0.9084820063986305
random,HIV,classification,0.1,10,3290,1,2,nef1,test,0.42857142857142855
random,HIV,classification,0.1,10,3290,1,3,roc_auc,test,0.6635527916722996
random,HIV,classification,0.1,10,3290,1,3,roc_auc,train,0.8772823141034785
random,HIV,classification,0.1,10,3290,1,3,nef1,test,0.4523809523809524
random,HIV,classification,0.1,10,3290,1,4,roc_auc,test,0.6571438227852991
random,HIV,classification,0.1,10,3290,1,4,roc_auc,train,0.8793812279664988
random,HIV,classification,0.1,10,3290,1,4,nef1,test,0.42857142857142855
random,HIV,classification,0.1,10,3290,2,0,roc_auc,test,0.6882326812028042
random,HIV,classification,0.1,10,3290,2,0,roc_auc,train,0.9240993184031159
random,HIV,classification,0.1,10,3290,2,0,nef1,test,0.19047619047619047
random,HIV,classification,0.1,10,3290,2,1,roc_auc,test,0.6973908341219412
random,HIV,classification,0.1,10,3290,2,1,roc_auc,train,0.9183763388510224
random,HIV,classification,0.1,10,3290,2,1,nef1,test,0.2857142857142857
random,HIV,classification,0.1,10,3290,2,2,roc_auc,test,0.7022789161629233
random,HIV,classification,0.1,10,3290,2,2,roc_auc,train,0.9314849074975657
random,HIV,classification,0.1,10,3290,2,2,nef1,test,0.2857142857142857
random,HIV,classification,0.1,10,3290,2,3,roc_auc,test,0.7154386913613627
random,HIV,classification,0.1,10,3290,2,3,roc_auc,train,0.881419182083739
random,HIV,classification,0.1,10,3290,2,3,nef1,test,0.40476190476190477
random,HIV,classification,0.1,10,3290,2,4,roc_auc,test,0.6869927963073834
random,HIV,classification,0.1,10,3290,2,4,roc_auc,train,0.9188924050632911
random,HIV,classification,0.1,10,3290,2,4,nef1,test,0.30952380952380953
random,HIV,classification,0.25,25,8225,0,0,roc_auc,test,0.7413217713744954
random,HIV,classification,0.25,25,8225,0,0,roc_auc,train,0.8360164037854888
random,HIV,classification,0.25,25,8225,0,0,nef1,test,0.40476190476190477
random,HIV,classification,0.25,25,8225,0,1,roc_auc,test,0.7323606095135095
random,HIV,classification,0.25,25,8225,0,1,roc_auc,train,0.861290010515247
random,HIV,classification,0.25,25,8225,0,1,nef1,test,0.42857142857142855
random,HIV,classification,0.25,25,8225,0,2,roc_auc,test,0.7452866992410051
random,HIV,classification,0.25,25,8225,0,2,roc_auc,train,0.9264639327024186
random,HIV,classification,0.25,25,8225,0,2,nef1,test,0.35714285714285715
random,HIV,classification,0.25,25,8225,0,3,roc_auc,test,0.7444050676915352
random,HIV,classification,0.25,25,8225,0,3,roc_auc,train,0.8715949526813881
random,HIV,classification,0.25,25,8225,0,3,nef1,test,0.42857142857142855
random,HIV,classification,0.25,25,8225,0,4,roc_auc,test,0.7491106433109949
random,HIV,classification,0.25,25,8225,0,4,roc_auc,train,0.9159129337539431
random,HIV,classification,0.25,25,8225,0,4,nef1,test,0.42857142857142855
random,HIV,classification,0.25,25,8225,1,0,roc_auc,test,0.688213368353966
random,HIV,classification,0.25,25,8225,1,0,roc_auc,train,0.8910511665334161
random,HIV,classification,0.25,25,8225,1,0,nef1,test,0.42857142857142855
random,HIV,classification,0.25,25,8225,1,1,roc_auc,test,0.7045771451746847
random,HIV,classification,0.25,25,8225,1,1,roc_auc,train,0.920303863348696
random,HIV,classification,0.25,25,8225,1,1,nef1,test,0.35714285714285715
random,HIV,classification,0.25,25,8225,1,2,roc_auc,test,0.6991637536453003
random,HIV,classification,0.25,25,8225,1,2,roc_auc,train,0.9500266789153682
random,HIV,classification,0.25,25,8225,1,2,nef1,test,0.38095238095238093
random,HIV,classification,0.25,25,8225,1,3,roc_auc,test,0.7158693678904575
random,HIV,classification,0.25,25,8225,1,3,roc_auc,train,0.8871361004577722
random,HIV,classification,0.25,25,8225,1,3,nef1,test,0.40476190476190477
random,HIV,classification,0.25,25,8225,1,4,roc_auc,test,0.7171343594893682
random,HIV,classification,0.25,25,8225,1,4,roc_auc,train,0.845741906963974
random,HIV,classification,0.25,25,8225,1,4,nef1,test,0.47619047619047616
random,HIV,classification,0.25,25,8225,2,0,roc_auc,test,0.7058517931980146
random,HIV,classification,0.25,25,8225,2,0,roc_auc,train,0.8259000919026513
random,HIV,classification,0.25,25,8225,2,0,nef1,test,0.42857142857142855
random,HIV,classification,0.25,25,8225,2,1,roc_auc,test,0.710235809884316
random,HIV,classification,0.25,25,8225,2,1,roc_auc,train,0.896911970924434
random,HIV,classification,0.25,25,8225,2,1,nef1,test,0.47619047619047616
random,HIV,classification,0.25,25,8225,2,2,roc_auc,test,0.7102879545761795
random,HIV,classification,0.25,25,8225,2,2,roc_auc,train,0.8329321445146282
random,HIV,classification,0.25,25,8225,2,2,nef1,test,0.42857142857142855
random,HIV,classification,0.25,25,8225,2,3,roc_auc,test,0.7221151432047741
random,HIV,classification,0.25,25,8225,2,3,roc_auc,train,0.8782189882709555
random,HIV,classification,0.25,25,8225,2,3,nef1,test,0.5476190476190477
random,HIV,classification,0.25,25,8225,2,4,roc_auc,test,0.6982309430464089
random,HIV,classification,0.25,25,8225,2,4,roc_auc,train,0.9001198150615365
random,HIV,classification,0.25,25,8225,2,4,nef1,test,0.2619047619047619
random,HIV,classification,0.5,50,16450,0,0,roc_auc,test,0.7538461538461538
random,HIV,classification,0.5,50,16450,0,0,roc_auc,train,0.8450387170646054
random,HIV,classification,0.5,50,16450,0,0,nef1,test,0.42857142857142855
random,HIV,classification,0.5,50,16450,0,1,roc_auc,test,0.7476699047876553
random,HIV,classification,0.5,50,16450,0,1,roc_auc,train,0.8536366453064914
random,HIV,classification,0.5,50,16450,0,1,nef1,test,0.47619047619047616
random,HIV,classification,0.5,50,16450,0,2,roc_auc,test,0.7507387164680663
random,HIV,classification,0.5,50,16450,0,2,roc_auc,train,0.892170805375318
random,HIV,classification,0.5,50,16450,0,2,nef1,test,0.5476190476190477
random,HIV,classification,0.5,50,16450,0,3,roc_auc,test,0.7541918538403599
random,HIV,classification,0.5,50,16450,0,3,roc_auc,train,0.8937184712409083
random,HIV,classification,0.5,50,16450,0,3,nef1,test,0.47619047619047616
random,HIV,classification,0.5,50,16450,0,4,roc_auc,test,0.7474111126132215
random,HIV,classification,0.5,50,16450,0,4,roc_auc,train,0.8543856629676277
random,HIV,classification,0.5,50,16450,0,4,nef1,test,0.47619047619047616
random,HIV,classification,0.5,50,16450,1,0,roc_auc,test,0.756578921956778
random,HIV,classification,0.5,50,16450,1,0,roc_auc,train,0.8624798259735497
random,HIV,classification,0.5,50,16450,1,0,nef1,test,0.42857142857142855
random,HIV,classification,0.5,50,16450,1,1,roc_auc,test,0.7437783657467313
random,HIV,classification,0.5,50,16450,1,1,roc_auc,train,0.8327316446926009
random,HIV,classification,0.5,50,16450,1,1,nef1,test,0.35714285714285715
random,HIV,classification,0.5,50,16450,1,2,roc_auc,test,0.7557697135904518
random,HIV,classification,0.5,50,16450,1,2,roc_auc,train,0.8802673058504676
random,HIV,classification,0.5,50,16450,1,2,nef1,test,0.42857142857142855
random,HIV,classification,0.5,50,16450,1,3,roc_auc,test,0.7518337549971996
random,HIV,classification,0.5,50,16450,1,3,roc_auc,train,0.85863748904693
random,HIV,classification,0.5,50,16450,1,3,nef1,test,0.38095238095238093
random,HIV,classification,0.5,50,16450,1,4,roc_auc,test,0.742636976380386
random,HIV,classification,0.5,50,16450,1,4,roc_auc,train,0.8949748334114483
random,HIV,classification,0.5,50,16450,1,4,nef1,test,0.4523809523809524
random,HIV,classification,0.5,50,16450,2,0,roc_auc,test,0.7337627223391723
random,HIV,classification,0.5,50,16450,2,0,roc_auc,train,0.8036325456440914
random,HIV,classification,0.5,50,16450,2,0,nef1,test,0.38095238095238093
random,HIV,classification,0.5,50,16450,2,1,roc_auc,test,0.7451457154444852
random,HIV,classification,0.5,50,16450,2,1,roc_auc,train,0.8682418664531031
random,HIV,classification,0.5,50,16450,2,1,nef1,test,0.40476190476190477
random,HIV,classification,0.5,50,16450,2,2,roc_auc,test,0.7339693698217423
random,HIV,classification,0.5,50,16450,2,2,roc_auc,train,0.8472473763960876
random,HIV,classification,0.5,50,16450,2,2,nef1,test,0.30952380952380953
random,HIV,classification,0.5,50,16450,2,3,roc_auc,test,0.7405106317232856
random,HIV,classification,0.5,50,16450,2,3,roc_auc,train,0.8631885951993278
random,HIV,classification,0.5,50,16450,2,3,nef1,test,0.42857142857142855
random,HIV,classification,0.5,50,16450,2,4,roc_auc,test,0.7249464068444735
random,HIV,classification,0.5,50,16450,2,4,roc_auc,train,0.8292074531606201
random,HIV,classification,0.5,50,16450,2,4,nef1,test,0.3333333333333333
random,HIV,classification,1.0,100,32901,0,0,roc_auc,test,0.7693254021900771
random,HIV,classification,1.0,100,32901,0,0,roc_auc,train,0.8459147285661386
random,HIV,classification,1.0,100,32901,0,0,nef1,test,0.47619047619047616
random,HIV,classification,1.0,100,32901,0,1,roc_auc,test,0.7604105911663029
random,HIV,classification,1.0,100,32901,0,1,roc_auc,train,0.8590363394617949
random,HIV,classification,1.0,100,32901,0,1,nef1,test,0.4523809523809524
random,HIV,classification,1.0,100,32901,0,2,roc_auc,test,0.7613086386372854
random,HIV,classification,1.0,100,32901,0,2,roc_auc,train,0.8648070950411173
random,HIV,classification,1.0,100,32901,0,2,nef1,test,0.4523809523809524
random,HIV,classification,1.0,100,32901,0,3,roc_auc,test,0.7595453755383457
random,HIV,classification,1.0,100,32901,0,3,roc_auc,train,0.856357862865607
random,HIV,classification,1.0,100,32901,0,3,nef1,test,0.40476190476190477
random,HIV,classification,1.0,100,32901,0,4,roc_auc,test,0.7564224878811874
random,HIV,classification,1.0,100,32901,0,4,roc_auc,train,0.8415085084639697
random,HIV,classification,1.0,100,32901,0,4,nef1,test,0.47619047619047616
sup,HIV,classification,0.05,5,1645,0,0,roc_auc,test,0.6665231078236351
sup,HIV,classification,0.05,5,1645,0,0,roc_auc,train,0.9040603700097372
sup,HIV,classification,0.05,5,1645,0,0,nef1,test,0.19047619047619047
sup,HIV,classification,0.05,5,1645,0,1,roc_auc,test,0.6883002761737385
sup,HIV,classification,0.05,5,1645,0,1,roc_auc,train,0.9335150925024343
sup,HIV,classification,0.05,5,1645,0,1,nef1,test,0.5
sup,HIV,classification,0.05,5,1645,0,2,roc_auc,test,0.6806330751849206
sup,HIV,classification,0.05,5,1645,0,2,roc_auc,train,0.8563291139240508
sup,HIV,classification,0.05,5,1645,0,2,nef1,test,0.35714285714285715
sup,HIV,classification,0.05,5,1645,0,3,roc_auc,test,0.633082910060063
sup,HIV,classification,0.05,5,1645,0,3,roc_auc,train,0.905111976630964
sup,HIV,classification,0.05,5,1645,0,3,nef1,test,0.11904761904761904
sup,HIV,classification,0.05,5,1645,0,4,roc_auc,test,0.6681840128237317
sup,HIV,classification,0.05,5,1645,0,4,roc_auc,train,0.914508276533593
sup,HIV,classification,0.05,5,1645,0,4,nef1,test,0.2857142857142857
sup,HIV,classification,0.05,5,1645,1,0,roc_auc,test,0.6601807682651268
sup,HIV,classification,0.05,5,1645,1,0,roc_auc,train,0.9351898734177215
sup,HIV,classification,0.05,5,1645,1,0,nef1,test,0.42857142857142855
sup,HIV,classification,0.05,5,1645,1,1,roc_auc,test,0.6738388149635953
sup,HIV,classification,0.05,5,1645,1,1,roc_auc,train,0.9639532619279454
sup,HIV,classification,0.05,5,1645,1,1,nef1,test,0.6190476190476191
sup,HIV,classification,0.05,5,1645,1,2,roc_auc,test,0.6624461654338631
sup,HIV,classification,0.05,5,1645,1,2,roc_auc,train,0.9701265822784811
sup,HIV,classification,0.05,5,1645,1,2,nef1,test,0.5238095238095238
sup,HIV,classification,0.05,5,1645,1,3,roc_auc,test,0.6684485988528167
sup,HIV,classification,0.05,5,1645,1,3,roc_auc,train,0.9576825705939631
sup,HIV,classification,0.05,5,1645,1,3,nef1,test,0.5476190476190477
sup,HIV,classification,0.05,5,1645,1,4,roc_auc,test,0.672116108847216
sup,HIV,classification,0.05,5,1645,1,4,roc_auc,train,0.97952288218111
sup,HIV,classification,0.05,5,1645,1,4,nef1,test,0.6190476190476191
sup,HIV,classification,0.05,5,1645,2,0,roc_auc,test,0.7009675737268004
sup,HIV,classification,0.05,5,1645,2,0,roc_auc,train,0.948086526139025
sup,HIV,classification,0.05,5,1645,2,0,nef1,test,0.5952380952380952
sup,HIV,classification,0.05,5,1645,2,1,roc_auc,test,0.6928600397844686
sup,HIV,classification,0.05,5,1645,2,1,roc_auc,train,0.9324097397145257
sup,HIV,classification,0.05,5,1645,2,1,nef1,test,0.47619047619047616
sup,HIV,classification,0.05,5,1645,2,2,roc_auc,test,0.6731802468182081
sup,HIV,classification,0.05,5,1645,2,2,roc_auc,train,0.8946816032524637
sup,HIV,classification,0.05,5,1645,2,2,nef1,test,0.30952380952380953
sup,HIV,classification,0.05,5,1645,2,3,roc_auc,test,0.7018810714768536
sup,HIV,classification,0.05,5,1645,2,3,roc_auc,train,0.9362101727871315
sup,HIV,classification,0.05,5,1645,2,3,nef1,test,0.47619047619047616
sup,HIV,classification,0.05,5,1645,2,4,roc_auc,test,0.6774928059638078
sup,HIV,classification,0.05,5,1645,2,4,roc_auc,train,0.9552786247735207
sup,HIV,classification,0.05,5,1645,2,4,nef1,test,0.47619047619047616
sup,HIV,classification,0.1,10,3290,0,0,roc_auc,test,0.7063693775468819
sup,HIV,classification,0.1,10,3290,0,0,roc_auc,train,0.8238822774234305
sup,HIV,classification,0.1,10,3290,0,0,nef1,test,0.40476190476190477
sup,HIV,classification,0.1,10,3290,0,1,roc_auc,test,0.7142084628903609
sup,HIV,classification,0.1,10,3290,0,1,roc_auc,train,0.8680664520204594
sup,HIV,classification,0.1,10,3290,0,1,nef1,test,0.42857142857142855
sup,HIV,classification,0.1,10,3290,0,2,roc_auc,test,0.6910040750111048
sup,HIV,classification,0.1,10,3290,0,2,roc_auc,train,0.9151289915024555
sup,HIV,classification,0.1,10,3290,0,2,nef1,test,0.30952380952380953
sup,HIV,classification,0.1,10,3290,0,3,roc_auc,test,0.6841866393711735
sup,HIV,classification,0.1,10,3290,0,3,roc_auc,train,0.9432860228638966
sup,HIV,classification,0.1,10,3290,0,3,nef1,test,0.42857142857142855
sup,HIV,classification,0.1,10,3290,0,4,roc_auc,test,0.7034473435176424
sup,HIV,classification,0.1,10,3290,0,4,roc_auc,train,0.8544438897153221
sup,HIV,classification,0.1,10,3290,0,4,nef1,test,0.35714285714285715
sup,HIV,classification,0.1,10,3290,1,0,roc_auc,test,0.6630352073234322
sup,HIV,classification,0.1,10,3290,1,0,roc_auc,train,0.9088551749434516
sup,HIV,classification,0.1,10,3290,1,0,nef1,test,0.5476190476190477
sup,HIV,classification,0.1,10,3290,1,1,roc_auc,test,0.691846115220456
sup,HIV,classification,0.1,10,3290,1,1,roc_auc,train,0.9515466753611965
sup,HIV,classification,0.1,10,3290,1,1,nef1,test,0.6190476190476191
sup,HIV,classification,0.1,10,3290,1,2,roc_auc,test,0.7102493288785028
sup,HIV,classification,0.1,10,3290,1,2,roc_auc,train,0.9257101664866627
sup,HIV,classification,0.1,10,3290,1,2,nef1,test,0.5714285714285714
sup,HIV,classification,0.1,10,3290,1,3,roc_auc,test,0.7111377199250661
sup,HIV,classification,0.1,10,3290,1,3,roc_auc,train,0.9055132150062153
sup,HIV,classification,0.1,10,3290,1,3,nef1,test,0.6428571428571429
sup,HIV,classification,0.1,10,3290,1,4,roc_auc,test,0.706332683134089
sup,HIV,classification,0.1,10,3290,1,4,roc_auc,train,0.9323711613310782
sup,HIV,classification,0.1,10,3290,1,4,nef1,test,0.5714285714285714
sup,HIV,classification,0.1,10,3290,2,0,roc_auc,test,0.7092914115761216
sup,HIV,classification,0.1,10,3290,2,0,roc_auc,train,0.9460686465433301
sup,HIV,classification,0.1,10,3290,2,0,nef1,test,0.6190476190476191
sup,HIV,classification,0.1,10,3290,2,1,roc_auc,test,0.7090557948202939
sup,HIV,classification,0.1,10,3290,2,1,roc_auc,train,0.9459639727361246
sup,HIV,classification,0.1,10,3290,2,1,nef1,test,0.6190476190476191
sup,HIV,classification,0.1,10,3290,2,2,roc_auc,test,0.6721508719751251
sup,HIV,classification,0.1,10,3290,2,2,roc_auc,train,0.9090043816942551
sup,HIV,classification,0.1,10,3290,2,2,nef1,test,0.4523809523809524
sup,HIV,classification,0.1,10,3290,2,3,roc_auc,test,0.6981363100871008
sup,HIV,classification,0.1,10,3290,2,3,roc_auc,train,0.9354892891918208
sup,HIV,classification,0.1,10,3290,2,3,nef1,test,0.6190476190476191
sup,HIV,classification,0.1,10,3290,2,4,roc_auc,test,0.708269761872574
sup,HIV,classification,0.1,10,3290,2,4,roc_auc,train,0.9162828627069133
sup,HIV,classification,0.1,10,3290,2,4,nef1,test,0.6190476190476191
sup,HIV,classification,0.25,25,8225,0,0,roc_auc,test,0.7345043357345641
sup,HIV,classification,0.25,25,8225,0,0,roc_auc,train,0.879814090431125
sup,HIV,classification,0.25,25,8225,0,0,nef1,test,0.5
sup,HIV,classification,0.25,25,8225,0,1,roc_auc,test,0.73846733231619
sup,HIV,classification,0.25,25,8225,0,1,roc_auc,train,0.8876807570977918
sup,HIV,classification,0.25,25,8225,0,1,nef1,test,0.5476190476190477
sup,HIV,classification,0.25,25,8225,0,2,roc_auc,test,0.7314934626006683
sup,HIV,classification,0.25,25,8225,0,2,roc_auc,train,0.9267007360672975
sup,HIV,classification,0.25,25,8225,0,2,nef1,test,0.6428571428571429
sup,HIV,classification,0.25,25,8225,0,3,roc_auc,test,0.7339075687054597
sup,HIV,classification,0.25,25,8225,0,3,roc_auc,train,0.8372281808622503
sup,HIV,classification,0.25,25,8225,0,3,nef1,test,0.4523809523809524
sup,HIV,classification,0.25,25,8225,0,4,roc_auc,test,0.7494872438633423
sup,HIV,classification,0.25,25,8225,0,4,roc_auc,train,0.9171209253417455
sup,HIV,classification,0.25,25,8225,0,4,nef1,test,0.5
sup,HIV,classification,0.25,25,8225,1,0,roc_auc,test,0.6720948647134939
sup,HIV,classification,0.25,25,8225,1,0,roc_auc,train,0.8279395588740635
sup,HIV,classification,0.25,25,8225,1,0,nef1,test,0.5952380952380952
sup,HIV,classification,0.25,25,8225,1,1,roc_auc,test,0.7074412406574094
sup,HIV,classification,0.25,25,8225,1,1,roc_auc,train,0.9163598735298536
sup,HIV,classification,0.25,25,8225,1,1,nef1,test,0.6666666666666666
sup,HIV,classification,0.25,25,8225,1,2,roc_auc,test,0.7152899824253076
sup,HIV,classification,0.25,25,8225,1,2,roc_auc,train,0.851955763077417
sup,HIV,classification,0.25,25,8225,1,2,nef1,test,0.6428571428571429
sup,HIV,classification,0.25,25,8225,1,3,roc_auc,test,0.6648004017072557
sup,HIV,classification,0.25,25,8225,1,3,roc_auc,train,0.8747860938096282
sup,HIV,classification,0.25,25,8225,1,3,nef1,test,0.6428571428571429
sup,HIV,classification,0.25,25,8225,1,4,roc_auc,test,0.6537128951891694
sup,HIV,classification,0.25,25,8225,1,4,roc_auc,train,0.874799908134738
sup,HIV,classification,0.25,25,8225,1,4,nef1,test,0.6428571428571429
sup,HIV,classification,0.25,25,8225,2,0,roc_auc,test,0.7120937059425636
sup,HIV,classification,0.25,25,8225,2,0,roc_auc,train,0.8318735559493845
sup,HIV,classification,0.25,25,8225,2,0,nef1,test,0.6428571428571429
sup,HIV,classification,0.25,25,8225,2,1,roc_auc,test,0.697081828540528
sup,HIV,classification,0.25,25,8225,2,1,roc_auc,train,0.8478457035302118
sup,HIV,classification,0.25,25,8225,2,1,nef1,test,0.6190476190476191
sup,HIV,classification,0.25,25,8225,2,2,roc_auc,test,0.6714498155622937
sup,HIV,classification,0.25,25,8225,2,2,roc_auc,train,0.8863165033998982
sup,HIV,classification,0.25,25,8225,2,2,nef1,test,0.5714285714285714
sup,HIV,classification,0.25,25,8225,2,3,roc_auc,test,0.6906294057436413
sup,HIV,classification,0.25,25,8225,2,3,roc_auc,train,0.8789026340149794
sup,HIV,classification,0.25,25,8225,2,3,nef1,test,0.6428571428571429
sup,HIV,classification,0.25,25,8225,2,4,roc_auc,test,0.7002491357500145
sup,HIV,classification,0.25,25,8225,2,4,roc_auc,train,0.8037520111516328
sup,HIV,classification,0.25,25,8225,2,4,nef1,test,0.5714285714285714
sup,HIV,classification,0.5,50,16450,0,0,roc_auc,test,0.7547886208694644
sup,HIV,classification,0.5,50,16450,0,0,roc_auc,train,0.893283535782626
sup,HIV,classification,0.5,50,16450,0,0,nef1,test,0.6190476190476191
sup,HIV,classification,0.5,50,16450,0,1,roc_auc,test,0.7496900287761449
sup,HIV,classification,0.5,50,16450,0,1,roc_auc,train,0.918476146313567
sup,HIV,classification,0.5,50,16450,0,1,nef1,test,0.6190476190476191
sup,HIV,classification,0.5,50,16450,0,2,roc_auc,test,0.7403715792116494
sup,HIV,classification,0.5,50,16450,0,2,roc_auc,train,0.8299747728000724
sup,HIV,classification,0.5,50,16450,0,2,nef1,test,0.5952380952380952
sup,HIV,classification,0.5,50,16450,0,3,roc_auc,test,0.7519573572297649
sup,HIV,classification,0.5,50,16450,0,3,roc_auc,train,0.8966285400675185
sup,HIV,classification,0.5,50,16450,0,3,nef1,test,0.7142857142857143
sup,HIV,classification,0.5,50,16450,0,4,roc_auc,test,0.7433109948048437
sup,HIV,classification,0.5,50,16450,0,4,roc_auc,train,0.8435611733394156
sup,HIV,classification,0.5,50,16450,0,4,nef1,test,0.6666666666666666
sup,HIV,classification,0.5,50,16450,1,0,roc_auc,test,0.7229282141408678
sup,HIV,classification,0.5,50,16450,1,0,roc_auc,train,0.8676012267438307
sup,HIV,classification,0.5,50,16450,1,0,nef1,test,0.5476190476190477
sup,HIV,classification,0.5,50,16450,1,1,roc_auc,test,0.7515962069564882
sup,HIV,classification,0.5,50,16450,1,1,roc_auc,train,0.8491069427179916
sup,HIV,classification,0.5,50,16450,1,1,nef1,test,0.6666666666666666
sup,HIV,classification,0.5,50,16450,1,2,roc_auc,test,0.754760617238649
sup,HIV,classification,0.5,50,16450,1,2,roc_auc,train,0.9384086972469585
sup,HIV,classification,0.5,50,16450,1,2,nef1,test,0.5238095238095238
sup,HIV,classification,0.5,50,16450,1,3,roc_auc,test,0.7490990556016919
sup,HIV,classification,0.5,50,16450,1,3,roc_auc,train,0.8811052921158273
sup,HIV,classification,0.5,50,16450,1,3,nef1,test,0.6190476190476191
sup,HIV,classification,0.5,50,16450,1,4,roc_auc,test,0.7458796037003419
sup,HIV,classification,0.5,50,16450,1,4,roc_auc,train,0.8515833554092882
sup,HIV,classification,0.5,50,16450,1,4,nef1,test,0.6666666666666666
sup,HIV,classification,0.5,50,16450,2,0,roc_auc,test,0.7419938585140693
sup,HIV,classification,0.5,50,16450,2,0,roc_auc,train,0.8669691421947704
sup,HIV,classification,0.5,50,16450,2,0,nef1,test,0.6190476190476191
sup,HIV,classification,0.5,50,16450,2,1,roc_auc,test,0.7492458332528631
sup,HIV,classification,0.5,50,16450,2,1,roc_auc,train,0.9183178079836346
sup,HIV,classification,0.5,50,16450,2,1,nef1,test,0.5952380952380952
sup,HIV,classification,0.5,50,16450,2,2,roc_auc,test,0.7472933042353078
sup,HIV,classification,0.5,50,16450,2,2,roc_auc,train,0.928438795216582
sup,HIV,classification,0.5,50,16450,2,2,nef1,test,0.6666666666666666
sup,HIV,classification,0.5,50,16450,2,3,roc_auc,test,0.7027308368257403
sup,HIV,classification,0.5,50,16450,2,3,roc_auc,train,0.9417234255025946
sup,HIV,classification,0.5,50,16450,2,3,nef1,test,0.3333333333333333
sup,HIV,classification,0.5,50,16450,2,4,roc_auc,test,0.7527318024681822
sup,HIV,classification,0.5,50,16450,2,4,roc_auc,train,0.8638123492176668
sup,HIV,classification,0.5,50,16450,2,4,nef1,test,0.5952380952380952
sup,HIV,classification,1.0,100,32901,0,0,roc_auc,test,0.7687035284574827
sup,HIV,classification,1.0,100,32901,0,0,roc_auc,train,0.893305571879256
sup,HIV,classification,1.0,100,32901,0,0,nef1,test,0.7142857142857143
sup,HIV,classification,1.0,100,32901,0,1,roc_auc,test,0.7738349523938277
sup,HIV,classification,1.0,100,32901,0,1,roc_auc,train,0.8957025372634879
sup,HIV,classification,1.0,100,32901,0,1,nef1,test,0.6428571428571429
sup,HIV,classification,1.0,100,32901,0,2,roc_auc,test,0.766175476544545
sup,HIV,classification,1.0,100,32901,0,2,roc_auc,train,0.8956694612659437
sup,HIV,classification,1.0,100,32901,0,2,nef1,test,0.6666666666666666
sup,HIV,classification,1.0,100,32901,0,3,roc_auc,test,0.764787848355511
sup,HIV,classification,1.0,100,32901,0,3,roc_auc,train,0.8816290911715461
sup,HIV,classification,1.0,100,32901,0,3,nef1,test,0.6428571428571429
sup,HIV,classification,1.0,100,32901,0,4,roc_auc,test,0.7480619556190735
sup,HIV,classification,1.0,100,32901,0,4,roc_auc,train,0.9199780383578023
sup,HIV,classification,1.0,100,32901,0,4,nef1,test,0.4523809523809524
unsup,HIV,classification,0.05,5,1645,0,0,roc_auc,test,0.6868151180980706
unsup,HIV,classification,0.05,5,1645,0,0,roc_auc,train,0.9590360272638754
unsup,HIV,classification,0.05,5,1645,0,0,nef1,test,0.4523809523809524
unsup,HIV,classification,0.05,5,1645,0,1,roc_auc,test,0.6849591533247069
unsup,HIV,classification,0.05,5,1645,0,1,roc_auc,train,0.967653359298929
unsup,HIV,classification,0.05,5,1645,0,1,nef1,test,0.40476190476190477
unsup,HIV,classification,0.05,5,1645,0,2,roc_auc,test,0.6772629830626316
unsup,HIV,classification,0.05,5,1645,0,2,roc_auc,train,0.9726387536514118
unsup,HIV,classification,0.05,5,1645,0,2,nef1,test,0.5238095238095238
unsup,HIV,classification,0.05,5,1645,0,3,roc_auc,test,0.6946252341682921
unsup,HIV,classification,0.05,5,1645,0,3,roc_auc,train,0.9310223953261928
unsup,HIV,classification,0.05,5,1645,0,3,nef1,test,0.47619047619047616
unsup,HIV,classification,0.05,5,1645,0,4,roc_auc,test,0.6650804380154116
unsup,HIV,classification,0.05,5,1645,0,4,roc_auc,train,0.9685004868549173
unsup,HIV,classification,0.05,5,1645,0,4,nef1,test,0.4523809523809524
unsup,HIV,classification,0.05,5,1645,1,0,roc_auc,test,0.6628227659862107
unsup,HIV,classification,0.05,5,1645,1,0,roc_auc,train,0.9400973709834469
unsup,HIV,classification,0.05,5,1645,1,0,nef1,test,0.5238095238095238
unsup,HIV,classification,0.05,5,1645,1,1,roc_auc,test,0.6755190328125301
unsup,HIV,classification,0.05,5,1645,1,1,roc_auc,train,0.966222005842259
unsup,HIV,classification,0.05,5,1645,1,1,nef1,test,0.6428571428571429
unsup,HIV,classification,0.05,5,1645,1,2,roc_auc,test,0.6596863593348656
unsup,HIV,classification,0.05,5,1645,1,2,roc_auc,train,0.9871372930866602
unsup,HIV,classification,0.05,5,1645,1,2,nef1,test,0.5
unsup,HIV,classification,0.05,5,1645,1,3,roc_auc,test,0.6540083817763959
unsup,HIV,classification,0.05,5,1645,1,3,roc_auc,train,0.9898539435248295
unsup,HIV,classification,0.05,5,1645,1,3,nef1,test,0.5714285714285714
unsup,HIV,classification,0.05,5,1645,1,4,roc_auc,test,0.675914946213716
unsup,HIV,classification,0.05,5,1645,1,4,roc_auc,train,0.9637000973709835
unsup,HIV,classification,0.05,5,1645,1,4,nef1,test,0.6666666666666666
unsup,HIV,classification,0.05,5,1645,2,0,roc_auc,test,0.6597056721837038
unsup,HIV,classification,0.05,5,1645,2,0,roc_auc,train,0.9782579875381148
unsup,HIV,classification,0.05,5,1645,2,0,nef1,test,0.35714285714285715
unsup,HIV,classification,0.05,5,1645,2,1,roc_auc,test,0.6075822244539292
unsup,HIV,classification,0.05,5,1645,2,1,roc_auc,train,0.9731649653100005
unsup,HIV,classification,0.05,5,1645,2,1,nef1,test,0.23809523809523808
unsup,HIV,classification,0.05,5,1645,2,2,roc_auc,test,0.6176654628324223
unsup,HIV,classification,0.05,5,1645,2,2,roc_auc,train,0.9852954173847718
unsup,HIV,classification,0.05,5,1645,2,2,nef1,test,0.35714285714285715
unsup,HIV,classification,0.05,5,1645,2,3,roc_auc,test,0.653797871724058
unsup,HIV,classification,0.05,5,1645,2,3,roc_auc,train,0.9467718414423969
unsup,HIV,classification,0.05,5,1645,2,3,nef1,test,0.40476190476190477
unsup,HIV,classification,0.05,5,1645,2,4,roc_auc,test,0.5923868749879295
unsup,HIV,classification,0.05,5,1645,2,4,roc_auc,train,0.9810862168014495
unsup,HIV,classification,0.05,5,1645,2,4,nef1,test,0.23809523809523808
unsup,HIV,classification,0.1,10,3290,0,0,roc_auc,test,0.6906100928948029
unsup,HIV,classification,0.1,10,3290,0,0,roc_auc,train,0.9420684490452998
unsup,HIV,classification,0.1,10,3290,0,0,nef1,test,0.5238095238095238
unsup,HIV,classification,0.1,10,3290,0,1,roc_auc,test,0.6921840900751269
unsup,HIV,classification,0.1,10,3290,0,1,roc_auc,train,0.9549344853585475
unsup,HIV,classification,0.1,10,3290,0,1,nef1,test,0.5952380952380952
unsup,HIV,classification,0.1,10,3290,0,2,roc_auc,test,0.6979335251742985
unsup,HIV,classification,0.1,10,3290,0,2,roc_auc,train,0.9172915860045239
unsup,HIV,classification,0.1,10,3290,0,2,nef1,test,0.5952380952380952
unsup,HIV,classification,0.1,10,3290,0,3,roc_auc,test,0.726713532513181
unsup,HIV,classification,0.1,10,3290,0,3,roc_auc,train,0.9475730034846045
unsup,HIV,classification,0.1,10,3290,0,3,nef1,test,0.5952380952380952
unsup,HIV,classification,0.1,10,3290,0,4,roc_auc,test,0.6668070067015586
unsup,HIV,classification,0.1,10,3290,0,4,roc_auc,train,0.9156970228027632
unsup,HIV,classification,0.1,10,3290,0,4,nef1,test,0.40476190476190477
unsup,HIV,classification,0.1,10,3290,1,0,roc_auc,test,0.6296413603970722
unsup,HIV,classification,0.1,10,3290,1,0,roc_auc,train,0.9479117844843395
unsup,HIV,classification,0.1,10,3290,1,0,nef1,test,0.40476190476190477
unsup,HIV,classification,0.1,10,3290,1,1,roc_auc,test,0.6540856331717493
unsup,HIV,classification,0.1,10,3290,1,1,roc_auc,train,0.9779181016037332
unsup,HIV,classification,0.1,10,3290,1,1,nef1,test,0.6190476190476191
unsup,HIV,classification,0.1,10,3290,1,2,roc_auc,test,0.6503408717819965
unsup,HIV,classification,0.1,10,3290,1,2,roc_auc,train,0.9773424286267397
unsup,HIV,classification,0.1,10,3290,1,2,nef1,test,0.5476190476190477
unsup,HIV,classification,0.1,10,3290,1,3,roc_auc,test,0.671005620039012
unsup,HIV,classification,0.1,10,3290,1,3,roc_auc,train,0.9047337639842683
unsup,HIV,classification,0.1,10,3290,1,3,nef1,test,0.5714285714285714
unsup,HIV,classification,0.1,10,3290,1,4,roc_auc,test,0.6448502288572588
unsup,HIV,classification,0.1,10,3290,1,4,roc_auc,train,0.9049400892547838
unsup,HIV,classification,0.1,10,3290,1,4,nef1,test,0.47619047619047616
unsup,HIV,classification,0.1,10,3290,2,0,roc_auc,test,0.704517275343286
unsup,HIV,classification,0.1,10,3290,2,0,roc_auc,train,0.9451655306718599
unsup,HIV,classification,0.1,10,3290,2,0,nef1,test,0.6428571428571429
unsup,HIV,classification,0.1,10,3290,2,1,roc_auc,test,0.6504828212209584
unsup,HIV,classification,0.1,10,3290,2,1,roc_auc,train,0.95011441090555
unsup,HIV,classification,0.1,10,3290,2,1,nef1,test,0.38095238095238093
unsup,HIV,classification,0.1,10,3290,2,2,roc_auc,test,0.6649896676258715
unsup,HIV,classification,0.1,10,3290,2,2,roc_auc,train,0.8837512171372931
unsup,HIV,classification,0.1,10,3290,2,2,nef1,test,0.40476190476190477
unsup,HIV,classification,0.1,10,3290,2,3,roc_auc,test,0.6193379555418219
unsup,HIV,classification,0.1,10,3290,2,3,roc_auc,train,0.9514581304771178
unsup,HIV,classification,0.1,10,3290,2,3,nef1,test,0.2857142857142857
unsup,HIV,classification,0.1,10,3290,2,4,roc_auc,test,0.6375055524440411
unsup,HIV,classification,0.1,10,3290,2,4,roc_auc,train,0.9644644595910419
unsup,HIV,classification,0.1,10,3290,2,4,nef1,test,0.2619047619047619
unsup,HIV,classification,0.25,25,8225,0,0,roc_auc,test,0.7509241198169141
unsup,HIV,classification,0.25,25,8225,0,0,roc_auc,train,0.9041219768664562
unsup,HIV,classification,0.25,25,8225,0,0,nef1,test,0.6428571428571429
unsup,HIV,classification,0.25,25,8225,0,1,roc_auc,test,0.7457096506305644
unsup,HIV,classification,0.25,25,8225,0,1,roc_auc,train,0.919051945320715
unsup,HIV,classification,0.25,25,8225,0,1,nef1,test,0.6428571428571429
unsup,HIV,classification,0.25,25,8225,0,2,roc_auc,test,0.7445045288630527
unsup,HIV,classification,0.25,25,8225,0,2,roc_auc,train,0.975591167192429
unsup,HIV,classification,0.25,25,8225,0,2,nef1,test,0.5238095238095238
unsup,HIV,classification,0.25,25,8225,0,3,roc_auc,test,0.7511790494215802
unsup,HIV,classification,0.25,25,8225,0,3,roc_auc,train,0.9514065194532072
unsup,HIV,classification,0.25,25,8225,0,3,nef1,test,0.5
unsup,HIV,classification,0.25,25,8225,0,4,roc_auc,test,0.7437242897699841
unsup,HIV,classification,0.25,25,8225,0,4,roc_auc,train,0.8773421661409043
unsup,HIV,classification,0.25,25,8225,0,4,nef1,test,0.6428571428571429
unsup,HIV,classification,0.25,25,8225,1,0,roc_auc,test,0.6587747928696962
unsup,HIV,classification,0.25,25,8225,1,0,roc_auc,train,0.9190903612273337
unsup,HIV,classification,0.25,25,8225,1,0,nef1,test,0.4523809523809524
unsup,HIV,classification,0.25,25,8225,1,1,roc_auc,test,0.6806118310511983
unsup,HIV,classification,0.25,25,8225,1,1,roc_auc,train,0.9519131976881726
unsup,HIV,classification,0.25,25,8225,1,1,nef1,test,0.6190476190476191
unsup,HIV,classification,0.25,25,8225,1,2,roc_auc,test,0.6832712103362366
unsup,HIV,classification,0.25,25,8225,1,2,roc_auc,train,0.869222374371664
unsup,HIV,classification,0.25,25,8225,1,2,nef1,test,0.6904761904761905
unsup,HIV,classification,0.25,25,8225,1,3,roc_auc,test,0.6344541223275845
unsup,HIV,classification,0.25,25,8225,1,3,roc_auc,train,0.9034788787603024
unsup,HIV,classification,0.25,25,8225,1,3,nef1,test,0.5
unsup,HIV,classification,0.25,25,8225,1,4,roc_auc,test,0.6519013499681338
unsup,HIV,classification,0.25,25,8225,1,4,roc_auc,train,0.888708775031989
unsup,HIV,classification,0.25,25,8225,1,4,nef1,test,0.42857142857142855
unsup,HIV,classification,0.25,25,8225,2,0,roc_auc,test,0.6549662990787772
unsup,HIV,classification,0.25,25,8225,2,0,roc_auc,train,0.9196485036032006
unsup,HIV,classification,0.25,25,8225,2,0,nef1,test,0.5714285714285714
unsup,HIV,classification,0.25,25,8225,2,1,roc_auc,test,0.7129067768786573
unsup,HIV,classification,0.25,25,8225,2,1,roc_auc,train,0.9126820659849374
unsup,HIV,classification,0.25,25,8225,2,1,nef1,test,0.5714285714285714
unsup,HIV,classification,0.25,25,8225,2,2,roc_auc,test,0.6515479248343923
unsup,HIV,classification,0.25,25,8225,2,2,roc_auc,train,0.8848454777313126
unsup,HIV,classification,0.25,25,8225,2,2,nef1,test,0.6190476190476191
unsup,HIV,classification,0.25,25,8225,2,3,roc_auc,test,0.6735684350798586
unsup,HIV,classification,0.25,25,8225,2,3,roc_auc,train,0.9645499894599406
unsup,HIV,classification,0.25,25,8225,2,3,nef1,test,0.5952380952380952
unsup,HIV,classification,0.25,25,8225,2,4,roc_auc,test,0.6960717665462832
unsup,HIV,classification,0.25,25,8225,2,4,roc_auc,train,0.9279674432982303
unsup,HIV,classification,0.25,25,8225,2,4,nef1,test,0.6190476190476191
unsup,HIV,classification,0.5,50,16450,0,0,roc_auc,test,0.7576546476370729
unsup,HIV,classification,0.5,50,16450,0,0,roc_auc,train,0.9489130334523489
unsup,HIV,classification,0.5,50,16450,0,0,nef1,test,0.6666666666666666
unsup,HIV,classification,0.5,50,16450,0,1,roc_auc,test,0.7455976361073022
unsup,HIV,classification,0.5,50,16450,0,1,roc_auc,train,0.928227473707866
unsup,HIV,classification,0.5,50,16450,0,1,nef1,test,0.5714285714285714
unsup,HIV,classification,0.5,50,16450,0,2,roc_auc,test,0.747488364008575
unsup,HIV,classification,0.5,50,16450,0,2,roc_auc,train,0.9483134839111089
unsup,HIV,classification,0.5,50,16450,0,2,nef1,test,0.6428571428571429
unsup,HIV,classification,0.5,50,16450,0,3,roc_auc,test,0.7511326985843682
unsup,HIV,classification,0.5,50,16450,0,3,roc_auc,train,0.9595834430411165
unsup,HIV,classification,0.5,50,16450,0,3,nef1,test,0.5
unsup,HIV,classification,0.5,50,16450,0,4,roc_auc,test,0.754759651596207
unsup,HIV,classification,0.5,50,16450,0,4,roc_auc,train,0.9713035884088207
unsup,HIV,classification,0.5,50,16450,0,4,nef1,test,0.6428571428571429
unsup,HIV,classification,0.5,50,16450,1,0,roc_auc,test,0.770391471445953
unsup,HIV,classification,0.5,50,16450,1,0,roc_auc,train,0.910280194811811
unsup,HIV,classification,0.5,50,16450,1,0,nef1,test,0.6904761904761905
unsup,HIV,classification,0.5,50,16450,1,1,roc_auc,test,0.7694045848703143
unsup,HIV,classification,0.5,50,16450,1,1,roc_auc,train,0.9695848022334073
unsup,HIV,classification,0.5,50,16450,1,1,nef1,test,0.4523809523809524
unsup,HIV,classification,0.5,50,16450,1,2,roc_auc,test,0.746343112072462
unsup,HIV,classification,0.5,50,16450,1,2,roc_auc,train,0.9306030811240398
unsup,HIV,classification,0.5,50,16450,1,2,nef1,test,0.5238095238095238
unsup,HIV,classification,0.5,50,16450,1,3,roc_auc,test,0.760213600108152
unsup,HIV,classification,0.5,50,16450,1,3,roc_auc,train,0.9426033664133028
unsup,HIV,classification,0.5,50,16450,1,3,nef1,test,0.6428571428571429
unsup,HIV,classification,0.5,50,16450,1,4,roc_auc,test,0.7609416945093571
unsup,HIV,classification,0.5,50,16450,1,4,roc_auc,train,0.9178085199600593
unsup,HIV,classification,0.5,50,16450,1,4,nef1,test,0.6428571428571429
unsup,HIV,classification,0.5,50,16450,2,0,roc_auc,test,0.7344869541706097
unsup,HIV,classification,0.5,50,16450,2,0,roc_auc,train,0.8797554542737076
unsup,HIV,classification,0.5,50,16450,2,0,nef1,test,0.6190476190476191
unsup,HIV,classification,0.5,50,16450,2,1,roc_auc,test,0.7569748353579637
unsup,HIV,classification,0.5,50,16450,2,1,roc_auc,train,0.9194869868908406
unsup,HIV,classification,0.5,50,16450,2,1,nef1,test,0.5952380952380952
unsup,HIV,classification,0.5,50,16450,2,2,roc_auc,test,0.7307866123331852
unsup,HIV,classification,0.5,50,16450,2,2,roc_auc,train,0.9360675461171437
unsup,HIV,classification,0.5,50,16450,2,2,nef1,test,0.40476190476190477
unsup,HIV,classification,0.5,50,16450,2,3,roc_auc,test,0.7517912667297553
unsup,HIV,classification,0.5,50,16450,2,3,roc_auc,train,0.9363394643498718
unsup,HIV,classification,0.5,50,16450,2,3,nef1,test,0.6190476190476191
unsup,HIV,classification,0.5,50,16450,2,4,roc_auc,test,0.7265068850306108
unsup,HIV,classification,0.5,50,16450,2,4,roc_auc,train,0.9274192755776625
unsup,HIV,classification,0.5,50,16450,2,4,nef1,test,0.35714285714285715
unsup,HIV,classification,1.0,100,32901,0,0,roc_auc,test,0.7726066552077097
unsup,HIV,classification,1.0,100,32901,0,0,roc_auc,train,0.8892642385954063
unsup,HIV,classification,1.0,100,32901,0,0,nef1,test,0.6666666666666666
unsup,HIV,classification,1.0,100,32901,0,1,roc_auc,test,0.7485216014214258
unsup,HIV,classification,1.0,100,32901,0,1,roc_auc,train,0.8806192031783304
unsup,HIV,classification,1.0,100,32901,0,1,nef1,test,0.5476190476190477
unsup,HIV,classification,1.0,100,32901,0,2,roc_auc,test,0.7508314181424902
unsup,HIV,classification,1.0,100,32901,0,2,roc_auc,train,0.907362858020441
unsup,HIV,classification,1.0,100,32901,0,2,nef1,test,0.4523809523809524
unsup,HIV,classification,1.0,100,32901,0,3,roc_auc,test,0.7611386855675081
unsup,HIV,classification,1.0,100,32901,0,3,roc_auc,train,0.9289123125445712
unsup,HIV,classification,1.0,100,32901,0,3,nef1,test,0.4523809523809524
unsup,HIV,classification,1.0,100,32901,0,4,roc_auc,test,0.7643755190328124
unsup,HIV,classification,1.0,100,32901,0,4,roc_auc,train,0.939237431787323
unsup,HIV,classification,1.0,100,32901,0,4,nef1,test,0.5714285714285714
